epoch,step,test_RMSE,train_loss,val_RMSE,val_loss
0,9,,0.00038666746695525944,,
0,19,,0.0002468902384862304,,
0,29,,0.00018640562484506518,,
0,39,,0.00022199896920938045,,
0,49,,0.00031545376987196505,,
0,59,,0.00015984980564098805,,
0,60,,,11.158503532409668,0.0001230487832799554
1,69,,0.00019248193711973727,,
1,79,,0.00019342747691553086,,
1,89,,0.0001492898300057277,,
1,99,,0.0001655330415815115,,
1,109,,9.435879474040121e-05,,
1,119,,6.971374386921525e-05,,
1,121,,,5.302392959594727,5.38896129000932e-05
2,129,,0.00013044809747952968,,
2,139,,5.9061640058644116e-05,,
2,149,,8.759536285651848e-05,,
2,159,,5.0003429350908846e-05,,
2,169,,5.077389141661115e-05,,
2,179,,5.807451452710666e-05,,
2,182,,,3.7565581798553467,3.5435674362815917e-05
3,189,,7.045404345262796e-05,,
3,199,,4.280380380805582e-05,,
3,209,,7.658753747818992e-05,,
3,219,,5.015184069634415e-05,,
3,229,,4.1611510823713616e-05,,
3,239,,8.461275865556672e-05,,
3,243,,,3.194125175476074,3.1486557418247685e-05
4,249,,4.446908496902324e-05,,
4,259,,3.886596823576838e-05,,
4,269,,7.318974530790001e-05,,
4,279,,4.6636167098768055e-05,,
4,289,,4.0646380512043834e-05,,
4,299,,2.579752981546335e-05,,
4,304,,,3.0408217906951904,2.972421316371765e-05
5,309,,3.5675711842486635e-05,,
5,319,,7.356853893725201e-05,,
5,329,,7.972917228471488e-05,,
5,339,,3.781444320338778e-05,,
5,349,,3.840816134470515e-05,,
5,359,,4.474704837775789e-05,,
5,365,,,2.737762451171875,2.6977369998348877e-05
6,369,,4.7579607780789956e-05,,
6,379,,2.696943556657061e-05,,
6,389,,5.8225003158440813e-05,,
6,399,,4.210708357277326e-05,,
6,409,,3.896392445312813e-05,,
6,419,,4.119845470995642e-05,,
6,426,,,2.7600252628326416,2.712884815991856e-05
7,429,,0.0001815204304875806,,
7,439,,3.307150473119691e-05,,
7,449,,4.0437342249788344e-05,,
7,459,,3.1944036891218275e-05,,
7,469,,2.8791035219910555e-05,,
7,479,,4.626414010999724e-05,,
7,487,,,2.689168691635132,2.64606987911975e-05
8,489,,3.890194420819171e-05,,
8,499,,4.979857476428151e-05,,
8,509,,4.660350168705918e-05,,
8,519,,3.942648254451342e-05,,
8,529,,3.803547588177025e-05,,
8,539,,3.712223769980483e-05,,
8,548,,,2.755692958831787,2.6771942430059426e-05
9,549,,3.911605745088309e-05,,
9,559,,4.7764606279088184e-05,,
9,569,,4.845678267884068e-05,,
9,579,,8.980050915852189e-05,,
9,589,,4.116138370591216e-05,,
9,599,,3.867430132231675e-05,,
9,609,,3.800537160714157e-05,,
9,609,,,2.7569832801818848,2.7377176593290642e-05
10,619,,3.302428012830205e-05,,
10,629,,4.5680277253268287e-05,,
10,639,,6.855142419226468e-05,,
10,649,,3.685881893034093e-05,,
10,659,,3.094077328569256e-05,,
10,669,,5.8577868912834674e-05,,
10,670,,,2.6343977451324463,2.6269493901054375e-05
11,679,,4.6695186028955504e-05,,
11,689,,3.5979566746391356e-05,,
11,699,,3.838002885458991e-05,,
11,709,,3.5700955777429044e-05,,
11,719,,3.5764125641435385e-05,,
11,729,,3.3353200706187636e-05,,
11,731,,,2.750983476638794,2.7283007511869073e-05
12,739,,3.221991573809646e-05,,
12,749,,3.444486719672568e-05,,
12,759,,3.8346785004250705e-05,,
12,769,,4.212463682051748e-05,,
12,779,,3.9629347156733274e-05,,
12,789,,4.100005025975406e-05,,
12,792,,,2.6262362003326416,2.5626322894822806e-05
13,799,,3.1873787520453334e-05,,
13,809,,4.825783980777487e-05,,
13,819,,4.903495209873654e-05,,
13,829,,3.632423249655403e-05,,
13,839,,3.228910645702854e-05,,
13,849,,3.806081076618284e-05,,
13,853,,,2.6825621128082275,2.609696821309626e-05
14,859,,3.7269495805958286e-05,,
14,869,,4.214670116198249e-05,,
14,879,,3.5012533771805465e-05,,
14,889,,4.810269456356764e-05,,
14,899,,4.144254853599705e-05,,
14,909,,4.6518533054040745e-05,,
14,914,,,2.655663251876831,2.603535722300876e-05
15,919,,3.328841194161214e-05,,
15,929,,4.356618956080638e-05,,
15,939,,3.7474081182153895e-05,,
15,949,,3.2798889151308686e-05,,
15,959,,3.956554792239331e-05,,
15,969,,2.8386712074279785e-05,,
15,975,,,2.875905990600586,2.8602764359675348e-05
16,979,,3.43137035088148e-05,,
16,989,,5.116905958857387e-05,,
16,999,,3.0991188396001235e-05,,
16,1009,,4.096413613297045e-05,,
16,1019,,4.605539652402513e-05,,
16,1029,,2.9171151254558936e-05,,
16,1036,,,2.8007473945617676,2.7676533136400394e-05
17,1039,,3.327478043502197e-05,,
17,1049,,2.9205304599599913e-05,,
17,1059,,3.375024607521482e-05,,
17,1069,,3.780042243306525e-05,,
17,1079,,4.256428292137571e-05,,
17,1089,,3.048235703317914e-05,,
17,1097,,,2.861576795578003,2.853719524864573e-05
18,1099,,4.538718349067494e-05,,
18,1109,,3.514688796713017e-05,,
18,1119,,5.20696776220575e-05,,
18,1129,,3.653589737950824e-05,,
18,1139,,5.5415515817003325e-05,,
18,1149,,2.825745104928501e-05,,
18,1158,,,2.615161895751953,2.5481429474893957e-05
19,1159,,3.129009564872831e-05,,
19,1169,,4.172859917161986e-05,,
19,1179,,2.219493399024941e-05,,
19,1189,,3.955650026910007e-05,,
19,1199,,5.148834316059947e-05,,
19,1209,,3.3538297429913655e-05,,
19,1219,,5.138584674568847e-05,,
19,1219,,,2.873176097869873,2.8168347853352316e-05
20,1229,,4.304806134314276e-05,,
20,1239,,3.339816612424329e-05,,
20,1249,,3.3559488656464964e-05,,
20,1259,,2.23726292460924e-05,,
20,1269,,4.4993521441938356e-05,,
20,1279,,3.388170080143027e-05,,
20,1280,,,2.8309590816497803,2.8197684514452703e-05
21,1289,,3.9282345824176446e-05,,
21,1299,,2.7665646484820172e-05,,
21,1309,,4.539544534054585e-05,,
21,1319,,3.2394862500950694e-05,,
21,1329,,5.022767436457798e-05,,
21,1339,,2.647080873430241e-05,,
21,1341,,,2.835878849029541,2.768727790680714e-05
22,1349,,1.9639210222521797e-05,,
22,1359,,3.072476465604268e-05,,
22,1369,,2.8052319976268336e-05,,
22,1379,,2.658971061464399e-05,,
22,1389,,3.6240493500372395e-05,,
22,1399,,2.239388595626224e-05,,
22,1402,,,3.1147117614746094,3.0852337658870965e-05
23,1409,,3.9743928937241435e-05,,
23,1419,,5.6137760111596435e-05,,
23,1429,,3.074781488976441e-05,,
23,1439,,2.9262248062877916e-05,,
23,1449,,3.4869917726609856e-05,,
23,1459,,6.218323687789962e-05,,
23,1463,,,3.009270668029785,3.0013348805368878e-05
24,1469,,3.31157207256183e-05,,
24,1479,,3.696949715958908e-05,,
24,1489,,4.0817503759171814e-05,,
24,1499,,3.378369001438841e-05,,
24,1509,,3.0621409678133205e-05,,
24,1519,,2.568742638686672e-05,,
24,1524,,,3.0344619750976562,3.088745870627463e-05
25,1529,,3.36376360792201e-05,,
25,1539,,3.461185042397119e-05,,
25,1549,,3.480964005575515e-05,,
25,1559,,4.949523281538859e-05,,
25,1569,,2.926938577729743e-05,,
25,1579,,2.7981666789855808e-05,,
25,1585,,,3.2557148933410645,3.3268126571783796e-05
26,1589,,3.028563514817506e-05,,
26,1599,,3.11664589389693e-05,,
26,1609,,3.1630461307941005e-05,,
26,1619,,2.906009103753604e-05,,
26,1629,,3.1984702218323946e-05,,
26,1639,,2.0333161955932155e-05,,
26,1646,,,2.93093204498291,2.9521957912947983e-05
27,1649,,2.989881431858521e-05,,
27,1659,,3.575682785594836e-05,,
27,1669,,2.279928776260931e-05,,
27,1679,,3.419695349293761e-05,,
27,1689,,2.9039281798759475e-05,,
27,1699,,3.355696389917284e-05,,
27,1707,,,2.8419649600982666,2.792345912894234e-05
28,1709,,3.2969601306831464e-05,,
28,1719,,3.004564314323943e-05,,
28,1729,,3.0125620469334535e-05,,
28,1739,,3.232428935007192e-05,,
28,1749,,3.239442594349384e-05,,
28,1759,,4.087283741682768e-05,,
28,1768,,,3.204404354095459,3.2554951758356765e-05
29,1769,,3.760426989174448e-05,,
29,1779,,3.8362333725672215e-05,,
29,1789,,1.8539976736065e-05,,
29,1799,,3.9323513192357495e-05,,
29,1809,,3.26727531501092e-05,,
29,1819,,3.330331310280599e-05,,
29,1829,,3.428883064771071e-05,,
29,1829,,,2.986138105392456,3.029762410733383e-05
30,1839,,3.682710666907951e-05,,
30,1849,,3.085394200752489e-05,,
30,1859,,2.463461714796722e-05,,
30,1869,,2.397384560026694e-05,,
30,1879,,3.8727757782908157e-05,,
30,1889,,4.3720381654566154e-05,,
30,1890,,,2.806415557861328,2.7990330636384897e-05
31,1899,,2.7612153644440696e-05,,
31,1909,,3.090839891228825e-05,,
31,1919,,2.3684915504418314e-05,,
31,1929,,3.0637696909252554e-05,,
31,1939,,0.00018774328054860234,,
31,1949,,2.1913134332862683e-05,,
31,1951,,,2.8353350162506104,2.8404845579643734e-05
32,1959,,4.1404153307667e-05,,
32,1969,,3.140543049084954e-05,,
32,1979,,0.0001769072114257142,,
32,1989,,2.1924523025518283e-05,,
32,1999,,2.7134317861055024e-05,,
32,2009,,2.3750313630443998e-05,,
32,2012,,,2.9318649768829346,2.9484981496352702e-05
33,2019,,2.8582842787727714e-05,,
33,2029,,2.735362431849353e-05,,
33,2039,,3.9456161175621673e-05,,
33,2049,,2.4933333406806923e-05,,
33,2059,,2.5311206627520733e-05,,
33,2069,,2.2544194507645443e-05,,
33,2073,,,2.8474650382995605,2.8380520234350115e-05
34,2079,,3.2729589293012396e-05,,
34,2089,,3.4704924473771825e-05,,
34,2099,,3.025348087248858e-05,,
34,2109,,4.265395909897052e-05,,
34,2119,,4.325687768869102e-05,,
34,2129,,3.247727363486774e-05,,
34,2134,,,2.811307430267334,2.7862201022799127e-05
35,2139,,4.360827733762562e-05,,
35,2149,,3.4110347769455984e-05,,
35,2159,,3.220017970306799e-05,,
35,2169,,4.2764342651935294e-05,,
35,2179,,3.0252636861405335e-05,,
35,2189,,2.1542926333495416e-05,,
35,2195,,,3.21307373046875,3.2473668397869915e-05
36,2199,,3.666101110866293e-05,,
36,2209,,2.4055476387729868e-05,,
36,2219,,2.788160963973496e-05,,
36,2229,,2.6314253773307428e-05,,
36,2239,,4.137893847655505e-05,,
36,2249,,3.126645242446102e-05,,
36,2256,,,2.932271718978882,2.9619253837154247e-05
37,2259,,2.753642365860287e-05,,
37,2269,,2.882674743887037e-05,,
37,2279,,3.704769551404752e-05,,
37,2289,,3.697489228216e-05,,
37,2299,,2.301857603015378e-05,,
37,2309,,3.446407208684832e-05,,
37,2317,,,2.686122179031372,2.6652152882888913e-05
38,2319,,2.1019661289756186e-05,,
38,2329,,3.5588898754213005e-05,,
38,2339,,3.4061824408126995e-05,,
38,2349,,2.4039778509177268e-05,,
38,2359,,2.30897894653026e-05,,
38,2369,,2.068765570584219e-05,,
38,2378,,,2.9574434757232666,2.927479363279417e-05
39,2379,,2.5712146452860907e-05,,
39,2389,,2.471235529810656e-05,,
39,2399,,2.76136943284655e-05,,
39,2409,,2.6334095309721306e-05,,
39,2419,,3.5212164220865816e-05,,
39,2429,,2.639285048644524e-05,,
39,2439,,1.7444750483264215e-05,,
39,2439,,,2.92942476272583,2.9359347536228597e-05
40,2449,,2.6876859919866547e-05,,
40,2459,,1.794964737200644e-05,,
40,2469,,4.38357783423271e-05,,
40,2479,,2.5999112040153705e-05,,
40,2489,,3.222817031200975e-05,,
40,2499,,3.119469329249114e-05,,
40,2500,,,2.924349784851074,2.9425184038700536e-05
41,2509,,3.2431777071906254e-05,,
41,2519,,3.460829611867666e-05,,
41,2529,,3.117034430033527e-05,,
41,2539,,2.937597491836641e-05,,
41,2549,,3.617265974753536e-05,,
41,2559,,2.905278051912319e-05,,
41,2561,,,3.2729239463806152,3.340953480801545e-05
42,2569,,3.357460445840843e-05,,
42,2579,,2.5069753974094056e-05,,
42,2589,,2.5372355594299734e-05,,
42,2599,,1.9879833416780457e-05,,
42,2609,,3.518318771966733e-05,,
42,2619,,4.380603422760032e-05,,
42,2622,,,3.181299924850464,3.1454757845494896e-05
43,2629,,2.2187590730027296e-05,,
43,2639,,2.9789844120386988e-05,,
43,2649,,2.6290372261428274e-05,,
43,2659,,3.205350731150247e-05,,
43,2669,,2.3962880732142366e-05,,
43,2679,,2.418548865534831e-05,,
43,2683,,,2.86806583404541,2.8279631806071848e-05
44,2689,,3.4887507354142144e-05,,
44,2699,,2.4410079277004115e-05,,
44,2709,,3.8781847251811996e-05,,
44,2719,,2.8946500606252812e-05,,
44,2729,,3.814253432210535e-05,,
44,2739,,3.607511825975962e-05,,
44,2744,,,2.8926453590393066,2.8688182283076458e-05
45,2749,,2.1118006770848297e-05,,
45,2759,,2.0821271391469054e-05,,
45,2769,,2.2338332200888544e-05,,
45,2779,,4.035365782328881e-05,,
45,2789,,2.215157110185828e-05,,
45,2799,,3.269869557698257e-05,,
45,2805,,,3.0245766639709473,3.07437039737124e-05
46,2809,,2.474018583598081e-05,,
46,2819,,3.054226181120612e-05,,
46,2829,,2.85425667243544e-05,,
46,2839,,2.470825165801216e-05,,
46,2849,,2.887822120101191e-05,,
46,2859,,2.2297615942079574e-05,,
46,2866,,,3.0319602489471436,3.071008177357726e-05
47,2869,,2.3308146410272457e-05,,
47,2879,,2.17659144254867e-05,,
47,2889,,1.916511610033922e-05,,
47,2899,,2.453883644193411e-05,,
47,2909,,3.2025509426603094e-05,,
47,2919,,4.132164758630097e-05,,
47,2927,,,3.168116807937622,3.160361302434467e-05
48,2929,,0.00016967176634352654,,
48,2939,,2.7594587663770653e-05,,
48,2949,,2.3918497390695848e-05,,
48,2959,,3.3761156373657286e-05,,
48,2969,,1.3188247066864278e-05,,
48,2979,,3.983395072282292e-05,,
48,2988,,,3.075927972793579,3.105032374151051e-05
49,2989,,2.825793853844516e-05,,
49,2990,,2.620954364829231e-05,,
49,2991,,2.2150517906993628e-05,,
49,2992,,3.1076222512638196e-05,,
49,2993,,2.356018558202777e-05,,
49,2994,,2.6565290681901388e-05,,
49,2995,,4.845802686759271e-05,,
49,2996,,2.3861644876888022e-05,,
49,2997,,2.2667974917567335e-05,,
49,2998,,2.2906679078005254e-05,,
49,2999,,3.591517815948464e-05,,
49,3000,,2.612697244330775e-05,,
49,3001,,3.269927765359171e-05,,
49,3002,,1.6000238247215748e-05,,
49,3003,,2.3627882910659537e-05,,
49,3004,,3.833345908788033e-05,,
49,3005,,2.6040544980787672e-05,,
49,3006,,2.904542452597525e-05,,
49,3007,,2.711859269766137e-05,,
49,3008,,3.95782662963029e-05,,
49,3009,,3.299786840216257e-05,,
49,3010,,3.2538900995859876e-05,,
49,3011,,2.713890717132017e-05,,
49,3012,,3.061795359826647e-05,,
49,3013,,3.147176903439686e-05,,
49,3014,,3.0141904062475078e-05,,
49,3015,,2.186983147112187e-05,,
49,3016,,2.7603582566371188e-05,,
49,3017,,4.0209364669863135e-05,,
49,3018,,2.4953591491794214e-05,,
49,3019,,3.133367499685846e-05,,
49,3020,,2.4174738427973352e-05,,
49,3021,,2.556878825998865e-05,,
49,3022,,4.635426012100652e-05,,
49,3023,,2.3151098503149115e-05,,
49,3024,,2.759621202130802e-05,,
49,3025,,3.214715252397582e-05,,
49,3026,,2.0361536371638067e-05,,
49,3027,,2.8660791940637864e-05,,
49,3028,,2.4156475774361752e-05,,
49,3029,,2.7047388357459567e-05,,
49,3030,,2.126978142769076e-05,,
49,3031,,2.902493542933371e-05,,
49,3032,,2.9823968361597508e-05,,
49,3033,,2.4128104996634647e-05,,
49,3034,,2.928803223767318e-05,,
49,3035,,3.0290329959825613e-05,,
49,3036,,3.734005076694302e-05,,
49,3037,,2.4313836547662504e-05,,
49,3038,,2.2037167582311668e-05,,
49,3039,,2.4957389541668817e-05,,
49,3040,,2.5372366508236155e-05,,
49,3041,,0.0001599229290150106,,
49,3042,,3.0566206987714395e-05,,
49,3043,,3.706303323269822e-05,,
49,3044,,2.981969555548858e-05,,
49,3045,,3.0013741707080044e-05,,
49,3046,,2.3340042389463633e-05,,
49,3047,,2.2182039174367674e-05,,
49,3048,,3.997654857812449e-05,,
49,3049,,6.337400554912165e-05,,
49,3049,,,3.0880815982818604,3.11725125357043e-05
50,3050,,2.5975452444981784e-05,,
50,3051,,3.809781264862977e-05,,
50,3052,,2.696053525141906e-05,,
50,3053,,3.336828012834303e-05,,
50,3054,,3.241045487811789e-05,,
50,3055,,2.237261833215598e-05,,
50,3056,,2.085435698973015e-05,,
50,3057,,2.688128370209597e-05,,
50,3058,,2.733863402681891e-05,,
50,3059,,1.765721754054539e-05,,
50,3060,,2.515205051167868e-05,,
50,3061,,3.283883779658936e-05,,
50,3062,,3.31828196067363e-05,,
50,3063,,2.695902185223531e-05,,
50,3064,,1.7727454178384505e-05,,
50,3065,,0.0001620914408704266,,
50,3066,,3.0147959478199482e-05,,
50,3067,,2.0900530216749758e-05,,
50,3068,,3.747272785403766e-05,,
50,3069,,3.0361939934664406e-05,,
50,3070,,2.4793222110019997e-05,,
50,3071,,2.996256444021128e-05,,
50,3072,,3.257249409216456e-05,,
50,3073,,2.7977788704447448e-05,,
50,3074,,2.9704306143685244e-05,,
50,3075,,1.869949119281955e-05,,
50,3076,,2.5485973310424015e-05,,
50,3077,,2.488293102942407e-05,,
50,3078,,2.1304007532307878e-05,,
50,3079,,2.827567186614033e-05,,
50,3080,,2.9375330996117555e-05,,
50,3081,,3.502340041450225e-05,,
50,3082,,2.3472206521546468e-05,,
50,3083,,3.932496110792272e-05,,
50,3084,,2.870228490792215e-05,,
50,3085,,2.4904175006668083e-05,,
50,3086,,2.360737016715575e-05,,
50,3087,,3.1140596547629684e-05,,
50,3088,,1.6064572264440358e-05,,
50,3089,,3.6644571082433686e-05,,
50,3090,,2.929423499153927e-05,,
50,3091,,1.967674688785337e-05,,
50,3092,,2.6709649318945594e-05,,
50,3093,,2.554263483034447e-05,,
50,3094,,2.174152723455336e-05,,
50,3095,,1.906050238176249e-05,,
50,3096,,2.115593451890163e-05,,
50,3097,,2.535293788241688e-05,,
50,3098,,2.7762993340729736e-05,,
50,3099,,3.491140159894712e-05,,
50,3100,,2.3931783289299347e-05,,
50,3101,,2.012520417338237e-05,,
50,3102,,3.365624797879718e-05,,
50,3103,,1.8865974197979085e-05,,
50,3104,,3.008066960319411e-05,,
50,3105,,3.6759916838491336e-05,,
50,3106,,2.9605836971313693e-05,,
50,3107,,3.534345160005614e-05,,
50,3108,,2.5031669792952016e-05,,
50,3109,,2.8665692298091017e-05,,
50,3110,,4.6242323151091114e-05,,
50,3110,,,3.065382957458496,3.1229323212755844e-05
51,3111,,1.9923585568903945e-05,,
51,3112,,2.979118835355621e-05,,
51,3113,,2.4597493393230252e-05,,
51,3114,,2.3866277842898853e-05,,
51,3115,,2.1036128600826487e-05,,
51,3116,,2.137073897756636e-05,,
51,3117,,4.458827606867999e-05,,
51,3118,,3.4736047382466495e-05,,
51,3119,,2.172115637222305e-05,,
51,3120,,2.458657036186196e-05,,
51,3121,,4.913880184176378e-05,,
51,3122,,4.4265110773267224e-05,,
51,3123,,3.0859566322760656e-05,,
51,3124,,2.7767175197368488e-05,,
51,3125,,3.069612284889445e-05,,
51,3126,,2.593152385088615e-05,,
51,3127,,3.5058830690104514e-05,,
51,3128,,2.6831869035959244e-05,,
51,3129,,3.3450109185650945e-05,,
51,3130,,0.00016681222768966109,,
51,3131,,2.9192526199040003e-05,,
51,3132,,2.040255094470922e-05,,
51,3133,,2.5900906621245667e-05,,
51,3134,,2.293206489412114e-05,,
51,3135,,3.97316507587675e-05,,
51,3136,,2.439276795485057e-05,,
51,3137,,2.3129112378228456e-05,,
51,3138,,2.4378961825277656e-05,,
51,3139,,4.080315193277784e-05,,
51,3140,,2.0644147298298776e-05,,
51,3141,,2.4232262148871087e-05,,
51,3142,,2.7432764909463003e-05,,
51,3143,,2.4008129912544973e-05,,
51,3144,,2.699050492083188e-05,,
51,3145,,2.192387546529062e-05,,
51,3146,,2.6918658477370627e-05,,
51,3147,,3.133699647150934e-05,,
51,3148,,3.023313547600992e-05,,
51,3149,,2.495899207133334e-05,,
51,3150,,2.3478456569137052e-05,,
51,3151,,2.3323787900153548e-05,,
51,3152,,3.123608621535823e-05,,
51,3153,,2.6066243663080968e-05,,
51,3154,,2.3287873773369938e-05,,
51,3155,,2.389935434621293e-05,,
51,3156,,2.8003289116895758e-05,,
51,3157,,2.8501784981926903e-05,,
51,3158,,2.7014772058464587e-05,,
51,3159,,2.5465915314271115e-05,,
51,3160,,3.168470357195474e-05,,
51,3161,,2.061642226180993e-05,,
51,3162,,2.884131026803516e-05,,
51,3163,,2.894630961236544e-05,,
51,3164,,2.752006366790738e-05,,
51,3165,,3.476536221569404e-05,,
51,3166,,2.873119774449151e-05,,
51,3167,,2.927405330410693e-05,,
51,3168,,2.8070387998013757e-05,,
51,3169,,2.1468813429237343e-05,,
51,3170,,2.4436569219687954e-05,,
51,3171,,3.0039616831345484e-05,,
51,3171,,,2.946784734725952,2.9687820642720908e-05
52,3172,,1.8098244254360907e-05,,
52,3173,,2.8378210117807612e-05,,
52,3174,,3.0459130357485265e-05,,
52,3175,,2.6594134396873415e-05,,
52,3176,,5.0441019993741065e-05,,
52,3177,,2.7791013053501956e-05,,
52,3178,,3.46308370353654e-05,,
52,3179,,2.3191234504338354e-05,,
52,3180,,1.7231664969585836e-05,,
52,3181,,2.188371763622854e-05,,
52,3182,,2.157932431146037e-05,,
52,3183,,4.293259553378448e-05,,
52,3184,,2.3667167624807917e-05,,
52,3185,,2.1491097868420184e-05,,
52,3186,,2.623003274493385e-05,,
52,3187,,2.2195043129613623e-05,,
52,3188,,4.0266029827762395e-05,,
52,3189,,3.391404970898293e-05,,
52,3190,,2.5132108930847608e-05,,
52,3191,,3.062999894609675e-05,,
52,3192,,2.062136809399817e-05,,
52,3193,,1.7870281226350926e-05,,
52,3194,,2.6785868612932973e-05,,
52,3195,,0.00015377759700641036,,
52,3196,,2.1197216483415104e-05,,
52,3197,,2.6685760531108826e-05,,
52,3198,,2.3786267774994485e-05,,
52,3199,,2.8808663046220317e-05,,
52,3200,,2.777172630885616e-05,,
52,3201,,2.513089384592604e-05,,
52,3202,,1.8762837498798035e-05,,
52,3203,,3.0751052690902725e-05,,
52,3204,,2.3443424652214162e-05,,
52,3205,,2.2156265913508832e-05,,
52,3206,,2.4540056983823888e-05,,
52,3207,,3.7632195017067716e-05,,
52,3208,,3.445858237682842e-05,,
52,3209,,2.1662139261025004e-05,,
52,3210,,2.5099527192651294e-05,,
52,3211,,2.347762892895844e-05,,
52,3212,,3.477689460851252e-05,,
52,3213,,3.857113188132644e-05,,
52,3214,,3.2212090445682406e-05,,
52,3215,,4.069519491167739e-05,,
52,3216,,3.2052867027232423e-05,,
52,3217,,3.3306030672974885e-05,,
52,3218,,2.5054339857888408e-05,,
52,3219,,3.117418964393437e-05,,
52,3220,,2.153788591385819e-05,,
52,3221,,4.115522824577056e-05,,
52,3222,,2.447870429023169e-05,,
52,3223,,2.649047200975474e-05,,
52,3224,,3.299964373582043e-05,,
52,3225,,3.759087121579796e-05,,
52,3226,,2.935401971626561e-05,,
52,3227,,3.734126585186459e-05,,
52,3228,,2.3246344426297583e-05,,
52,3229,,2.7675434466800652e-05,,
52,3230,,2.6903626348939724e-05,,
52,3231,,2.5174340407829732e-05,,
52,3232,,3.29263748426456e-05,,
52,3232,,,3.091517448425293,3.125307193840854e-05
53,3233,,3.045987614314072e-05,,
53,3234,,2.465681427565869e-05,,
53,3235,,2.4577755539212376e-05,,
53,3236,,3.7147310649743304e-05,,
53,3237,,3.632653533713892e-05,,
53,3238,,2.508776742615737e-05,,
53,3239,,2.6650644940673374e-05,,
53,3240,,2.5135017494903877e-05,,
53,3241,,4.231328784953803e-05,,
53,3242,,2.401991696387995e-05,,
53,3243,,2.0413634047145024e-05,,
53,3244,,3.2491381716681644e-05,,
53,3245,,3.533480776241049e-05,,
53,3246,,2.1851601559319533e-05,,
53,3247,,2.466120531607885e-05,,
53,3248,,3.3421762054786086e-05,,
53,3249,,2.7436937671154737e-05,,
53,3250,,2.8554495656862855e-05,,
53,3251,,3.498306614346802e-05,,
53,3252,,2.910992225224618e-05,,
53,3253,,2.7555350243346766e-05,,
53,3254,,0.00015961032477207482,,
53,3255,,2.7633257559500635e-05,,
53,3256,,5.232956391409971e-05,,
53,3257,,2.820044755935669e-05,,
53,3258,,3.148218820570037e-05,,
53,3259,,3.594663576222956e-05,,
53,3260,,2.0478382793953642e-05,,
53,3261,,1.8559689124231227e-05,,
53,3262,,2.8078040486434475e-05,,
53,3263,,2.2813288524048403e-05,,
53,3264,,2.5014966013259254e-05,,
53,3265,,4.1858915210468695e-05,,
53,3266,,2.1444575395435095e-05,,
53,3267,,2.6791620257426985e-05,,
53,3268,,3.360591654200107e-05,,
53,3269,,2.8838450816692784e-05,,
53,3270,,2.1910534997005016e-05,,
53,3271,,1.813316521293018e-05,,
53,3272,,3.126170486211777e-05,,
53,3273,,2.676472104212735e-05,,
53,3274,,2.853415753634181e-05,,
53,3275,,2.2673915736959316e-05,,
53,3276,,2.9999984690221027e-05,,
53,3277,,2.368095374549739e-05,,
53,3278,,2.17354427149985e-05,,
53,3279,,2.9253964385134168e-05,,
53,3280,,2.5597164494683966e-05,,
53,3281,,2.182365278713405e-05,,
53,3282,,1.9756022084038705e-05,,
53,3283,,3.1040828616824e-05,,
53,3284,,2.2737664039595984e-05,,
53,3285,,4.013099896837957e-05,,
53,3286,,1.496062850492308e-05,,
53,3287,,2.018900886469055e-05,,
53,3288,,2.6889480068348348e-05,,
53,3289,,1.7179043425130658e-05,,
53,3290,,2.370600850554183e-05,,
53,3291,,2.498439971532207e-05,,
53,3292,,3.332971391500905e-05,,
53,3293,,3.4517390304245055e-05,,
53,3293,,,3.099412679672241,3.13747841573786e-05
54,3294,,2.6319607059122063e-05,,
54,3295,,2.077905628539156e-05,,
54,3296,,1.932167651830241e-05,,
54,3297,,3.255742558394559e-05,,
54,3298,,3.335711153340526e-05,,
54,3299,,2.5160010409308597e-05,,
54,3300,,2.700923323573079e-05,,
54,3301,,2.632718678796664e-05,,
54,3302,,2.3549077013740316e-05,,
54,3303,,2.791534279822372e-05,,
54,3304,,2.0463005057536066e-05,,
54,3305,,1.81185041583376e-05,,
54,3306,,2.2817583158030175e-05,,
54,3307,,3.5572975320974365e-05,,
54,3308,,1.7271564502152614e-05,,
54,3309,,1.9717077520908788e-05,,
54,3310,,3.686626223498024e-05,,
54,3311,,3.7802066799486056e-05,,
54,3312,,3.290177846793085e-05,,
54,3313,,2.132860572601203e-05,,
54,3314,,3.2377549359807745e-05,,
54,3315,,3.0719344067620113e-05,,
54,3316,,1.7269152522203512e-05,,
54,3317,,2.590026088000741e-05,,
54,3318,,2.4981782189570367e-05,,
54,3319,,3.5010809369850904e-05,,
54,3320,,0.0001577358489157632,,
54,3321,,2.5716941308928654e-05,,
54,3322,,2.3553098799311556e-05,,
54,3323,,3.1105082598514855e-05,,
54,3324,,1.7461878087488003e-05,,
54,3325,,3.562665733625181e-05,,
54,3326,,2.739391493378207e-05,,
54,3327,,1.5924872059258632e-05,,
54,3328,,2.0590385247487575e-05,,
54,3329,,2.8165253752376884e-05,,
54,3330,,3.110601392108947e-05,,
54,3331,,2.50492576014949e-05,,
54,3332,,2.8368142011458986e-05,,
54,3333,,2.3294731363421306e-05,,
54,3334,,2.6186087779933587e-05,,
54,3335,,2.7555965061765164e-05,,
54,3336,,2.9527869628509507e-05,,
54,3337,,2.7074631361756474e-05,,
54,3338,,3.70105954061728e-05,,
54,3339,,2.6959905881085433e-05,,
54,3340,,1.526444793853443e-05,,
54,3341,,3.280316377640702e-05,,
54,3342,,3.276478673797101e-05,,
54,3343,,3.6309967981651425e-05,,
54,3344,,3.0030249035917222e-05,,
54,3345,,1.6343505194527097e-05,,
54,3346,,2.250717079732567e-05,,
54,3347,,3.502146864775568e-05,,
54,3348,,2.8539874620037153e-05,,
54,3349,,2.100505844282452e-05,,
54,3350,,2.7675670935423113e-05,,
54,3351,,2.926376328105107e-05,,
54,3352,,2.325114473933354e-05,,
54,3353,,2.4578153897891752e-05,,
54,3354,,2.8401147574186325e-05,,
54,3354,,,3.2206308841705322,3.185669629601762e-05
55,3355,,2.603364373499062e-05,,
55,3356,,2.9394872399279848e-05,,
55,3357,,2.5487574021099135e-05,,
55,3358,,2.1900212232139893e-05,,
55,3359,,2.6721972972154617e-05,,
55,3360,,2.6748000891529955e-05,,
55,3361,,2.4242301151389256e-05,,
55,3362,,3.512716284603812e-05,,
55,3363,,1.91511535376776e-05,,
55,3364,,3.4868779039243236e-05,,
55,3365,,2.9202705263742246e-05,,
55,3366,,3.495717828627676e-05,,
55,3367,,1.6463000065414235e-05,,
55,3368,,2.3220127332024276e-05,,
55,3369,,2.8961723728571087e-05,,
55,3370,,3.542938793543726e-05,,
55,3371,,2.3439833967131563e-05,,
55,3372,,2.795103137032129e-05,,
55,3373,,2.155991933250334e-05,,
55,3374,,2.2323705707094632e-05,,
55,3375,,3.719305823324248e-05,,
55,3376,,2.719552139751613e-05,,
55,3377,,2.6446152332937345e-05,,
55,3378,,2.853657497325912e-05,,
55,3379,,2.519200643291697e-05,,
55,3380,,1.8256392650073394e-05,,
55,3381,,2.6035375412902795e-05,,
55,3382,,2.8447886506910436e-05,,
55,3383,,2.0348335965536535e-05,,
55,3384,,2.6829002308659256e-05,,
55,3385,,2.4377077352255583e-05,,
55,3386,,2.1990339519106783e-05,,
55,3387,,3.1071820558281615e-05,,
55,3388,,3.6294582969276235e-05,,
55,3389,,2.5302619178546593e-05,,
55,3390,,3.2281193853123114e-05,,
55,3391,,2.7320353183313273e-05,,
55,3392,,3.0686831451021135e-05,,
55,3393,,2.3765229343553074e-05,,
55,3394,,2.5924342480720952e-05,,
55,3395,,2.2160853404784575e-05,,
55,3396,,2.809941906889435e-05,,
55,3397,,2.5149889552267268e-05,,
55,3398,,3.3335451007587835e-05,,
55,3399,,1.8554454072727822e-05,,
55,3400,,0.0001644985022721812,,
55,3401,,2.835098530340474e-05,,
55,3402,,2.69969787041191e-05,,
55,3403,,2.589435280242469e-05,,
55,3404,,3.040070805582218e-05,,
55,3405,,3.144324364257045e-05,,
55,3406,,2.0077153749298304e-05,,
55,3407,,2.3341468477156013e-05,,
55,3408,,2.2145693947095424e-05,,
55,3409,,2.096034586429596e-05,,
55,3410,,2.7464524464448914e-05,,
55,3411,,2.9907923817518167e-05,,
55,3412,,2.4417717213509604e-05,,
55,3413,,2.4801500330795534e-05,,
55,3414,,2.2493702999781817e-05,,
55,3415,,1.750882074702531e-05,,
55,3415,,,3.0927155017852783,3.081619433942251e-05
56,3416,,1.7785807358450256e-05,,
56,3417,,2.6018340577138588e-05,,
56,3418,,2.8087168175261468e-05,,
56,3419,,2.5740160708664916e-05,,
56,3420,,2.378444878559094e-05,,
56,3421,,3.4220774978166446e-05,,
56,3422,,2.698325624805875e-05,,
56,3423,,3.0054981834837236e-05,,
56,3424,,2.7381502150092274e-05,,
56,3425,,2.493274769221898e-05,,
56,3426,,2.9842594813089818e-05,,
56,3427,,3.637558620539494e-05,,
56,3428,,2.8841841412940994e-05,,
56,3429,,2.9903701943112537e-05,,
56,3430,,3.290275708422996e-05,,
56,3431,,2.2673011699225754e-05,,
56,3432,,3.9297668990911916e-05,,
56,3433,,4.466836617211811e-05,,
56,3434,,0.00015989782696124166,,
56,3435,,2.3320282707572915e-05,,
56,3436,,1.8907689081970602e-05,,
56,3437,,2.308380135218613e-05,,
56,3438,,3.251576708862558e-05,,
56,3439,,2.083917752315756e-05,,
56,3440,,2.7824986318591982e-05,,
56,3441,,1.868998515419662e-05,,
56,3442,,3.158250910928473e-05,,
56,3443,,2.515841151762288e-05,,
56,3444,,3.310829197289422e-05,,
56,3445,,2.08613600989338e-05,,
56,3446,,2.777642112050671e-05,,
56,3447,,2.5588047719793394e-05,,
56,3448,,3.079020098084584e-05,,
56,3449,,2.8039423341397196e-05,,
56,3450,,3.0777220672462136e-05,,
56,3451,,1.987269388337154e-05,,
56,3452,,2.3532062186859548e-05,,
56,3453,,2.867305011022836e-05,,
56,3454,,2.590320582385175e-05,,
56,3455,,2.352664523641579e-05,,
56,3456,,2.316823520231992e-05,,
56,3457,,2.9664866815437563e-05,,
56,3458,,2.4317925635841675e-05,,
56,3459,,2.707878957153298e-05,,
56,3460,,2.5255372747778893e-05,,
56,3461,,2.81767534033861e-05,,
56,3462,,2.2226991859497502e-05,,
56,3463,,2.0095194486202672e-05,,
56,3464,,2.8247954105609097e-05,,
56,3465,,2.3612814402440563e-05,,
56,3466,,1.7647109416429885e-05,,
56,3467,,3.0006387532921508e-05,,
56,3468,,1.74656215676805e-05,,
56,3469,,2.5342153094243258e-05,,
56,3470,,2.105047860823106e-05,,
56,3471,,1.857073584687896e-05,,
56,3472,,2.7599611712503247e-05,,
56,3473,,2.6871184672927484e-05,,
56,3474,,2.7471305656945333e-05,,
56,3475,,2.4379523893003352e-05,,
56,3476,,1.8844501028070226e-05,,
56,3476,,,3.126983404159546,3.125982766505331e-05
57,3477,,3.055785782635212e-05,,
57,3478,,1.8157841623178683e-05,,
57,3479,,2.299371590197552e-05,,
57,3480,,2.5105651729973033e-05,,
57,3481,,2.7120528102386743e-05,,
57,3482,,3.3761134545784444e-05,,
57,3483,,2.1870122509426437e-05,,
57,3484,,2.8529333576443605e-05,,
57,3485,,2.6432291633682325e-05,,
57,3486,,2.3589973352500238e-05,,
57,3487,,1.670059464231599e-05,,
57,3488,,3.9527072658529505e-05,,
57,3489,,1.84200907824561e-05,,
57,3490,,1.7095522707677446e-05,,
57,3491,,2.5052144337678328e-05,,
57,3492,,3.769563772948459e-05,,
57,3493,,2.3071605028235354e-05,,
57,3494,,2.6780702683026902e-05,,
57,3495,,2.9350549084483646e-05,,
57,3496,,2.8036689400323667e-05,,
57,3497,,2.7140982638229616e-05,,
57,3498,,1.6056423191912472e-05,,
57,3499,,2.898388083849568e-05,,
57,3500,,2.9603324946947396e-05,,
57,3501,,2.8290414775256068e-05,,
57,3502,,2.1759222363471054e-05,,
57,3503,,4.2630170355550945e-05,,
57,3504,,3.062898395000957e-05,,
57,3505,,3.455314799793996e-05,,
57,3506,,2.618992220959626e-05,,
57,3507,,0.0001567639410495758,,
57,3508,,1.965646333701443e-05,,
57,3509,,4.315489422879182e-05,,
57,3510,,2.19210432987893e-05,,
57,3511,,3.048515281989239e-05,,
57,3512,,2.9269080187077634e-05,,
57,3513,,2.5536268367432058e-05,,
57,3514,,2.1518661014852114e-05,,
57,3515,,3.5655535612022504e-05,,
57,3516,,3.602828292059712e-05,,
57,3517,,2.09644713322632e-05,,
57,3518,,2.970830064441543e-05,,
57,3519,,2.2824891857453622e-05,,
57,3520,,2.745108213275671e-05,,
57,3521,,3.3119369618361816e-05,,
57,3522,,2.3589818738400936e-05,,
57,3523,,2.5171157176373526e-05,,
57,3524,,3.0574512493330985e-05,,
57,3525,,2.523416515032295e-05,,
57,3526,,1.67852431331994e-05,,
57,3527,,2.9648235795320943e-05,,
57,3528,,2.745573510765098e-05,,
57,3529,,3.0769315344514325e-05,,
57,3530,,1.966690797416959e-05,,
57,3531,,3.093709528911859e-05,,
57,3532,,2.8764481612597592e-05,,
57,3533,,2.4480239517288283e-05,,
57,3534,,2.3730817702016793e-05,,
57,3535,,3.627169644460082e-05,,
57,3536,,2.441356446070131e-05,,
57,3537,,2.6906905986834317e-05,,
57,3537,,,3.100003719329834,3.123332135146484e-05
58,3538,,3.681073940242641e-05,,
58,3539,,2.2045122022973374e-05,,
58,3540,,2.3165232050814666e-05,,
58,3541,,0.00015430111670866609,,
58,3542,,2.4300279619637877e-05,,
58,3543,,2.065840453724377e-05,,
58,3544,,4.419187825988047e-05,,
58,3545,,2.5553743398631923e-05,,
58,3546,,2.8747019314323552e-05,,
58,3547,,3.075629865634255e-05,,
58,3548,,2.0643930838559754e-05,,
58,3549,,3.248310531489551e-05,,
58,3550,,2.731796121224761e-05,,
58,3551,,2.3767954189679585e-05,,
58,3552,,2.7320847948431037e-05,,
58,3553,,2.0642613890231587e-05,,
58,3554,,2.3732507543172687e-05,,
58,3555,,3.9580085285706446e-05,,
58,3556,,3.682280294015072e-05,,
58,3557,,1.960744157258887e-05,,
58,3558,,3.703092079376802e-05,,
58,3559,,2.4272483642562293e-05,,
58,3560,,3.4888744266936556e-05,,
58,3561,,2.8043419661116786e-05,,
58,3562,,2.3946573492139578e-05,,
58,3563,,2.6207842893199995e-05,,
58,3564,,2.5025370632647537e-05,,
58,3565,,1.7436592315789312e-05,,
58,3566,,2.5559729692758992e-05,,
58,3567,,2.3146860257838853e-05,,
58,3568,,2.3702845282969065e-05,,
58,3569,,2.2955886379349977e-05,,
58,3570,,2.2456883016275242e-05,,
58,3571,,2.0338547983556055e-05,,
58,3572,,2.5106846806011163e-05,,
58,3573,,1.789832276699599e-05,,
58,3574,,1.859843723650556e-05,,
58,3575,,3.1704916182206944e-05,,
58,3576,,2.490764563845005e-05,,
58,3577,,3.177013422828168e-05,,
58,3578,,2.408145519439131e-05,,
58,3579,,3.1751886126585305e-05,,
58,3580,,2.489701182639692e-05,,
58,3581,,2.5184046535287052e-05,,
58,3582,,3.026373451575637e-05,,
58,3583,,2.4159597160178237e-05,,
58,3584,,1.6218160453718156e-05,,
58,3585,,2.283331923536025e-05,,
58,3586,,1.8026623365585692e-05,,
58,3587,,2.1836243831785396e-05,,
58,3588,,2.556678191467654e-05,,
58,3589,,3.052756073884666e-05,,
58,3590,,2.7598847736953758e-05,,
58,3591,,3.716182254720479e-05,,
58,3592,,3.358608591952361e-05,,
58,3593,,3.8745711208321154e-05,,
58,3594,,2.4064482204266824e-05,,
58,3595,,2.1447980543598533e-05,,
58,3596,,1.6820784367155284e-05,,
58,3597,,2.9291366445249878e-05,,
58,3598,,1.8212487702840008e-05,,
58,3598,,,3.094820737838745,3.10972063743975e-05
59,3599,,2.6625739337760024e-05,,
59,3600,,3.897814895026386e-05,,
59,3601,,2.130430584657006e-05,,
59,3602,,3.604067023843527e-05,,
59,3603,,2.2940070266486146e-05,,
59,3604,,3.175712117808871e-05,,
59,3605,,2.9258928407216445e-05,,
59,3606,,2.9571776394732296e-05,,
59,3607,,2.2466672817245126e-05,,
59,3608,,4.0485650970367715e-05,,
59,3609,,3.141233173664659e-05,,
59,3610,,3.0314662581076846e-05,,
59,3611,,2.4546550775994547e-05,,
59,3612,,2.0934863641741686e-05,,
59,3613,,3.58711949957069e-05,,
59,3614,,1.9008504750672728e-05,,
59,3615,,2.1968626242596656e-05,,
59,3616,,3.218707206542604e-05,,
59,3617,,3.216271579731256e-05,,
59,3618,,2.4904482415877283e-05,,
59,3619,,2.3703383703832515e-05,,
59,3620,,2.5848086806945503e-05,,
59,3621,,2.470872459525708e-05,,
59,3622,,2.49219847319182e-05,,
59,3623,,2.688259701244533e-05,,
59,3624,,1.9213406631024554e-05,,
59,3625,,2.056035737041384e-05,,
59,3626,,3.1148338166531175e-05,,
59,3627,,2.733148903644178e-05,,
59,3628,,2.2528303816216066e-05,,
59,3629,,1.6352132661268115e-05,,
59,3630,,1.2333922313700896e-05,,
59,3631,,2.2646720026386902e-05,,
59,3632,,2.7946191039518453e-05,,
59,3633,,2.1477382688317448e-05,,
59,3634,,2.0838398995692842e-05,,
59,3635,,2.514555490051862e-05,,
59,3636,,2.5994930183514953e-05,,
59,3637,,2.618549478938803e-05,,
59,3638,,2.3731558030704036e-05,,
59,3639,,2.885406320274342e-05,,
59,3640,,1.9906445231754333e-05,,
59,3641,,2.188918188039679e-05,,
59,3642,,2.6043942852993496e-05,,
59,3643,,3.806416498264298e-05,,
59,3644,,2.7988287911284715e-05,,
59,3645,,2.266081537527498e-05,,
59,3646,,2.4509039576514624e-05,,
59,3647,,2.5362865926581435e-05,,
59,3648,,2.0092251361347735e-05,,
59,3649,,1.9560920918593183e-05,,
59,3650,,2.163056706194766e-05,,
59,3651,,3.634161112131551e-05,,
59,3652,,2.6108547899639234e-05,,
59,3653,,3.004423160746228e-05,,
59,3654,,2.17982851609122e-05,,
59,3655,,2.297587343491614e-05,,
59,3656,,0.0001570080203237012,,
59,3657,,3.403750451980159e-05,,
59,3658,,2.229309939139057e-05,,
59,3659,,2.05232481675921e-05,,
59,3659,,,2.877819061279297,2.8585121981450357e-05
60,3660,,2.0977871827199124e-05,,
60,3661,,0.00015181470371317118,,
60,3662,,2.8477250452851877e-05,,
60,3663,,3.963581912103109e-05,,
60,3664,,2.913770731538534e-05,,
60,3665,,2.851349563570693e-05,,
60,3666,,2.605198824312538e-05,,
60,3667,,2.1663528968929313e-05,,
60,3668,,1.9616480130935088e-05,,
60,3669,,2.865576789190527e-05,,
60,3670,,1.7579615814611316e-05,,
60,3671,,2.6192226869170554e-05,,
60,3672,,2.5369206923642196e-05,,
60,3673,,3.1854433473199606e-05,,
60,3674,,2.4152672267518938e-05,,
60,3675,,3.1132378353504464e-05,,
60,3676,,4.11625842389185e-05,,
60,3677,,2.7075540856458247e-05,,
60,3678,,2.774263521132525e-05,,
60,3679,,2.4225349989137612e-05,,
60,3680,,3.409533019294031e-05,,
60,3681,,2.407238025625702e-05,,
60,3682,,1.9571498341974802e-05,,
60,3683,,2.1424619262688793e-05,,
60,3684,,2.23615988943493e-05,,
60,3685,,2.208107616752386e-05,,
60,3686,,3.245865082135424e-05,,
60,3687,,4.354425618657842e-05,,
60,3688,,3.373893923708238e-05,,
60,3689,,3.327134982100688e-05,,
60,3690,,1.9290479031042196e-05,,
60,3691,,3.0089182473602705e-05,,
60,3692,,2.445090103719849e-05,,
60,3693,,2.3617893020855263e-05,,
60,3694,,3.504648702801205e-05,,
60,3695,,2.3595706807100214e-05,,
60,3696,,2.4661914721946232e-05,,
60,3697,,3.3139822335215285e-05,,
60,3698,,3.1501480407314375e-05,,
60,3699,,2.1773694243165664e-05,,
60,3700,,1.7198124623973854e-05,,
60,3701,,2.584881440270692e-05,,
60,3702,,4.345783236203715e-05,,
60,3703,,2.4917220798670314e-05,,
60,3704,,2.8782544177374803e-05,,
60,3705,,3.08059316012077e-05,,
60,3706,,1.827543746912852e-05,,
60,3707,,3.632444349932484e-05,,
60,3708,,3.13108139380347e-05,,
60,3709,,3.9847589505370706e-05,,
60,3710,,2.408014188404195e-05,,
60,3711,,2.07845132536022e-05,,
60,3712,,3.317366281407885e-05,,
60,3713,,2.8193668185849674e-05,,
60,3714,,2.8099935661884956e-05,,
60,3715,,2.5822568204603158e-05,,
60,3716,,1.4855329027341213e-05,,
60,3717,,2.3964845240698196e-05,,
60,3718,,3.4588239941513166e-05,,
60,3719,,2.8414422558853403e-05,,
60,3720,,2.2799018552177586e-05,,
60,3720,,,3.072059392929077,3.0074053938733414e-05
61,3721,,2.849144220817834e-05,,
61,3722,,1.760908344294876e-05,,
61,3723,,2.250927900604438e-05,,
61,3724,,2.382120510446839e-05,,
61,3725,,2.374305586272385e-05,,
61,3726,,2.219492307631299e-05,,
61,3727,,3.2371532142860815e-05,,
61,3728,,2.251695877930615e-05,,
61,3729,,1.64399480127031e-05,,
61,3730,,1.5232372788887005e-05,,
61,3731,,3.093928535236046e-05,,
61,3732,,1.705427530396264e-05,,
61,3733,,2.1539144654525444e-05,,
61,3734,,2.5627798095229082e-05,,
61,3735,,2.16431562876096e-05,,
61,3736,,2.9088145311106928e-05,,
61,3737,,1.966543641174212e-05,,
61,3738,,3.268924410804175e-05,,
61,3739,,3.121812187600881e-05,,
61,3740,,2.685625986487139e-05,,
61,3741,,3.0007890018168837e-05,,
61,3742,,3.1588278943672776e-05,,
61,3743,,3.621952055254951e-05,,
61,3744,,3.226711123716086e-05,,
61,3745,,2.6829000489669852e-05,,
61,3746,,1.7222813767148182e-05,,
61,3747,,2.991742076119408e-05,,
61,3748,,2.6893934773397632e-05,,
61,3749,,2.6004678147728555e-05,,
61,3750,,3.129426113446243e-05,,
61,3751,,4.168776285951026e-05,,
61,3752,,1.5105977581697516e-05,,
61,3753,,2.6744824936031364e-05,,
61,3754,,2.3920265448396094e-05,,
61,3755,,1.863775833044201e-05,,
61,3756,,2.5700774131109938e-05,,
61,3757,,2.302512621099595e-05,,
61,3758,,3.0376637369045056e-05,,
61,3759,,2.558871165092569e-05,,
61,3760,,2.5003660994116217e-05,,
61,3761,,2.4398736059083603e-05,,
61,3762,,3.2027135603129864e-05,,
61,3763,,2.730000596784521e-05,,
61,3764,,2.2685178919346072e-05,,
61,3765,,1.80429397005355e-05,,
61,3766,,3.10905379592441e-05,,
61,3767,,3.390500933164731e-05,,
61,3768,,2.774902714008931e-05,,
61,3769,,0.0001605582219781354,,
61,3770,,2.9375658414210193e-05,,
61,3771,,2.558660344220698e-05,,
61,3772,,2.199111258960329e-05,,
61,3773,,2.542811125749722e-05,,
61,3774,,1.8261845980305225e-05,,
61,3775,,2.5416991775273345e-05,,
61,3776,,2.708812098717317e-05,,
61,3777,,3.12164229399059e-05,,
61,3778,,3.158759864163585e-05,,
61,3779,,3.884561010636389e-05,,
61,3780,,1.7203492461703718e-05,,
61,3781,,1.9702230929397047e-05,,
61,3781,,,2.9959142208099365,2.9896384148742072e-05
62,3782,,2.4545730411773548e-05,,
62,3783,,1.6994774341583252e-05,,
62,3784,,2.154841786250472e-05,,
62,3785,,2.1037420083303005e-05,,
62,3786,,3.197112528141588e-05,,
62,3787,,2.0609346393030137e-05,,
62,3788,,2.6004257961176336e-05,,
62,3789,,3.5448010748950765e-05,,
62,3790,,2.7637002858682536e-05,,
62,3791,,3.061808820348233e-05,,
62,3792,,1.9905764929717407e-05,,
62,3793,,2.0946989025105722e-05,,
62,3794,,2.167423917853739e-05,,
62,3795,,2.3468686777050607e-05,,
62,3796,,2.842290632543154e-05,,
62,3797,,2.7102258172817528e-05,,
62,3798,,2.4607077648397535e-05,,
62,3799,,2.5682371415314265e-05,,
62,3800,,3.176396057824604e-05,,
62,3801,,2.1552104954025708e-05,,
62,3802,,1.9693416106747463e-05,,
62,3803,,2.705697261262685e-05,,
62,3804,,3.4810163924703375e-05,,
62,3805,,1.905157114379108e-05,,
62,3806,,3.950283280573785e-05,,
62,3807,,2.9317354346858338e-05,,
62,3808,,3.135071892756969e-05,,
62,3809,,2.5615934646339156e-05,,
62,3810,,3.1400584703078493e-05,,
62,3811,,3.237464989069849e-05,,
62,3812,,1.9889226678060368e-05,,
62,3813,,2.4062937882263213e-05,,
62,3814,,2.160311851184815e-05,,
62,3815,,3.022528107976541e-05,,
62,3816,,1.8453889424563386e-05,,
62,3817,,2.945223059214186e-05,,
62,3818,,2.434312045807019e-05,,
62,3819,,3.189342896803282e-05,,
62,3820,,2.4501663574483246e-05,,
62,3821,,2.3506529032601975e-05,,
62,3822,,3.5807730455417186e-05,,
62,3823,,3.075955100939609e-05,,
62,3824,,2.4960605514934286e-05,,
62,3825,,3.531491893227212e-05,,
62,3826,,2.3833041268517263e-05,,
62,3827,,3.149379335809499e-05,,
62,3828,,2.1975029085297137e-05,,
62,3829,,2.1784215277875774e-05,,
62,3830,,2.4426586605841294e-05,,
62,3831,,3.5428845876595005e-05,,
62,3832,,2.8591175578185357e-05,,
62,3833,,2.9895230909460224e-05,,
62,3834,,2.2712682039127685e-05,,
62,3835,,0.00015248131239786744,,
62,3836,,2.5382994863321073e-05,,
62,3837,,3.745965295820497e-05,,
62,3838,,2.1136545910849236e-05,,
62,3839,,2.757437869149726e-05,,
62,3840,,2.2682635972159915e-05,,
62,3841,,2.4279452190967277e-05,,
62,3842,,2.2590404114453122e-05,,
62,3842,,,3.1925981044769287,3.147169991279952e-05
63,3843,,2.7706260880222544e-05,,
63,3844,,2.875878635677509e-05,,
63,3845,,2.1209918486420065e-05,,
63,3846,,2.2648548110737465e-05,,
63,3847,,2.64074496953981e-05,,
63,3848,,2.3437312847818248e-05,,
63,3849,,2.5372944946866482e-05,,
63,3850,,3.422570807742886e-05,,
63,3851,,1.9310366042191163e-05,,
63,3852,,2.224936724815052e-05,,
63,3853,,2.3353006326942705e-05,,
63,3854,,2.9312592232599854e-05,,
63,3855,,2.2579995857086033e-05,,
63,3856,,3.675408152048476e-05,,
63,3857,,2.856400351447519e-05,,
63,3858,,3.070228194701485e-05,,
63,3859,,3.4449629310984164e-05,,
63,3860,,1.6145238987519406e-05,,
63,3861,,3.8082318496890366e-05,,
63,3862,,2.4035307433223352e-05,,
63,3863,,3.525536521920003e-05,,
63,3864,,2.9618584449053742e-05,,
63,3865,,2.6940017050947063e-05,,
63,3866,,2.3831622456782497e-05,,
63,3867,,2.2743088265997358e-05,,
63,3868,,2.6896954295807518e-05,,
63,3869,,2.7046997274737805e-05,,
63,3870,,1.7513604689156637e-05,,
63,3871,,2.557036714279093e-05,,
63,3872,,2.1077614292153157e-05,,
63,3873,,2.3443231839337386e-05,,
63,3874,,2.529581070120912e-05,,
63,3875,,1.7860702428151853e-05,,
63,3876,,2.186627170885913e-05,,
63,3877,,2.6849351343116723e-05,,
63,3878,,0.00015931276720948517,,
63,3879,,2.103637052641716e-05,,
63,3880,,2.1215124434093013e-05,,
63,3881,,1.8279657524544746e-05,,
63,3882,,3.070124876103364e-05,,
63,3883,,2.212701474491041e-05,,
63,3884,,3.7976107705617324e-05,,
63,3885,,2.924391628766898e-05,,
63,3886,,2.5844670744845644e-05,,
63,3887,,2.4698805646039546e-05,,
63,3888,,2.7340749511495233e-05,,
63,3889,,2.40857589233201e-05,,
63,3890,,2.170541301893536e-05,,
63,3891,,2.3342270651482977e-05,,
63,3892,,2.224845957243815e-05,,
63,3893,,2.3573637008666992e-05,,
63,3894,,2.5307985197287053e-05,,
63,3895,,3.2643114536767825e-05,,
63,3896,,2.5992878363467753e-05,,
63,3897,,2.723710349528119e-05,,
63,3898,,1.852016430348158e-05,,
63,3899,,3.056698915315792e-05,,
63,3900,,3.3972184610320255e-05,,
63,3901,,2.2481483028968796e-05,,
63,3902,,3.3601729228394106e-05,,
63,3903,,1.8442608052282594e-05,,
63,3903,,,3.3222200870513916,3.3430420444346964e-05
64,3904,,2.8577642297022976e-05,,
64,3905,,2.3723132471786812e-05,,
64,3906,,2.440937896608375e-05,,
64,3907,,2.0106075680814683e-05,,
64,3908,,3.326959995320067e-05,,
64,3909,,2.9388567782007158e-05,,
64,3910,,1.8053311578114517e-05,,
64,3911,,4.60951378045138e-05,,
64,3912,,1.6400908862124197e-05,,
64,3913,,1.639949368836824e-05,,
64,3914,,2.306328315171413e-05,,
64,3915,,1.8687909687287174e-05,,
64,3916,,2.0050649254699238e-05,,
64,3917,,2.3211920051835477e-05,,
64,3918,,1.8032253137789667e-05,,
64,3919,,2.496075649105478e-05,,
64,3920,,2.310387026227545e-05,,
64,3921,,1.9231560145271942e-05,,
64,3922,,2.5349227144033648e-05,,
64,3923,,2.8667485821642913e-05,,
64,3924,,2.4242854124167934e-05,,
64,3925,,2.5170134904328734e-05,,
64,3926,,1.763852014846634e-05,,
64,3927,,2.700379627640359e-05,,
64,3928,,2.086840322590433e-05,,
64,3929,,2.4190108888433315e-05,,
64,3930,,3.377483517397195e-05,,
64,3931,,3.22367122862488e-05,,
64,3932,,2.9376127713476308e-05,,
64,3933,,2.0878069335594773e-05,,
64,3934,,2.3006363335298374e-05,,
64,3935,,2.383076207479462e-05,,
64,3936,,2.8559345082612708e-05,,
64,3937,,3.230673974030651e-05,,
64,3938,,2.889780080295168e-05,,
64,3939,,2.0893496184726246e-05,,
64,3940,,2.573359597590752e-05,,
64,3941,,2.173876782762818e-05,,
64,3942,,3.534044299158268e-05,,
64,3943,,2.2205951609066688e-05,,
64,3944,,0.0001551399618620053,,
64,3945,,2.5105380700551905e-05,,
64,3946,,2.8468250093283132e-05,,
64,3947,,2.2294445443549193e-05,,
64,3948,,4.5363700337475166e-05,,
64,3949,,2.705451515794266e-05,,
64,3950,,3.274267874076031e-05,,
64,3951,,2.666771979420446e-05,,
64,3952,,2.786441291391384e-05,,
64,3953,,2.4568567823735066e-05,,
64,3954,,2.17467804759508e-05,,
64,3955,,3.7695117498515174e-05,,
64,3956,,3.187046604580246e-05,,
64,3957,,2.8264492357266136e-05,,
64,3958,,2.2554064344149083e-05,,
64,3959,,2.555868741183076e-05,,
64,3960,,2.8281889171921648e-05,,
64,3961,,2.3671291273785755e-05,,
64,3962,,2.011263495660387e-05,,
64,3963,,2.868848605430685e-05,,
64,3964,,2.844229129550513e-05,,
64,3964,,,3.1260390281677246,3.1462976039620116e-05
65,3965,,2.320707426406443e-05,,
65,3966,,3.391940117580816e-05,,
65,3967,,3.1476025469601154e-05,,
65,3968,,2.5951074348995462e-05,,
65,3969,,1.7819393178797327e-05,,
65,3970,,0.00015059785800985992,,
65,3971,,2.8355310860206373e-05,,
65,3972,,2.191621570091229e-05,,
65,3973,,3.785555236390792e-05,,
65,3974,,3.126716546830721e-05,,
65,3975,,2.041091829596553e-05,,
65,3976,,3.0467492251773365e-05,,
65,3977,,3.523373379721306e-05,,
65,3978,,1.6574380424572155e-05,,
65,3979,,2.9786138838971965e-05,,
65,3980,,2.275922815897502e-05,,
65,3981,,2.3444836187991314e-05,,
65,3982,,2.9922204703325406e-05,,
65,3983,,2.5270746846217662e-05,,
65,3984,,2.2317623006529175e-05,,
65,3985,,2.552334808569867e-05,,
65,3986,,2.2606760467169806e-05,,
65,3987,,1.8959353837999515e-05,,
65,3988,,3.445782931521535e-05,,
65,3989,,2.9023629394941963e-05,,
65,3990,,2.053316893579904e-05,,
65,3991,,2.4745000700931996e-05,,
65,3992,,1.974859151232522e-05,,
65,3993,,2.1835739971720614e-05,,
65,3994,,3.0656683520646766e-05,,
65,3995,,1.9750046703848056e-05,,
65,3996,,2.7068541385233402e-05,,
65,3997,,2.3287533622351475e-05,,
65,3998,,3.095293868682347e-05,,
65,3999,,2.333641350560356e-05,,
65,4000,,2.7912925361306407e-05,,
65,4001,,2.4488099370501004e-05,,
65,4002,,2.670840513019357e-05,,
65,4003,,2.8342050427454524e-05,,
65,4004,,2.2761689251638018e-05,,
65,4005,,3.1680872780270875e-05,,
65,4006,,1.9015653379028663e-05,,
65,4007,,3.3247124520130455e-05,,
65,4008,,2.6399908165331e-05,,
65,4009,,2.5491215637885034e-05,,
65,4010,,2.5995208488893695e-05,,
65,4011,,2.0851523004239425e-05,,
65,4012,,2.5711458874866366e-05,,
65,4013,,2.5160454242723063e-05,,
65,4014,,2.9028809876763262e-05,,
65,4015,,2.048270107479766e-05,,
65,4016,,2.5286313757533208e-05,,
65,4017,,3.393138831597753e-05,,
65,4018,,2.4626438971608877e-05,,
65,4019,,2.67522300418932e-05,,
65,4020,,1.5671557775931433e-05,,
65,4021,,3.364785879966803e-05,,
65,4022,,2.4925253455876373e-05,,
65,4023,,3.0484514354611747e-05,,
65,4024,,2.152861088688951e-05,,
65,4025,,1.70269122463651e-05,,
65,4025,,,3.1465747356414795,3.134988946840167e-05
66,4026,,2.9914288461441174e-05,,
66,4027,,3.574769289116375e-05,,
66,4028,,2.3093827621778473e-05,,
66,4029,,2.570789547462482e-05,,
66,4030,,2.2196911231731065e-05,,
66,4031,,2.428902553219814e-05,,
66,4032,,2.5326120521640405e-05,,
66,4033,,2.1658419427694753e-05,,
66,4034,,1.6835896531119943e-05,,
66,4035,,1.999799133045599e-05,,
66,4036,,2.082007995340973e-05,,
66,4037,,2.403338839940261e-05,,
66,4038,,2.7795254936791025e-05,,
66,4039,,1.5516814528382383e-05,,
66,4040,,2.6712101316661574e-05,,
66,4041,,2.9081269531161524e-05,,
66,4042,,2.0239504010532983e-05,,
66,4043,,0.00015660515055060387,,
66,4044,,1.9570023141568527e-05,,
66,4045,,2.566731745901052e-05,,
66,4046,,3.3762658858904615e-05,,
66,4047,,2.7352851247997023e-05,,
66,4048,,2.113288064720109e-05,,
66,4049,,1.8019381968770176e-05,,
66,4050,,2.1506026314455085e-05,,
66,4051,,2.333415613975376e-05,,
66,4052,,3.062911127926782e-05,,
66,4053,,2.0449324438231997e-05,,
66,4054,,2.618373036966659e-05,,
66,4055,,3.2487616408616304e-05,,
66,4056,,2.4800001483527012e-05,,
66,4057,,2.4558323275414295e-05,,
66,4058,,2.4903780285967514e-05,,
66,4059,,3.418149208300747e-05,,
66,4060,,2.7619633328868076e-05,,
66,4061,,2.547770054661669e-05,,
66,4062,,2.3486656573368236e-05,,
66,4063,,1.8712929886532947e-05,,
66,4064,,1.8627044482855126e-05,,
66,4065,,1.706077455310151e-05,,
66,4066,,3.784166256082244e-05,,
66,4067,,2.4836183001752943e-05,,
66,4068,,2.2340303985401988e-05,,
66,4069,,3.188877599313855e-05,,
66,4070,,3.072110121138394e-05,,
66,4071,,1.8907714547822252e-05,,
66,4072,,2.7035746825276874e-05,,
66,4073,,2.797664637910202e-05,,
66,4074,,2.2629255909123458e-05,,
66,4075,,1.9279859770904295e-05,,
66,4076,,2.970204150187783e-05,,
66,4077,,3.0283235901151784e-05,,
66,4078,,1.9946084648836404e-05,,
66,4079,,1.9431208784226328e-05,,
66,4080,,2.180997580580879e-05,,
66,4081,,2.524760020605754e-05,,
66,4082,,1.803336817829404e-05,,
66,4083,,2.284128640894778e-05,,
66,4084,,1.985033304663375e-05,,
66,4085,,2.9441116566886194e-05,,
66,4086,,1.4851919331704266e-05,,
66,4086,,,3.0263514518737793,2.97536844300339e-05
67,4087,,2.1851121346116997e-05,,
67,4088,,2.1413145077531226e-05,,
67,4089,,3.279071461292915e-05,,
67,4090,,3.213889795006253e-05,,
67,4091,,1.806214095267933e-05,,
67,4092,,1.793409865058493e-05,,
67,4093,,2.5222943804692477e-05,,
67,4094,,3.1948689866112545e-05,,
67,4095,,1.730722578940913e-05,,
67,4096,,1.60561812663218e-05,,
67,4097,,1.5544554116786458e-05,,
67,4098,,2.906587178586051e-05,,
67,4099,,1.992652687476948e-05,,
67,4100,,2.4074290195130743e-05,,
67,4101,,2.0861956727458164e-05,,
67,4102,,2.9511889806599356e-05,,
67,4103,,3.1581748771714047e-05,,
67,4104,,1.8688007912714966e-05,,
67,4105,,2.564089845691342e-05,,
67,4106,,2.2533000446856022e-05,,
67,4107,,2.6356859962106682e-05,,
67,4108,,2.983598278660793e-05,,
67,4109,,1.7702137483865954e-05,,
67,4110,,2.644130290718749e-05,,
67,4111,,3.05749308608938e-05,,
67,4112,,2.7786794817075133e-05,,
67,4113,,2.3182587028713897e-05,,
67,4114,,1.6899110050871968e-05,,
67,4115,,2.3161303033703007e-05,,
67,4116,,2.992403278767597e-05,,
67,4117,,1.9278981199022382e-05,,
67,4118,,2.3872158635640517e-05,,
67,4119,,3.556287629180588e-05,,
67,4120,,1.955663537955843e-05,,
67,4121,,1.9256240193499252e-05,,
67,4122,,2.092910472129006e-05,,
67,4123,,2.206071440014057e-05,,
67,4124,,2.353639320062939e-05,,
67,4125,,3.303466291981749e-05,,
67,4126,,1.528077518742066e-05,,
67,4127,,3.573476351448335e-05,,
67,4128,,1.7064168787328526e-05,,
67,4129,,3.309711973997764e-05,,
67,4130,,1.775300916051492e-05,,
67,4131,,2.0515903088380583e-05,,
67,4132,,2.3020013031782582e-05,,
67,4133,,2.2571441149921156e-05,,
67,4134,,2.8413023756002076e-05,,
67,4135,,3.7095607694936916e-05,,
67,4136,,1.958984648808837e-05,,
67,4137,,2.4746252165641636e-05,,
67,4138,,2.86183349089697e-05,,
67,4139,,2.1518584617297165e-05,,
67,4140,,2.7182642952539027e-05,,
67,4141,,3.518211087794043e-05,,
67,4142,,1.6201309335883707e-05,,
67,4143,,2.3067208530846983e-05,,
67,4144,,2.4523162210243754e-05,,
67,4145,,0.00015221752983052284,,
67,4146,,3.1977499020285904e-05,,
67,4147,,2.2558528144145384e-05,,
67,4147,,,2.9752440452575684,2.946290078398306e-05
68,4148,,2.2041762349545024e-05,,
68,4149,,2.661315375007689e-05,,
68,4150,,2.789886093523819e-05,,
68,4151,,2.542227775848005e-05,,
68,4152,,2.7254423912381753e-05,,
68,4153,,1.9128712665406056e-05,,
68,4154,,2.2967326003708877e-05,,
68,4155,,1.6533824236830696e-05,,
68,4156,,2.3952532501425594e-05,,
68,4157,,2.658445737324655e-05,,
68,4158,,2.8121548893977888e-05,,
68,4159,,4.282553345547058e-05,,
68,4160,,2.734852569119539e-05,,
68,4161,,2.6366782549303025e-05,,
68,4162,,2.2484546207124367e-05,,
68,4163,,2.3559023247798905e-05,,
68,4164,,1.7447284335503355e-05,,
68,4165,,2.7100031729787588e-05,,
68,4166,,1.5892985175014473e-05,,
68,4167,,3.459291110630147e-05,,
68,4168,,1.7740125258569606e-05,,
68,4169,,1.88824997167103e-05,,
68,4170,,3.076876237173565e-05,,
68,4171,,2.7422058337833732e-05,,
68,4172,,2.3717751901131123e-05,,
68,4173,,2.613907963677775e-05,,
68,4174,,2.200352719228249e-05,,
68,4175,,1.929927930177655e-05,,
68,4176,,2.905666406149976e-05,,
68,4177,,2.6180432541877963e-05,,
68,4178,,2.6467041607247666e-05,,
68,4179,,3.2649233617121354e-05,,
68,4180,,0.00015228244592435658,,
68,4181,,2.4077460693661124e-05,,
68,4182,,2.5323544832644984e-05,,
68,4183,,2.252412014058791e-05,,
68,4184,,2.258442691527307e-05,,
68,4185,,2.342059633519966e-05,,
68,4186,,2.7842123017762788e-05,,
68,4187,,2.9464088584063575e-05,,
68,4188,,2.8721737180603668e-05,,
68,4189,,2.5935974917956628e-05,,
68,4190,,2.1764277335023507e-05,,
68,4191,,2.2144018657854758e-05,,
68,4192,,2.943212166428566e-05,,
68,4193,,4.371795876068063e-05,,
68,4194,,2.7058538762503304e-05,,
68,4195,,2.7709385904017836e-05,,
68,4196,,2.0145605958532542e-05,,
68,4197,,2.2062502466724254e-05,,
68,4198,,2.2605681806453504e-05,,
68,4199,,2.4535131160519086e-05,,
68,4200,,2.3853777747717686e-05,,
68,4201,,3.200141873094253e-05,,
68,4202,,2.532834878365975e-05,,
68,4203,,3.0231987693696283e-05,,
68,4204,,2.375191979808733e-05,,
68,4205,,2.3614586098119617e-05,,
68,4206,,1.6441254047094844e-05,,
68,4207,,2.5204752091667615e-05,,
68,4208,,2.8203219699207693e-05,,
68,4208,,,3.410865306854248,3.431460936553776e-05
69,4209,,2.121308170899283e-05,,
69,4210,,2.9380486012087204e-05,,
69,4211,,2.8070566258975305e-05,,
69,4212,,1.6412952390965074e-05,,
69,4213,,2.8534474040498026e-05,,
69,4214,,1.736751255521085e-05,,
69,4215,,3.1346393370768055e-05,,
69,4216,,2.495703120075632e-05,,
69,4217,,2.301808308402542e-05,,
69,4218,,2.0518797100521624e-05,,
69,4219,,1.675894600339234e-05,,
69,4220,,2.7108171707368456e-05,,
69,4221,,2.8980430215597153e-05,,
69,4222,,3.5418488550931215e-05,,
69,4223,,2.138211129931733e-05,,
69,4224,,2.9056605853838846e-05,,
69,4225,,2.2712203644914553e-05,,
69,4226,,1.7080963516491465e-05,,
69,4227,,2.9831593565177172e-05,,
69,4228,,2.8165668481960893e-05,,
69,4229,,2.4775748897809535e-05,,
69,4230,,2.5471346816630103e-05,,
69,4231,,2.976991527248174e-05,,
69,4232,,2.5396522687515244e-05,,
69,4233,,2.2947939214645885e-05,,
69,4234,,1.7692533219815232e-05,,
69,4235,,1.789967245713342e-05,,
69,4236,,1.971612437046133e-05,,
69,4237,,2.254593164252583e-05,,
69,4238,,2.969613706227392e-05,,
69,4239,,0.00016034900909289718,,
69,4240,,2.5827157514868304e-05,,
69,4241,,2.1554620616370812e-05,,
69,4242,,2.8863156330771744e-05,,
69,4243,,1.8223781808046624e-05,,
69,4244,,2.2804444597568363e-05,,
69,4245,,2.2362408344633877e-05,,
69,4246,,2.711011802603025e-05,,
69,4247,,2.438230330881197e-05,,
69,4248,,2.7153340852237307e-05,,
69,4249,,2.174848850700073e-05,,
69,4250,,1.6928519471548498e-05,,
69,4251,,2.7880430934601463e-05,,
69,4252,,1.6135005353135057e-05,,
69,4253,,3.584329169825651e-05,,
69,4254,,2.0618635971914046e-05,,
69,4255,,3.6284211091697216e-05,,
69,4256,,3.4538592444732785e-05,,
69,4257,,2.6073910703416914e-05,,
69,4258,,2.288031464559026e-05,,
69,4259,,2.3810720449546352e-05,,
69,4260,,2.704960024857428e-05,,
69,4261,,3.0195709769031964e-05,,
69,4262,,2.6310686735087074e-05,,
69,4263,,2.448478335281834e-05,,
69,4264,,2.2190011804923415e-05,,
69,4265,,2.4528553694835864e-05,,
69,4266,,2.3672568204347044e-05,,
69,4267,,2.4074659449979663e-05,,
69,4268,,2.474145730957389e-05,,
69,4269,,3.1588442652719095e-05,,
69,4269,,,3.330760955810547,3.34796350216493e-05
70,4270,,2.0025361664011143e-05,,
70,4271,,1.8631650164024904e-05,,
70,4272,,2.469581704644952e-05,,
70,4273,,3.0907540349289775e-05,,
70,4274,,1.6536127077415586e-05,,
70,4275,,1.7629441572353244e-05,,
70,4276,,1.905526005430147e-05,,
70,4277,,2.0234181647538207e-05,,
70,4278,,3.1558294722344726e-05,,
70,4279,,2.6557354431133717e-05,,
70,4280,,2.369031062698923e-05,,
70,4281,,2.754547676886432e-05,,
70,4282,,2.9184848244767636e-05,,
70,4283,,2.4306538762175478e-05,,
70,4284,,2.7871237762155943e-05,,
70,4285,,2.0389072233228944e-05,,
70,4286,,1.7161499272333458e-05,,
70,4287,,2.279305408592336e-05,,
70,4288,,2.734644294832833e-05,,
70,4289,,2.9921751774963923e-05,,
70,4290,,2.490174119884614e-05,,
70,4291,,0.00016013132699299604,,
70,4292,,4.572546458803117e-05,,
70,4293,,2.147667510143947e-05,,
70,4294,,2.2840555175207555e-05,,
70,4295,,2.0516714357654564e-05,,
70,4296,,2.6163843358517624e-05,,
70,4297,,2.746613790804986e-05,,
70,4298,,2.6758467356557958e-05,,
70,4299,,2.9449869543896057e-05,,
70,4300,,1.83126703632297e-05,,
70,4301,,2.4725548428250477e-05,,
70,4302,,2.0504778149188496e-05,,
70,4303,,2.117694566550199e-05,,
70,4304,,1.8321552488487214e-05,,
70,4305,,2.828469587257132e-05,,
70,4306,,1.8572798580862582e-05,,
70,4307,,2.2106938558863476e-05,,
70,4308,,3.076884604524821e-05,,
70,4309,,2.383845094300341e-05,,
70,4310,,3.484581611701287e-05,,
70,4311,,2.517388384148944e-05,,
70,4312,,2.6936751964967698e-05,,
70,4313,,2.6455089027876966e-05,,
70,4314,,3.068914884352125e-05,,
70,4315,,2.371417394897435e-05,,
70,4316,,1.962592978088651e-05,,
70,4317,,2.548440534155816e-05,,
70,4318,,3.469576404313557e-05,,
70,4319,,2.240197682112921e-05,,
70,4320,,2.8792495868401602e-05,,
70,4321,,1.932673330884427e-05,,
70,4322,,1.616209738131147e-05,,
70,4323,,3.0125598641461693e-05,,
70,4324,,2.4723889509914443e-05,,
70,4325,,1.8866927348426543e-05,,
70,4326,,3.136834129691124e-05,,
70,4327,,3.416647086851299e-05,,
70,4328,,2.1363512132666074e-05,,
70,4329,,2.6191226424998604e-05,,
70,4330,,3.9548100176034495e-05,,
70,4330,,,3.212233304977417,3.239331272197887e-05
71,4331,,2.641430364747066e-05,,
71,4332,,3.488879156066105e-05,,
71,4333,,2.065144872176461e-05,,
71,4334,,2.4670873244758695e-05,,
71,4335,,3.4535401937318966e-05,,
71,4336,,1.5684690879425034e-05,,
71,4337,,2.992320150951855e-05,,
71,4338,,2.5314680897281505e-05,,
71,4339,,3.200724677299149e-05,,
71,4340,,2.958923505502753e-05,,
71,4341,,3.206502879038453e-05,,
71,4342,,2.267155832669232e-05,,
71,4343,,1.5329143934650347e-05,,
71,4344,,2.33879891311517e-05,,
71,4345,,2.6477917344891466e-05,,
71,4346,,2.9737559088971466e-05,,
71,4347,,2.2165917471284047e-05,,
71,4348,,2.0628131096600555e-05,,
71,4349,,2.005988426390104e-05,,
71,4350,,2.317537655471824e-05,,
71,4351,,2.2333611923386343e-05,,
71,4352,,2.2301821445580572e-05,,
71,4353,,2.6060009986395016e-05,,
71,4354,,2.530481287976727e-05,,
71,4355,,2.307950308022555e-05,,
71,4356,,2.1474506866070442e-05,,
71,4357,,2.5297480533481576e-05,,
71,4358,,1.6086234609247185e-05,,
71,4359,,2.6221785446978174e-05,,
71,4360,,2.0071413018740714e-05,,
71,4361,,2.2085530872573145e-05,,
71,4362,,1.967538264580071e-05,,
71,4363,,2.1357300283852965e-05,,
71,4364,,2.1574342099484056e-05,,
71,4365,,2.784576645353809e-05,,
71,4366,,2.7794962079497054e-05,,
71,4367,,2.721346572798211e-05,,
71,4368,,2.6938145310850814e-05,,
71,4369,,2.6361514755990356e-05,,
71,4370,,2.6717365471995436e-05,,
71,4371,,3.0298939236672595e-05,,
71,4372,,1.9015475118067116e-05,,
71,4373,,3.078456938965246e-05,,
71,4374,,2.273655445605982e-05,,
71,4375,,2.7479729396873154e-05,,
71,4376,,2.5303645088570192e-05,,
71,4377,,1.9936605895054527e-05,,
71,4378,,0.00014391318836715072,,
71,4379,,2.026986112468876e-05,,
71,4380,,1.9863273337250575e-05,,
71,4381,,2.6567788154352456e-05,,
71,4382,,1.529714973003138e-05,,
71,4383,,1.8611423001857474e-05,,
71,4384,,2.474893699400127e-05,,
71,4385,,2.1197069145273417e-05,,
71,4386,,2.8066586310160346e-05,,
71,4387,,2.6633450033841655e-05,,
71,4388,,2.5264725991291925e-05,,
71,4389,,2.3185151803772897e-05,,
71,4390,,2.0232137103448622e-05,,
71,4391,,1.7845990441855974e-05,,
71,4391,,,3.5272839069366455,3.6195448046782985e-05
72,4392,,3.012652086908929e-05,,
72,4393,,2.371049595240038e-05,,
72,4394,,2.5060002371901646e-05,,
72,4395,,2.821234920702409e-05,,
72,4396,,2.6245721528539434e-05,,
72,4397,,1.7365118765155785e-05,,
72,4398,,2.8241473046364263e-05,,
72,4399,,2.6094148779520765e-05,,
72,4400,,2.1313511751941405e-05,,
72,4401,,2.0858396965195425e-05,,
72,4402,,2.372427479713224e-05,,
72,4403,,2.488117024768144e-05,,
72,4404,,2.818711982399691e-05,,
72,4405,,3.0011029593879357e-05,,
72,4406,,2.386550113442354e-05,,
72,4407,,3.426426701480523e-05,,
72,4408,,2.1235176973277703e-05,,
72,4409,,3.0361847166204825e-05,,
72,4410,,1.607365811651107e-05,,
72,4411,,1.6292042346321978e-05,,
72,4412,,3.0212349884095602e-05,,
72,4413,,2.6823370717465878e-05,,
72,4414,,2.8072596251149662e-05,,
72,4415,,3.244117397116497e-05,,
72,4416,,2.8435944841476157e-05,,
72,4417,,2.42179557972122e-05,,
72,4418,,1.98327124962816e-05,,
72,4419,,2.6504900233703665e-05,,
72,4420,,1.5230395547405351e-05,,
72,4421,,1.7757129171513952e-05,,
72,4422,,2.5949946575565264e-05,,
72,4423,,3.3898031688295305e-05,,
72,4424,,2.587604831205681e-05,,
72,4425,,3.299606396467425e-05,,
72,4426,,2.02536193683045e-05,,
72,4427,,1.4193504284776282e-05,,
72,4428,,2.8809025025111623e-05,,
72,4429,,2.719896838243585e-05,,
72,4430,,2.3936368961585686e-05,,
72,4431,,2.41177694988437e-05,,
72,4432,,1.7770202248357236e-05,,
72,4433,,2.6451785743120126e-05,,
72,4434,,2.6077317670569755e-05,,
72,4435,,1.8066924894810654e-05,,
72,4436,,2.5068353352253325e-05,,
72,4437,,2.5814102627919056e-05,,
72,4438,,2.4821065380820073e-05,,
72,4439,,0.00015155728033278137,,
72,4440,,1.984468508453574e-05,,
72,4441,,2.727405990299303e-05,,
72,4442,,2.2685835574520752e-05,,
72,4443,,1.905458339024335e-05,,
72,4444,,2.1936035409453325e-05,,
72,4445,,1.7758955436875112e-05,,
72,4446,,2.0128247342654504e-05,,
72,4447,,1.5281881132978015e-05,,
72,4448,,3.5732540709432214e-05,,
72,4449,,3.749760799109936e-05,,
72,4450,,2.327743459318299e-05,,
72,4451,,1.6907681128941476e-05,,
72,4452,,2.842527646862436e-05,,
72,4452,,,3.094351291656494,3.0551072995876893e-05
73,4453,,2.7819063689094037e-05,,
73,4454,,1.8076134438160807e-05,,
73,4455,,2.652813054737635e-05,,
73,4456,,4.104005711269565e-05,,
73,4457,,2.4651328203617595e-05,,
73,4458,,2.1692283553420566e-05,,
73,4459,,2.888902963604778e-05,,
73,4460,,3.012468914675992e-05,,
73,4461,,2.003271583816968e-05,,
73,4462,,2.8153535822639242e-05,,
73,4463,,1.9277817045804113e-05,,
73,4464,,2.1596601072815247e-05,,
73,4465,,3.481158273643814e-05,,
73,4466,,2.4169470634660684e-05,,
73,4467,,1.7310088878730312e-05,,
73,4468,,2.081209640891757e-05,,
73,4469,,1.999969572352711e-05,,
73,4470,,1.4388157069333829e-05,,
73,4471,,2.5791679945541546e-05,,
73,4472,,1.8299875591765158e-05,,
73,4473,,1.5179755791905336e-05,,
73,4474,,3.1703701097285375e-05,,
73,4475,,2.6686764613259584e-05,,
73,4476,,2.487697020114865e-05,,
73,4477,,2.2418564185500145e-05,,
73,4478,,2.4889997803256847e-05,,
73,4479,,3.459387880866416e-05,,
73,4480,,2.0809220586670563e-05,,
73,4481,,2.555252103775274e-05,,
73,4482,,1.9721523131011054e-05,,
73,4483,,2.835202576534357e-05,,
73,4484,,2.434506495774258e-05,,
73,4485,,1.8948761862702668e-05,,
73,4486,,1.766562127158977e-05,,
73,4487,,2.0230470909154974e-05,,
73,4488,,1.8926139091490768e-05,,
73,4489,,2.088779365294613e-05,,
73,4490,,2.7318374122842215e-05,,
73,4491,,2.6485127818887122e-05,,
73,4492,,1.7013171600410715e-05,,
73,4493,,2.8873471819679253e-05,,
73,4494,,3.789224865613505e-05,,
73,4495,,2.1040164938312955e-05,,
73,4496,,1.9876462829415686e-05,,
73,4497,,0.00015427776088472456,,
73,4498,,2.4716820917092264e-05,,
73,4499,,2.470784238539636e-05,,
73,4500,,2.63879555859603e-05,,
73,4501,,2.4845263396855444e-05,,
73,4502,,2.740031595749315e-05,,
73,4503,,2.6901252567768097e-05,,
73,4504,,2.534970008127857e-05,,
73,4505,,1.6836453141877428e-05,,
73,4506,,2.1396914235083386e-05,,
73,4507,,3.349910184624605e-05,,
73,4508,,2.8332740839687176e-05,,
73,4509,,2.5680576072772965e-05,,
73,4510,,2.280045191582758e-05,,
73,4511,,1.92501593119232e-05,,
73,4512,,2.6940413590637036e-05,,
73,4513,,3.0418317692237906e-05,,
73,4513,,,3.209787607192993,3.254938201280311e-05
74,4514,,2.4495948309777305e-05,,
74,4515,,3.263436519773677e-05,,
74,4516,,2.7125408450956456e-05,,
74,4517,,1.4554924746335018e-05,,
74,4518,,3.472923708613962e-05,,
74,4519,,2.8967189791728742e-05,,
74,4520,,1.9136410628561862e-05,,
74,4521,,3.1091734854271635e-05,,
74,4522,,2.149922147509642e-05,,
74,4523,,2.4673052394064143e-05,,
74,4524,,2.2999043721938506e-05,,
74,4525,,2.0413081074366346e-05,,
74,4526,,2.5645127607276663e-05,,
74,4527,,3.9805308915674686e-05,,
74,4528,,2.6911620807368308e-05,,
74,4529,,2.0639965441660024e-05,,
74,4530,,2.6570378395263106e-05,,
74,4531,,2.1878617189940996e-05,,
74,4532,,2.5178989744745195e-05,,
74,4533,,2.5086632376769558e-05,,
74,4534,,2.943198342109099e-05,,
74,4535,,1.9857701772707514e-05,,
74,4536,,2.799495996441692e-05,,
74,4537,,2.6886436899076216e-05,,
74,4538,,1.5368039385066368e-05,,
74,4539,,2.5296039893873967e-05,,
74,4540,,3.15080578729976e-05,,
74,4541,,2.405170744168572e-05,,
74,4542,,1.6740537830628455e-05,,
74,4543,,1.809122841223143e-05,,
74,4544,,1.6737107216613367e-05,,
74,4545,,2.3504899218096398e-05,,
74,4546,,2.394386137893889e-05,,
74,4547,,3.085204298258759e-05,,
74,4548,,2.3812326617189683e-05,,
74,4549,,1.7074007701012306e-05,,
74,4550,,2.299518382642418e-05,,
74,4551,,2.398961987637449e-05,,
74,4552,,2.6165478629991412e-05,,
74,4553,,3.0916620744392276e-05,,
74,4554,,2.974712879222352e-05,,
74,4555,,2.1439462216221727e-05,,
74,4556,,2.316368409083225e-05,,
74,4557,,0.00014514914073515683,,
74,4558,,1.5848796465434134e-05,,
74,4559,,2.2339434508467093e-05,,
74,4560,,1.8340359019930474e-05,,
74,4561,,2.1256051695672795e-05,,
74,4562,,3.0063574740779586e-05,,
74,4563,,2.2623164113610983e-05,,
74,4564,,2.08354540518485e-05,,
74,4565,,1.826182779041119e-05,,
74,4566,,2.9759043172816746e-05,,
74,4567,,2.4602402845630422e-05,,
74,4568,,2.3952896299306303e-05,,
74,4569,,2.7111560484627262e-05,,
74,4570,,2.578629573690705e-05,,
74,4571,,4.7823505155975e-05,,
74,4572,,3.152246426907368e-05,,
74,4573,,3.335443761898205e-05,,
74,4574,,2.6224970497423783e-05,,
74,4574,,,3.292107343673706,3.337518501211889e-05
75,4575,,2.3501152099925093e-05,,
75,4576,,2.4091452360153198e-05,,
75,4577,,2.6717718355939724e-05,,
75,4578,,2.0941512048011646e-05,,
75,4579,,3.0140952731017023e-05,,
75,4580,,2.0404158931341954e-05,,
75,4581,,1.9726121536223218e-05,,
75,4582,,2.2386348064173944e-05,,
75,4583,,2.0108933313167654e-05,,
75,4584,,2.6278878067387268e-05,,
75,4585,,2.5622746761655435e-05,,
75,4586,,2.661763210198842e-05,,
75,4587,,1.886224163172301e-05,,
75,4588,,2.8492921046563424e-05,,
75,4589,,2.7912847144762054e-05,,
75,4590,,2.5146333427983336e-05,,
75,4591,,2.532595317461528e-05,,
75,4592,,1.983777474379167e-05,,
75,4593,,2.064756517938804e-05,,
75,4594,,2.2292801077128388e-05,,
75,4595,,2.8636985007324256e-05,,
75,4596,,0.00014584734162781388,,
75,4597,,1.9388229702599347e-05,,
75,4598,,2.65071757894475e-05,,
75,4599,,2.147887607861776e-05,,
75,4600,,2.2400816305889748e-05,,
75,4601,,2.928544199676253e-05,,
75,4602,,1.993939804378897e-05,,
75,4603,,2.0504412532318383e-05,,
75,4604,,2.6879555662162602e-05,,
75,4605,,2.6667672500479966e-05,,
75,4606,,1.7699718227959238e-05,,
75,4607,,1.8363971321377903e-05,,
75,4608,,2.3108488676371053e-05,,
75,4609,,2.6203160814475268e-05,,
75,4610,,2.2512758732773364e-05,,
75,4611,,1.402360157953808e-05,,
75,4612,,3.083011324633844e-05,,
75,4613,,1.3979013601783663e-05,,
75,4614,,2.0420369764906354e-05,,
75,4615,,2.8221546017448418e-05,,
75,4616,,1.737169804982841e-05,,
75,4617,,2.2284253645921126e-05,,
75,4618,,2.4394284992013127e-05,,
75,4619,,2.3869206415838562e-05,,
75,4620,,2.6576968593872152e-05,,
75,4621,,2.530090387153905e-05,,
75,4622,,1.926378536154516e-05,,
75,4623,,1.5785641153343022e-05,,
75,4624,,2.723343095567543e-05,,
75,4625,,2.4529677830287255e-05,,
75,4626,,2.0077717636013404e-05,,
75,4627,,2.5748917323653586e-05,,
75,4628,,2.988584128615912e-05,,
75,4629,,3.076067514484748e-05,,
75,4630,,1.6819323718664236e-05,,
75,4631,,2.745295932982117e-05,,
75,4632,,3.370854028617032e-05,,
75,4633,,1.8638334950082935e-05,,
75,4634,,2.1400344849098474e-05,,
75,4635,,3.851833753287792e-05,,
75,4635,,,3.425278663635254,3.465870759100653e-05
76,4636,,3.052533429581672e-05,,
76,4637,,1.6785135812824592e-05,,
76,4638,,2.5550591089995578e-05,,
76,4639,,2.0546955056488514e-05,,
76,4640,,1.802942824724596e-05,,
76,4641,,1.8944701878353953e-05,,
76,4642,,2.6089230232173577e-05,,
76,4643,,1.700012944638729e-05,,
76,4644,,2.5849563826341182e-05,,
76,4645,,1.6342524759238586e-05,,
76,4646,,2.0061528630321845e-05,,
76,4647,,2.7607604351942427e-05,,
76,4648,,3.199347702320665e-05,,
76,4649,,1.7746511730365455e-05,,
76,4650,,2.1075622498756275e-05,,
76,4651,,1.9809927835012786e-05,,
76,4652,,1.5968340449035168e-05,,
76,4653,,2.424876765871886e-05,,
76,4654,,3.032549466297496e-05,,
76,4655,,3.039976945728995e-05,,
76,4656,,2.819271685439162e-05,,
76,4657,,2.6457770218257792e-05,,
76,4658,,3.348541940795258e-05,,
76,4659,,1.6320469512720592e-05,,
76,4660,,2.067096284008585e-05,,
76,4661,,1.7910684618982486e-05,,
76,4662,,3.374298830749467e-05,,
76,4663,,1.891192005132325e-05,,
76,4664,,0.0001453793520340696,,
76,4665,,3.197841579094529e-05,,
76,4666,,2.920600672950968e-05,,
76,4667,,3.418656706344336e-05,,
76,4668,,2.117098483722657e-05,,
76,4669,,2.9241205993457697e-05,,
76,4670,,2.569344906078186e-05,,
76,4671,,2.0433897589100525e-05,,
76,4672,,2.5276447559008375e-05,,
76,4673,,2.2776612240704708e-05,,
76,4674,,1.8867922335630283e-05,,
76,4675,,2.374885843892116e-05,,
76,4676,,3.46811611962039e-05,,
76,4677,,2.3690477974014357e-05,,
76,4678,,1.798236735339742e-05,,
76,4679,,2.0595376554410905e-05,,
76,4680,,2.598104765638709e-05,,
76,4681,,1.9307288312120363e-05,,
76,4682,,3.6058710975339636e-05,,
76,4683,,2.548264092183672e-05,,
76,4684,,2.5356812329846434e-05,,
76,4685,,2.4522609237465076e-05,,
76,4686,,2.1214800653979182e-05,,
76,4687,,2.435886926832609e-05,,
76,4688,,2.9250562874949537e-05,,
76,4689,,1.5186668861133512e-05,,
76,4690,,2.677512020454742e-05,,
76,4691,,2.2863490812596865e-05,,
76,4692,,2.310096169821918e-05,,
76,4693,,2.290468182764016e-05,,
76,4694,,2.8195931008667685e-05,,
76,4695,,1.974103543034289e-05,,
76,4696,,2.6730642275651917e-05,,
76,4696,,,3.1334481239318848,3.0428380341618322e-05
77,4697,,3.902221214957535e-05,,
77,4698,,2.351284638280049e-05,,
77,4699,,4.2720083001768216e-05,,
77,4700,,2.8037185984430835e-05,,
77,4701,,2.296924685651902e-05,,
77,4702,,1.737889579089824e-05,,
77,4703,,2.3804172087693587e-05,,
77,4704,,2.3834791136323474e-05,,
77,4705,,2.4346811187569983e-05,,
77,4706,,1.8623502910486422e-05,,
77,4707,,2.795331965899095e-05,,
77,4708,,2.236450200143736e-05,,
77,4709,,2.123124068020843e-05,,
77,4710,,2.6207848350168206e-05,,
77,4711,,2.5111245122388937e-05,,
77,4712,,2.808397402986884e-05,,
77,4713,,2.2454063582699746e-05,,
77,4714,,2.328674599993974e-05,,
77,4715,,1.518873523309594e-05,,
77,4716,,2.7823458367493004e-05,,
77,4717,,4.045169771416113e-05,,
77,4718,,1.798067933123093e-05,,
77,4719,,2.9187598556745797e-05,,
77,4720,,0.00015039888967294246,,
77,4721,,2.7313491955283098e-05,,
77,4722,,1.6954989405348897e-05,,
77,4723,,2.360500548093114e-05,,
77,4724,,2.535126986913383e-05,,
77,4725,,2.1323097826098092e-05,,
77,4726,,2.35519928537542e-05,,
77,4727,,1.496875484008342e-05,,
77,4728,,2.661236430867575e-05,,
77,4729,,1.7365053281537257e-05,,
77,4730,,2.0113842765567824e-05,,
77,4731,,2.0862700694124214e-05,,
77,4732,,1.8489048670744523e-05,,
77,4733,,1.8349168385611847e-05,,
77,4734,,2.164137731597293e-05,,
77,4735,,2.0848317944910377e-05,,
77,4736,,2.182193929911591e-05,,
77,4737,,3.01137006317731e-05,,
77,4738,,2.2504027583636343e-05,,
77,4739,,3.353263309691101e-05,,
77,4740,,1.952654383785557e-05,,
77,4741,,2.462741576891858e-05,,
77,4742,,2.8859954909421504e-05,,
77,4743,,2.351819784962572e-05,,
77,4744,,2.6705894924816675e-05,,
77,4745,,2.701458470255602e-05,,
77,4746,,2.3288093871087767e-05,,
77,4747,,3.054390981560573e-05,,
77,4748,,2.025055800913833e-05,,
77,4749,,2.727162791416049e-05,,
77,4750,,2.998107265739236e-05,,
77,4751,,2.62413432210451e-05,,
77,4752,,2.7681206120178103e-05,,
77,4753,,2.651453178259544e-05,,
77,4754,,2.272249366797041e-05,,
77,4755,,1.834290560509544e-05,,
77,4756,,2.1186388039495796e-05,,
77,4757,,2.3862845409894362e-05,,
77,4757,,,3.0705373287200928,3.0064482416491956e-05
78,4758,,1.9821896785288118e-05,,
78,4759,,1.638504363654647e-05,,
78,4760,,2.0383220544317737e-05,,
78,4761,,2.9208944397396408e-05,,
78,4762,,2.6039069780381396e-05,,
78,4763,,3.230555012123659e-05,,
78,4764,,1.999198502744548e-05,,
78,4765,,2.9416274628601968e-05,,
78,4766,,2.1380319594754837e-05,,
78,4767,,4.115764386369847e-05,,
78,4768,,2.6023129976238124e-05,,
78,4769,,3.315824142191559e-05,,
78,4770,,2.0376315660541877e-05,,
78,4771,,2.2998647182248533e-05,,
78,4772,,1.9655115465866402e-05,,
78,4773,,2.6331488697906025e-05,,
78,4774,,2.110767127305735e-05,,
78,4775,,1.8734197510639206e-05,,
78,4776,,1.9747665646718815e-05,,
78,4777,,2.656468677741941e-05,,
78,4778,,1.6836509530548938e-05,,
78,4779,,2.423227851977572e-05,,
78,4780,,2.468527964083478e-05,,
78,4781,,2.4021846911637112e-05,,
78,4782,,2.0468794900807552e-05,,
78,4783,,2.9097824153723195e-05,,
78,4784,,2.2887246814207174e-05,,
78,4785,,1.9235494619351812e-05,,
78,4786,,1.944199357239995e-05,,
78,4787,,2.2315130991046317e-05,,
78,4788,,2.2636922949459404e-05,,
78,4789,,2.1147026927792467e-05,,
78,4790,,2.8217449653311633e-05,,
78,4791,,2.794958527374547e-05,,
78,4792,,2.5005188945215195e-05,,
78,4793,,1.904684177134186e-05,,
78,4794,,2.5160254153888673e-05,,
78,4795,,2.409610533504747e-05,,
78,4796,,2.2810605514678173e-05,,
78,4797,,1.886549398477655e-05,,
78,4798,,2.0852921807090752e-05,,
78,4799,,1.9759114366024733e-05,,
78,4800,,3.093137274845503e-05,,
78,4801,,2.8401655072229914e-05,,
78,4802,,3.533738345140591e-05,,
78,4803,,1.7689042579149827e-05,,
78,4804,,1.98597972485004e-05,,
78,4805,,2.9246828489704058e-05,,
78,4806,,2.841290734068025e-05,,
78,4807,,2.541905632824637e-05,,
78,4808,,1.94840322365053e-05,,
78,4809,,0.0001578917435836047,,
78,4810,,2.5645622372394428e-05,,
78,4811,,3.03258730127709e-05,,
78,4812,,2.178202885261271e-05,,
78,4813,,2.4301658413605765e-05,,
78,4814,,2.1313835532055236e-05,,
78,4815,,2.3643226086278446e-05,,
78,4816,,1.9108696506009437e-05,,
78,4817,,2.140040487574879e-05,,
78,4818,,2.9876649932703003e-05,,
78,4818,,,3.366328477859497,3.376424501766451e-05
79,4819,,2.0213636162225157e-05,,
79,4820,,1.7359179764753208e-05,,
79,4821,,3.0036246243980713e-05,,
79,4822,,2.2562109734280966e-05,,
79,4823,,2.076748751278501e-05,,
79,4824,,2.050439616141375e-05,,
79,4825,,1.6608484656899236e-05,,
79,4826,,2.4987715733004734e-05,,
79,4827,,3.1274477805709466e-05,,
79,4828,,1.6635518477414735e-05,,
79,4829,,1.9567063645808958e-05,,
79,4830,,2.251047408208251e-05,,
79,4831,,3.021779230039101e-05,,
79,4832,,2.7854919608216733e-05,,
79,4833,,2.3186699763755314e-05,,
79,4834,,1.5573132259305567e-05,,
79,4835,,2.2625074052484706e-05,,
79,4836,,2.5464965801802464e-05,,
79,4837,,2.63067504420178e-05,,
79,4838,,2.5427370928809978e-05,,
79,4839,,2.0219633370288648e-05,,
79,4840,,2.3187876649899408e-05,,
79,4841,,2.9044098482700065e-05,,
79,4842,,2.1124526028870605e-05,,
79,4843,,2.434206908219494e-05,,
79,4844,,2.9624459784827195e-05,,
79,4845,,2.541292633395642e-05,,
79,4846,,2.150950786017347e-05,,
79,4847,,2.1912977899773978e-05,,
79,4848,,3.059854861930944e-05,,
79,4849,,2.420057717245072e-05,,
79,4850,,2.058002064586617e-05,,
79,4851,,2.0816158212255687e-05,,
79,4852,,3.0116780180833302e-05,,
79,4853,,2.2786325644119643e-05,,
79,4854,,1.3720872630074155e-05,,
79,4855,,2.099122320942115e-05,,
79,4856,,0.00014365361130330712,,
79,4857,,1.599286770215258e-05,,
79,4858,,1.7446875062887557e-05,,
79,4859,,1.963243448699359e-05,,
79,4860,,2.6385603632661514e-05,,
79,4861,,1.9472938220133074e-05,,
79,4862,,3.148715040879324e-05,,
79,4863,,3.196747275069356e-05,,
79,4864,,2.9385662855929695e-05,,
79,4865,,1.9049102775170468e-05,,
79,4866,,2.0855917682638392e-05,,
79,4867,,2.8044669306837022e-05,,
79,4868,,2.1646324967150576e-05,,
79,4869,,2.5006102077895775e-05,,
79,4870,,2.0781633793376386e-05,,
79,4871,,1.943076858879067e-05,,
79,4872,,2.2084677766542882e-05,,
79,4873,,3.070284947170876e-05,,
79,4874,,1.9671320842462592e-05,,
79,4875,,2.3619088096893393e-05,,
79,4876,,1.6566164049436338e-05,,
79,4877,,2.3645363398827612e-05,,
79,4878,,2.5322040528408252e-05,,
79,4879,,2.1841633497388102e-05,,
79,4879,,,3.1017978191375732,2.981764373544138e-05
80,4880,,1.926580080180429e-05,,
80,4881,,2.2468431779998355e-05,,
80,4882,,2.0105031580897048e-05,,
80,4883,,2.2814474505139515e-05,,
80,4884,,2.048674832622055e-05,,
80,4885,,2.3057433281792328e-05,,
80,4886,,2.5728651962708682e-05,,
80,4887,,2.011202923313249e-05,,
80,4888,,2.46537420025561e-05,,
80,4889,,2.4411290723946877e-05,,
80,4890,,2.357431731070392e-05,,
80,4891,,2.7152309485245496e-05,,
80,4892,,2.227573531854432e-05,,
80,4893,,3.9919228584039956e-05,,
80,4894,,2.655230855452828e-05,,
80,4895,,2.6873052775044926e-05,,
80,4896,,0.00015422845899593085,,
80,4897,,2.3986214728211053e-05,,
80,4898,,2.071553171845153e-05,,
80,4899,,1.7072048649424687e-05,,
80,4900,,2.147648046957329e-05,,
80,4901,,3.0718878406332806e-05,,
80,4902,,2.575683902250603e-05,,
80,4903,,3.3410629839636385e-05,,
80,4904,,1.4707301488670055e-05,,
80,4905,,1.6117966879392043e-05,,
80,4906,,1.4401369298866484e-05,,
80,4907,,2.425154707452748e-05,,
80,4908,,1.629575672268402e-05,,
80,4909,,3.961642869398929e-05,,
80,4910,,2.275560109410435e-05,,
80,4911,,2.3724693164695054e-05,,
80,4912,,1.917814188345801e-05,,
80,4913,,2.8842512620030902e-05,,
80,4914,,2.802104427246377e-05,,
80,4915,,1.7525213479530066e-05,,
80,4916,,1.9179293303750455e-05,,
80,4917,,1.8382275811745785e-05,,
80,4918,,2.9780831027892418e-05,,
80,4919,,2.3051947209751233e-05,,
80,4920,,1.771244569681585e-05,,
80,4921,,1.8266651750309393e-05,,
80,4922,,3.19759565172717e-05,,
80,4923,,2.4173525162041187e-05,,
80,4924,,3.253474642406218e-05,,
80,4925,,3.1146912078838795e-05,,
80,4926,,2.6399557100376114e-05,,
80,4927,,2.6321153200115077e-05,,
80,4928,,2.3944945496623404e-05,,
80,4929,,1.824713035603054e-05,,
80,4930,,1.5640056517440826e-05,,
80,4931,,1.6634641724522226e-05,,
80,4932,,2.6394443921162747e-05,,
80,4933,,2.7991585739073344e-05,,
80,4934,,2.1686728359782137e-05,,
80,4935,,2.2603269826504402e-05,,
80,4936,,1.7319538528681733e-05,,
80,4937,,3.046894198632799e-05,,
80,4938,,2.133291491190903e-05,,
80,4939,,1.6026831872295588e-05,,
80,4940,,2.1584672140306793e-05,,
80,4940,,,3.5596911907196045,3.542639751685783e-05
81,4941,,2.1052035663160495e-05,,
81,4942,,2.1410312911029905e-05,,
81,4943,,1.7587239199201576e-05,,
81,4944,,3.203102096449584e-05,,
81,4945,,2.352958108531311e-05,,
81,4946,,2.127068000845611e-05,,
81,4947,,2.574546124378685e-05,,
81,4948,,2.2135896870167926e-05,,
81,4949,,2.2403424736694433e-05,,
81,4950,,2.4368870072066784e-05,,
81,4951,,2.8183543690829538e-05,,
81,4952,,2.308243165316526e-05,,
81,4953,,2.2125328541733325e-05,,
81,4954,,1.8914219253929332e-05,,
81,4955,,1.93550658877939e-05,,
81,4956,,2.5704590370878577e-05,,
81,4957,,0.00013896248128730804,,
81,4958,,2.3007512936601415e-05,,
81,4959,,2.3104566935217008e-05,,
81,4960,,1.625423647055868e-05,,
81,4961,,2.1728419596911408e-05,,
81,4962,,1.555538437969517e-05,,
81,4963,,2.272483652632218e-05,,
81,4964,,3.184204615536146e-05,,
81,4965,,1.708935269562062e-05,,
81,4966,,2.8695847504423e-05,,
81,4967,,2.5667268346296623e-05,,
81,4968,,2.0743784261867404e-05,,
81,4969,,2.6363431970821694e-05,,
81,4970,,2.406719431746751e-05,,
81,4971,,3.2044546969700605e-05,,
81,4972,,2.9373562938417308e-05,,
81,4973,,2.1034604287706316e-05,,
81,4974,,2.291844430146739e-05,,
81,4975,,2.0972738639102317e-05,,
81,4976,,3.166678288835101e-05,,
81,4977,,2.4216249585151672e-05,,
81,4978,,1.716655788186472e-05,,
81,4979,,2.532385587983299e-05,,
81,4980,,1.4967632523621432e-05,,
81,4981,,2.492289240763057e-05,,
81,4982,,2.2521304344991222e-05,,
81,4983,,1.8719736544881016e-05,,
81,4984,,2.212138679169584e-05,,
81,4985,,2.477741327311378e-05,,
81,4986,,2.3798491383786313e-05,,
81,4987,,2.206675890192855e-05,,
81,4988,,1.5498508219025098e-05,,
81,4989,,1.8556591385276988e-05,,
81,4990,,2.725774174905382e-05,,
81,4991,,2.3634165700059384e-05,,
81,4992,,2.8700302209472284e-05,,
81,4993,,2.0489136659307405e-05,,
81,4994,,2.424331432848703e-05,,
81,4995,,2.023225351877045e-05,,
81,4996,,3.0703795346198604e-05,,
81,4997,,2.005349233513698e-05,,
81,4998,,3.086864307988435e-05,,
81,4999,,1.6524938473594375e-05,,
81,5000,,2.8093267246731557e-05,,
81,5001,,1.8858641851693392e-05,,
81,5001,,,3.2938356399536133,3.254409966757521e-05
82,5002,,1.743885331961792e-05,,
82,5003,,2.025270259764511e-05,,
82,5004,,1.909551974677015e-05,,
82,5005,,2.4590284738224e-05,,
82,5006,,2.018046325247269e-05,,
82,5007,,2.1740472220699303e-05,,
82,5008,,2.8666958314715885e-05,,
82,5009,,2.5698142053443007e-05,,
82,5010,,2.416240567981731e-05,,
82,5011,,1.4921231922926381e-05,,
82,5012,,1.695828359515872e-05,,
82,5013,,2.3895336198620498e-05,,
82,5014,,2.785601100185886e-05,,
82,5015,,3.204449967597611e-05,,
82,5016,,1.9092880393145606e-05,,
82,5017,,2.6866779080592096e-05,,
82,5018,,2.0884626792394556e-05,,
82,5019,,2.5762541554286145e-05,,
82,5020,,2.5591192752472125e-05,,
82,5021,,2.628822585393209e-05,,
82,5022,,2.2154326870804653e-05,,
82,5023,,2.4573066184530035e-05,,
82,5024,,1.9009878087672405e-05,,
82,5025,,2.2789014110458083e-05,,
82,5026,,1.793682895367965e-05,,
82,5027,,2.57832944043912e-05,,
82,5028,,2.8798649509553798e-05,,
82,5029,,2.2844929844723083e-05,,
82,5030,,2.338856938877143e-05,,
82,5031,,3.0448769393842667e-05,,
82,5032,,1.9894117940566503e-05,,
82,5033,,1.8585615180199966e-05,,
82,5034,,2.1042349544586614e-05,,
82,5035,,2.2871294277138077e-05,,
82,5036,,2.2102214643382467e-05,,
82,5037,,2.7982778192381375e-05,,
82,5038,,2.8877806471427903e-05,,
82,5039,,3.6725290556205437e-05,,
82,5040,,2.001632128667552e-05,,
82,5041,,2.0109842807869427e-05,,
82,5042,,1.712989433144685e-05,,
82,5043,,1.8445680325385183e-05,,
82,5044,,2.4164699425455183e-05,,
82,5045,,2.0332878193585202e-05,,
82,5046,,1.7658943761489354e-05,,
82,5047,,0.00015062352758832276,,
82,5048,,2.548037991800811e-05,,
82,5049,,2.153430432372261e-05,,
82,5050,,2.795799809973687e-05,,
82,5051,,2.232340739283245e-05,,
82,5052,,2.173949178541079e-05,,
82,5053,,1.8487931811250746e-05,,
82,5054,,2.5862102120299824e-05,,
82,5055,,1.829381290008314e-05,,
82,5056,,2.0376499378471635e-05,,
82,5057,,2.8262962587177753e-05,,
82,5058,,2.2024038116796874e-05,,
82,5059,,3.741127875400707e-05,,
82,5060,,2.7608730306383222e-05,,
82,5061,,2.7186419174540788e-05,,
82,5062,,1.8049069694825448e-05,,
82,5062,,,3.1190383434295654,3.048889630008489e-05
83,5063,,3.210298018530011e-05,,
83,5064,,2.464045974193141e-05,,
83,5065,,3.2619183912174776e-05,,
83,5066,,1.7180715076392516e-05,,
83,5067,,2.3793958462192677e-05,,
83,5068,,2.6329995307605714e-05,,
83,5069,,2.2559288481716067e-05,,
83,5070,,3.5475179174682125e-05,,
83,5071,,2.0524563296930864e-05,,
83,5072,,2.0542822312563658e-05,,
83,5073,,3.2856518373591825e-05,,
83,5074,,3.236812335671857e-05,,
83,5075,,2.5670422473922372e-05,,
83,5076,,1.925167816807516e-05,,
83,5077,,2.250486249977257e-05,,
83,5078,,2.1863339497940615e-05,,
83,5079,,2.184692675655242e-05,,
83,5080,,1.6465441149193794e-05,,
83,5081,,2.2707696189172566e-05,,
83,5082,,2.0873916582786478e-05,,
83,5083,,3.6783483665203676e-05,,
83,5084,,2.7784644771600142e-05,,
83,5085,,3.0306229746202007e-05,,
83,5086,,1.6895641238079406e-05,,
83,5087,,3.0247018003137782e-05,,
83,5088,,2.2346215700963512e-05,,
83,5089,,2.056437915598508e-05,,
83,5090,,2.143131678167265e-05,,
83,5091,,1.5888615962467156e-05,,
83,5092,,2.0667050193878822e-05,,
83,5093,,2.2063155483920127e-05,,
83,5094,,3.28102323692292e-05,,
83,5095,,2.700388358789496e-05,,
83,5096,,3.125866351183504e-05,,
83,5097,,1.7548329196870327e-05,,
83,5098,,1.5491832527914084e-05,,
83,5099,,2.914157994382549e-05,,
83,5100,,1.8121876564691775e-05,,
83,5101,,2.5420198653591797e-05,,
83,5102,,1.6144844266818836e-05,,
83,5103,,2.5481018383288756e-05,,
83,5104,,2.258747372252401e-05,,
83,5105,,1.970850644283928e-05,,
83,5106,,2.2668753445032053e-05,,
83,5107,,2.4025712264119647e-05,,
83,5108,,2.693353599170223e-05,,
83,5109,,2.1214187654550187e-05,,
83,5110,,2.4197157472372055e-05,,
83,5111,,2.498181493137963e-05,,
83,5112,,1.5132824955799151e-05,,
83,5113,,2.350999420741573e-05,,
83,5114,,1.885343954199925e-05,,
83,5115,,2.546340510889422e-05,,
83,5116,,0.0001400176843162626,,
83,5117,,2.0162873624940403e-05,,
83,5118,,2.2198428268893622e-05,,
83,5119,,2.035414036072325e-05,,
83,5120,,2.4740291337366216e-05,,
83,5121,,2.2943599105929025e-05,,
83,5122,,2.1300744265317917e-05,,
83,5123,,2.1270681827445515e-05,,
83,5123,,,3.3154945373535156,3.2674186513759196e-05
84,5124,,1.987241194001399e-05,,
84,5125,,1.3156495697330683e-05,,
84,5126,,1.807547960197553e-05,,
84,5127,,2.6798432372743264e-05,,
84,5128,,2.3084639906301163e-05,,
84,5129,,2.716422750381753e-05,,
84,5130,,2.652698640304152e-05,,
84,5131,,2.926060369645711e-05,,
84,5132,,1.7357802789774723e-05,,
84,5133,,1.9978191630798392e-05,,
84,5134,,2.3919003069750033e-05,,
84,5135,,1.7867814676719718e-05,,
84,5136,,1.8605920558911748e-05,,
84,5137,,2.769034654193092e-05,,
84,5138,,1.3786139788862783e-05,,
84,5139,,1.4635096704296302e-05,,
84,5140,,2.7379246603231877e-05,,
84,5141,,1.6326124750776216e-05,,
84,5142,,2.8288552130106837e-05,,
84,5143,,2.3231770683196373e-05,,
84,5144,,2.3068439986673184e-05,,
84,5145,,1.83855663635768e-05,,
84,5146,,1.6762694940553047e-05,,
84,5147,,2.1558033040491864e-05,,
84,5148,,2.0803880033781752e-05,,
84,5149,,1.8416885723127052e-05,,
84,5150,,2.41075103986077e-05,,
84,5151,,3.0448567486018874e-05,,
84,5152,,2.500596565369051e-05,,
84,5153,,2.8586797270691022e-05,,
84,5154,,2.2873786292620935e-05,,
84,5155,,2.182203024858609e-05,,
84,5156,,3.196728357579559e-05,,
84,5157,,1.8324903066968545e-05,,
84,5158,,3.181399006280117e-05,,
84,5159,,2.6659654395189136e-05,,
84,5160,,0.0001407605450367555,,
84,5161,,2.552512705733534e-05,,
84,5162,,2.2543332306668162e-05,,
84,5163,,2.3543670977232978e-05,,
84,5164,,2.069302172458265e-05,,
84,5165,,2.733454675762914e-05,,
84,5166,,1.5392039131256752e-05,,
84,5167,,3.132048368570395e-05,,
84,5168,,3.284650665591471e-05,,
84,5169,,2.4918897906900384e-05,,
84,5170,,2.0410740035003982e-05,,
84,5171,,1.6215784853557125e-05,,
84,5172,,2.4701195798115805e-05,,
84,5173,,1.6289315681206062e-05,,
84,5174,,3.710499368025921e-05,,
84,5175,,2.9835284294676967e-05,,
84,5176,,2.3741307813907042e-05,,
84,5177,,1.5850730051170103e-05,,
84,5178,,1.7683099940768443e-05,,
84,5179,,2.239260902570095e-05,,
84,5180,,2.248559940198902e-05,,
84,5181,,1.856971539382357e-05,,
84,5182,,2.0996176317567006e-05,,
84,5183,,3.070056845899671e-05,,
84,5184,,2.1672049115295522e-05,,
84,5184,,,3.307640552520752,3.324438148410991e-05
85,5185,,1.9898654500138946e-05,,
85,5186,,2.2321475626085885e-05,,
85,5187,,2.028267044806853e-05,,
85,5188,,1.79891794687137e-05,,
85,5189,,1.4942737834644504e-05,,
85,5190,,2.7539235816220753e-05,,
85,5191,,2.1865607777726837e-05,,
85,5192,,2.3784974473528564e-05,,
85,5193,,2.643767584231682e-05,,
85,5194,,4.2694064177339897e-05,,
85,5195,,1.7539674445288256e-05,,
85,5196,,1.782194885890931e-05,,
85,5197,,1.949199941009283e-05,,
85,5198,,1.9882791093550622e-05,,
85,5199,,1.2252112355781719e-05,,
85,5200,,2.16385906242067e-05,,
85,5201,,1.4304619980975986e-05,,
85,5202,,2.0215798940625973e-05,,
85,5203,,2.277471503475681e-05,,
85,5204,,2.5275488951592706e-05,,
85,5205,,2.3800512281013653e-05,,
85,5206,,2.4778251827228814e-05,,
85,5207,,1.5945777704473585e-05,,
85,5208,,2.7318954380461946e-05,,
85,5209,,1.7320293409284204e-05,,
85,5210,,3.8112302718218416e-05,,
85,5211,,2.5711617126944475e-05,,
85,5212,,2.619246515678242e-05,,
85,5213,,3.6304765671957284e-05,,
85,5214,,3.118694803561084e-05,,
85,5215,,2.6427947886986658e-05,,
85,5216,,2.52671761700185e-05,,
85,5217,,1.7059104720829055e-05,,
85,5218,,2.30074019782478e-05,,
85,5219,,2.811554804793559e-05,,
85,5220,,1.722329034237191e-05,,
85,5221,,2.4736238628975116e-05,,
85,5222,,2.7169222448719665e-05,,
85,5223,,3.56730779458303e-05,,
85,5224,,2.5476399969193153e-05,,
85,5225,,2.6701431124820374e-05,,
85,5226,,1.8202255887445062e-05,,
85,5227,,1.8908251149696298e-05,,
85,5228,,1.4227628525986802e-05,,
85,5229,,1.769474329194054e-05,,
85,5230,,1.7530235709273256e-05,,
85,5231,,0.00014232483226805925,,
85,5232,,1.5307550711440854e-05,,
85,5233,,2.6435653126100078e-05,,
85,5234,,3.135125007247552e-05,,
85,5235,,2.845541348506231e-05,,
85,5236,,2.2711887140758336e-05,,
85,5237,,2.7403719286667183e-05,,
85,5238,,1.6881254850886762e-05,,
85,5239,,2.1148887753952295e-05,,
85,5240,,1.5174279724305961e-05,,
85,5241,,1.5291176168830134e-05,,
85,5242,,2.1448022380354814e-05,,
85,5243,,2.9446950065903366e-05,,
85,5244,,3.464214751147665e-05,,
85,5245,,1.7506446965853684e-05,,
85,5245,,,3.1556596755981445,3.129395918222144e-05
86,5246,,1.9891174815711565e-05,,
86,5247,,2.46459439949831e-05,,
86,5248,,2.0177396436338313e-05,,
86,5249,,2.869493982871063e-05,,
86,5250,,2.4448660042253323e-05,,
86,5251,,0.0001438911713194102,,
86,5252,,2.3428450731444173e-05,,
86,5253,,1.940932997968048e-05,,
86,5254,,2.02713690669043e-05,,
86,5255,,1.788204644981306e-05,,
86,5256,,1.2244486242707353e-05,,
86,5257,,2.2404317860491574e-05,,
86,5258,,1.93181313079549e-05,,
86,5259,,2.5868708689813502e-05,,
86,5260,,1.891169449663721e-05,,
86,5261,,3.547813685145229e-05,,
86,5262,,2.7313179089105688e-05,,
86,5263,,2.5079263650695793e-05,,
86,5264,,2.3326350856223144e-05,,
86,5265,,2.1061134248157032e-05,,
86,5266,,2.116997893608641e-05,,
86,5267,,2.3508981030317955e-05,,
86,5268,,3.024069155799225e-05,,
86,5269,,2.4742481400608085e-05,,
86,5270,,2.6291398171451874e-05,,
86,5271,,2.1099203877383843e-05,,
86,5272,,2.5558796551194973e-05,,
86,5273,,3.4553992009023204e-05,,
86,5274,,1.772445648384746e-05,,
86,5275,,2.292425779160112e-05,,
86,5276,,1.597983282408677e-05,,
86,5277,,2.6356621674494818e-05,,
86,5278,,2.4574390408815816e-05,,
86,5279,,2.6655323381419294e-05,,
86,5280,,3.201801155228168e-05,,
86,5281,,1.799658639356494e-05,,
86,5282,,2.2929076294531114e-05,,
86,5283,,2.0804178348043934e-05,,
86,5284,,2.5347964765387587e-05,,
86,5285,,1.9915860320907086e-05,,
86,5286,,2.0677105567301624e-05,,
86,5287,,1.1587042536120862e-05,,
86,5288,,2.212893195974175e-05,,
86,5289,,1.5881643776083365e-05,,
86,5290,,3.276250572525896e-05,,
86,5291,,2.1091693270136602e-05,,
86,5292,,1.600951873115264e-05,,
86,5293,,2.2636435460299253e-05,,
86,5294,,2.0096395019209012e-05,,
86,5295,,2.6903349862550385e-05,,
86,5296,,2.6535875804256648e-05,,
86,5297,,2.6256737328367308e-05,,
86,5298,,1.90746141015552e-05,,
86,5299,,2.5484152502031066e-05,,
86,5300,,1.8157285012421198e-05,,
86,5301,,2.5922421627910808e-05,,
86,5302,,2.123817648680415e-05,,
86,5303,,1.7257272702408955e-05,,
86,5304,,1.4804259990341961e-05,,
86,5305,,2.8403230317053385e-05,,
86,5306,,2.9634133170475252e-05,,
86,5306,,,3.4185683727264404,3.449281575740315e-05
87,5307,,2.3057558792061172e-05,,
87,5308,,1.9539867935236543e-05,,
87,5309,,2.546580981288571e-05,,
87,5310,,1.7969452528632246e-05,,
87,5311,,1.903319571283646e-05,,
87,5312,,0.00012760715617332608,,
87,5313,,2.7001206035492942e-05,,
87,5314,,3.444914545980282e-05,,
87,5315,,2.1818867026013322e-05,,
87,5316,,2.5585053663235158e-05,,
87,5317,,1.8001699572778307e-05,,
87,5318,,2.1521231246879324e-05,,
87,5319,,2.489890539436601e-05,,
87,5320,,2.5083398213610053e-05,,
87,5321,,3.1335373932961375e-05,,
87,5322,,2.7745678380597383e-05,,
87,5323,,2.1352283511077985e-05,,
87,5324,,1.6542702724109404e-05,,
87,5325,,2.358144411118701e-05,,
87,5326,,1.7676309653325006e-05,,
87,5327,,1.7456286514061503e-05,,
87,5328,,2.524576302675996e-05,,
87,5329,,2.9268059734022245e-05,,
87,5330,,1.967457683349494e-05,,
87,5331,,1.9931068891310133e-05,,
87,5332,,3.700137312989682e-05,,
87,5333,,2.224370837211609e-05,,
87,5334,,2.380085425102152e-05,,
87,5335,,2.5751029170351103e-05,,
87,5336,,2.109121487592347e-05,,
87,5337,,2.336927536816802e-05,,
87,5338,,2.2811982489656657e-05,,
87,5339,,1.8371025362284854e-05,,
87,5340,,1.9495848391670734e-05,,
87,5341,,1.8935705156764016e-05,,
87,5342,,1.954631989065092e-05,,
87,5343,,2.6351193810114637e-05,,
87,5344,,3.089073652517982e-05,,
87,5345,,2.598149330879096e-05,,
87,5346,,1.8225178791908547e-05,,
87,5347,,2.033920281974133e-05,,
87,5348,,2.16832722799154e-05,,
87,5349,,2.318888800800778e-05,,
87,5350,,2.1755751731689088e-05,,
87,5351,,1.6756584955146536e-05,,
87,5352,,2.3716633222647943e-05,,
87,5353,,2.463545388309285e-05,,
87,5354,,1.5785530194989406e-05,,
87,5355,,2.5047458620974794e-05,,
87,5356,,2.1286876290105283e-05,,
87,5357,,1.9218059605918825e-05,,
87,5358,,2.0413563106558286e-05,,
87,5359,,3.4393800888210535e-05,,
87,5360,,4.190684194327332e-05,,
87,5361,,2.1435334929265082e-05,,
87,5362,,2.2660889953840524e-05,,
87,5363,,3.020160693267826e-05,,
87,5364,,1.7425934856873937e-05,,
87,5365,,1.5168515346886124e-05,,
87,5366,,3.0344010156113654e-05,,
87,5367,,2.270962249895092e-05,,
87,5367,,,3.5685932636260986,3.505303175188601e-05
88,5368,,1.6343057723133825e-05,,
88,5369,,2.2094960513641126e-05,,
88,5370,,2.1176867448957637e-05,,
88,5371,,1.8441962311044335e-05,,
88,5372,,1.9927736502722837e-05,,
88,5373,,2.7873351427842863e-05,,
88,5374,,1.6318361304001883e-05,,
88,5375,,3.2687035854905844e-05,,
88,5376,,2.024785862886347e-05,,
88,5377,,2.933705400209874e-05,,
88,5378,,2.78277657344006e-05,,
88,5379,,1.813554627005942e-05,,
88,5380,,1.885684105218388e-05,,
88,5381,,2.5551462385919876e-05,,
88,5382,,1.845514270826243e-05,,
88,5383,,1.7902055333252065e-05,,
88,5384,,1.805423562473152e-05,,
88,5385,,2.7508627681527287e-05,,
88,5386,,2.1559819288086146e-05,,
88,5387,,2.097168362524826e-05,,
88,5388,,3.0232635253923945e-05,,
88,5389,,1.673172300797887e-05,,
88,5390,,2.028512244578451e-05,,
88,5391,,1.8928876670543104e-05,,
88,5392,,2.1825480871484615e-05,,
88,5393,,2.2872513000038452e-05,,
88,5394,,2.4380367904086597e-05,,
88,5395,,1.707257797534112e-05,,
88,5396,,2.2974867533775978e-05,,
88,5397,,2.2410986275644973e-05,,
88,5398,,2.2826998247182928e-05,,
88,5399,,1.7584294255357236e-05,,
88,5400,,1.945290387084242e-05,,
88,5401,,2.344671702303458e-05,,
88,5402,,3.225590626243502e-05,,
88,5403,,2.0835821487708017e-05,,
88,5404,,1.9571551092667505e-05,,
88,5405,,2.7000291083822958e-05,,
88,5406,,1.5601188351865858e-05,,
88,5407,,1.7385204046149738e-05,,
88,5408,,1.766926834534388e-05,,
88,5409,,0.0001404329959768802,,
88,5410,,2.856516766769346e-05,,
88,5411,,2.0122575733694248e-05,,
88,5412,,3.0017799872439355e-05,,
88,5413,,2.091755777655635e-05,,
88,5414,,1.7339618352707475e-05,,
88,5415,,2.3844069801270962e-05,,
88,5416,,2.6174908271059394e-05,,
88,5417,,2.636662065924611e-05,,
88,5418,,2.123662670783233e-05,,
88,5419,,2.609257171570789e-05,,
88,5420,,1.760154918883927e-05,,
88,5421,,2.100732126564253e-05,,
88,5422,,2.9542232368839905e-05,,
88,5423,,4.54717519460246e-05,,
88,5424,,2.3898206563899294e-05,,
88,5425,,1.575101850903593e-05,,
88,5426,,2.5966444809455425e-05,,
88,5427,,4.201752017252147e-05,,
88,5428,,4.1168517782352865e-05,,
88,5428,,,3.5916097164154053,3.5718268918571994e-05
89,5429,,3.191527503076941e-05,,
89,5430,,2.393101021880284e-05,,
89,5431,,2.050427792710252e-05,,
89,5432,,2.3617807528353296e-05,,
89,5433,,2.0540615878417157e-05,,
89,5434,,2.3205655452329665e-05,,
89,5435,,1.822621561586857e-05,,
89,5436,,2.7263884476269595e-05,,
89,5437,,2.279797990922816e-05,,
89,5438,,2.5567429474904202e-05,,
89,5439,,1.7443422620999627e-05,,
89,5440,,1.9241995687480085e-05,,
89,5441,,2.6915906346403062e-05,,
89,5442,,2.319655141036492e-05,,
89,5443,,2.036701152974274e-05,,
89,5444,,0.00014017042121849954,,
89,5445,,1.729556061036419e-05,,
89,5446,,1.4605081560148392e-05,,
89,5447,,1.8559525415184908e-05,,
89,5448,,2.3281028916244395e-05,,
89,5449,,1.737506863719318e-05,,
89,5450,,1.7710946849547327e-05,,
89,5451,,2.0225479602231644e-05,,
89,5452,,1.4798873962718062e-05,,
89,5453,,2.8366006517899223e-05,,
89,5454,,1.967036587302573e-05,,
89,5455,,2.7039799533667974e-05,,
89,5456,,1.914867971208878e-05,,
89,5457,,1.5595600416418165e-05,,
89,5458,,2.0711737306555733e-05,,
89,5459,,1.658170913287904e-05,,
89,5460,,1.5051562513690442e-05,,
89,5461,,1.793691990314983e-05,,
89,5462,,1.1478977285150904e-05,,
89,5463,,2.2343205273500644e-05,,
89,5464,,2.4308301362907514e-05,,
89,5465,,2.1645328160957433e-05,,
89,5466,,2.8232963813934475e-05,,
89,5467,,1.6945174138527364e-05,,
89,5468,,2.6046816856251098e-05,,
89,5469,,2.551839679654222e-05,,
89,5470,,1.9939656340284273e-05,,
89,5471,,3.029878280358389e-05,,
89,5472,,1.8981227185577154e-05,,
89,5473,,1.815541327232495e-05,,
89,5474,,1.237762080563698e-05,,
89,5475,,2.6647763661458157e-05,,
89,5476,,1.87643581739394e-05,,
89,5477,,2.2003334379405715e-05,,
89,5478,,2.0863833924522623e-05,,
89,5479,,2.2021793483872898e-05,,
89,5480,,2.2068283215048723e-05,,
89,5481,,1.966704076039605e-05,,
89,5482,,3.159707193844952e-05,,
89,5483,,1.795220850908663e-05,,
89,5484,,3.321448457427323e-05,,
89,5485,,2.392086389590986e-05,,
89,5486,,2.7939642677665688e-05,,
89,5487,,1.3728165868087672e-05,,
89,5488,,4.1741794120753184e-05,,
89,5489,,3.165335510857403e-05,,
89,5489,,,3.329779624938965,3.3065145544242114e-05
90,5490,,1.769306618371047e-05,,
90,5491,,1.8262519006384537e-05,,
90,5492,,1.9092100046691485e-05,,
90,5493,,1.6038728062994778e-05,,
90,5494,,2.24464474740671e-05,,
90,5495,,2.595016485429369e-05,,
90,5496,,1.941904156410601e-05,,
90,5497,,1.5455652828677557e-05,,
90,5498,,1.6038120520533994e-05,,
90,5499,,2.334328746655956e-05,,
90,5500,,2.314392440894153e-05,,
90,5501,,2.1649197151418775e-05,,
90,5502,,1.8968828953802586e-05,,
90,5503,,1.4843006283626892e-05,,
90,5504,,2.1102827304275706e-05,,
90,5505,,3.283175465185195e-05,,
90,5506,,3.689070217660628e-05,,
90,5507,,1.8267899577040225e-05,,
90,5508,,2.0880785086774267e-05,,
90,5509,,2.7442712962510996e-05,,
90,5510,,1.762535612215288e-05,,
90,5511,,2.175733243348077e-05,,
90,5512,,2.65330818365328e-05,,
90,5513,,2.004456109716557e-05,,
90,5514,,2.1487461708602495e-05,,
90,5515,,1.6165082342922688e-05,,
90,5516,,2.844335904228501e-05,,
90,5517,,2.0934023268637247e-05,,
90,5518,,1.8478442143532448e-05,,
90,5519,,2.5285367883043364e-05,,
90,5520,,2.0688839867943898e-05,,
90,5521,,0.00012569598038680851,,
90,5522,,2.6792749849846587e-05,,
90,5523,,2.7782316465163603e-05,,
90,5524,,2.515276355552487e-05,,
90,5525,,3.313218257972039e-05,,
90,5526,,1.4625011317548342e-05,,
90,5527,,2.47024763666559e-05,,
90,5528,,1.5663392332498915e-05,,
90,5529,,1.707969386188779e-05,,
90,5530,,1.6538348063477315e-05,,
90,5531,,3.734534402610734e-05,,
90,5532,,2.4638200557092205e-05,,
90,5533,,2.2243484636419453e-05,,
90,5534,,1.998786501644645e-05,,
90,5535,,1.8178316167904995e-05,,
90,5536,,1.8309323422727175e-05,,
90,5537,,2.453022898407653e-05,,
90,5538,,3.79760967916809e-05,,
90,5539,,1.750450064719189e-05,,
90,5540,,2.194107037212234e-05,,
90,5541,,2.006312206503935e-05,,
90,5542,,2.235529427707661e-05,,
90,5543,,2.1809526515426114e-05,,
90,5544,,1.9004979549208656e-05,,
90,5545,,3.504216147121042e-05,,
90,5546,,2.6313015041523613e-05,,
90,5547,,2.2738362531526946e-05,,
90,5548,,1.5373792848549783e-05,,
90,5549,,2.0480190869420767e-05,,
90,5550,,1.837500349211041e-05,,
90,5550,,,3.280818223953247,3.329645551275462e-05
91,5551,,2.3169150153989904e-05,,
91,5552,,4.303565583541058e-05,,
91,5553,,3.3606796932872385e-05,,
91,5554,,1.8638258552527986e-05,,
91,5555,,2.320380554010626e-05,,
91,5556,,1.7979520634980872e-05,,
91,5557,,1.4414414181374013e-05,,
91,5558,,1.5936449926812202e-05,,
91,5559,,1.9126127881463617e-05,,
91,5560,,2.4883729565772228e-05,,
91,5561,,0.00013035393203608692,,
91,5562,,2.7135041818837635e-05,,
91,5563,,1.8607859601615928e-05,,
91,5564,,2.075145130220335e-05,,
91,5565,,1.6413259800174274e-05,,
91,5566,,2.400863559159916e-05,,
91,5567,,2.974486596940551e-05,,
91,5568,,2.1381292754085734e-05,,
91,5569,,1.8201708371634595e-05,,
91,5570,,1.8614742657518946e-05,,
91,5571,,2.26225056394469e-05,,
91,5572,,2.3127409804146737e-05,,
91,5573,,2.3121536287362687e-05,,
91,5574,,1.4479923265753314e-05,,
91,5575,,2.8304399165790528e-05,,
91,5576,,2.0093848434044048e-05,,
91,5577,,2.3534112187917344e-05,,
91,5578,,2.0785228116437793e-05,,
91,5579,,2.5593210011720657e-05,,
91,5580,,2.4101213057292625e-05,,
91,5581,,2.320102066732943e-05,,
91,5582,,2.4510189177817665e-05,,
91,5583,,2.625496381369885e-05,,
91,5584,,2.1323474356904626e-05,,
91,5585,,2.3912249162094668e-05,,
91,5586,,2.21082336793188e-05,,
91,5587,,1.930680446093902e-05,,
91,5588,,3.492371251923032e-05,,
91,5589,,2.6924486519419588e-05,,
91,5590,,1.8401762645225972e-05,,
91,5591,,1.7331394701614045e-05,,
91,5592,,2.2497280951938592e-05,,
91,5593,,1.9446957594482228e-05,,
91,5594,,1.666143725742586e-05,,
91,5595,,1.1871829883602913e-05,,
91,5596,,1.92168154171668e-05,,
91,5597,,2.328197479073424e-05,,
91,5598,,1.732610871840734e-05,,
91,5599,,2.2280217308434658e-05,,
91,5600,,1.5997809896362014e-05,,
91,5601,,2.281681190652307e-05,,
91,5602,,2.1249274141155183e-05,,
91,5603,,1.8894654203904793e-05,,
91,5604,,1.6987449271255173e-05,,
91,5605,,1.4980422747612465e-05,,
91,5606,,2.0958328605047427e-05,,
91,5607,,2.8438966182875447e-05,,
91,5608,,2.532604048610665e-05,,
91,5609,,2.6175166567554697e-05,,
91,5610,,2.5576999178156257e-05,,
91,5611,,1.4350092897075228e-05,,
91,5611,,,3.3666346073150635,3.3773292670957744e-05
92,5612,,1.6681335182511248e-05,,
92,5613,,1.5990208339644596e-05,,
92,5614,,2.437746115901973e-05,,
92,5615,,1.88004214578541e-05,,
92,5616,,2.6720346795627847e-05,,
92,5617,,2.1154166461201385e-05,,
92,5618,,1.9921180864912458e-05,,
92,5619,,1.5043607163534034e-05,,
92,5620,,2.273937570862472e-05,,
92,5621,,2.3794387743691914e-05,,
92,5622,,2.2410176825360395e-05,,
92,5623,,1.3809948541165795e-05,,
92,5624,,2.420601958874613e-05,,
92,5625,,2.1030424250056967e-05,,
92,5626,,2.3335966034210287e-05,,
92,5627,,1.9507206161506474e-05,,
92,5628,,1.3855665201845113e-05,,
92,5629,,1.975499799300451e-05,,
92,5630,,1.924516800499987e-05,,
92,5631,,1.8624443328008056e-05,,
92,5632,,1.9927510948036797e-05,,
92,5633,,2.5952051146305166e-05,,
92,5634,,2.154782305296976e-05,,
92,5635,,2.700578079384286e-05,,
92,5636,,1.47765267684008e-05,,
92,5637,,2.3465468984795734e-05,,
92,5638,,2.0233308532624505e-05,,
92,5639,,2.634493102959823e-05,,
92,5640,,2.0580519048962742e-05,,
92,5641,,2.7034435333916917e-05,,
92,5642,,2.5747614927240647e-05,,
92,5643,,2.7570287784328684e-05,,
92,5644,,1.927296762005426e-05,,
92,5645,,2.2940270355320536e-05,,
92,5646,,1.6158082871697843e-05,,
92,5647,,1.973870712390635e-05,,
92,5648,,2.381645390414633e-05,,
92,5649,,2.982813020935282e-05,,
92,5650,,2.31281610467704e-05,,
92,5651,,1.866173988673836e-05,,
92,5652,,2.596048580016941e-05,,
92,5653,,2.1688490960514173e-05,,
92,5654,,3.0275807148427702e-05,,
92,5655,,2.105398198182229e-05,,
92,5656,,2.1998352167429402e-05,,
92,5657,,4.1174647776642814e-05,,
92,5658,,1.7038857549778186e-05,,
92,5659,,1.93444484466454e-05,,
92,5660,,1.884032644738909e-05,,
92,5661,,0.0001301841693930328,,
92,5662,,1.8797387383528985e-05,,
92,5663,,2.2063448341214098e-05,,
92,5664,,1.6718839106033556e-05,,
92,5665,,3.0929870263207704e-05,,
92,5666,,1.844780308601912e-05,,
92,5667,,2.204801421612501e-05,,
92,5668,,1.54253048094688e-05,,
92,5669,,2.3692884496995248e-05,,
92,5670,,2.210570892202668e-05,,
92,5671,,1.766863169905264e-05,,
92,5672,,2.3411081201629713e-05,,
92,5672,,,3.413788318634033,3.291866960353218e-05
93,5673,,3.817661854554899e-05,,
93,5674,,2.2264457584242336e-05,,
93,5675,,1.781410537660122e-05,,
93,5676,,2.4939028662629426e-05,,
93,5677,,1.5012095900601707e-05,,
93,5678,,2.5982728402595967e-05,,
93,5679,,1.6508793123648502e-05,,
93,5680,,2.2767519112676382e-05,,
93,5681,,2.5901961635099724e-05,,
93,5682,,1.7903805201058276e-05,,
93,5683,,3.063532858504914e-05,,
93,5684,,2.8838174330303445e-05,,
93,5685,,1.6963038433459587e-05,,
93,5686,,2.545887400628999e-05,,
93,5687,,1.5400721167679876e-05,,
93,5688,,1.4130565432424191e-05,,
93,5689,,1.687935036898125e-05,,
93,5690,,1.7488026060163975e-05,,
93,5691,,2.0343246433185413e-05,,
93,5692,,3.850924258586019e-05,,
93,5693,,2.721488635870628e-05,,
93,5694,,2.6715277272160165e-05,,
93,5695,,2.005543683480937e-05,,
93,5696,,2.4175789803848602e-05,,
93,5697,,1.8096257917932235e-05,,
93,5698,,1.745384906826075e-05,,
93,5699,,2.1896667021792382e-05,,
93,5700,,0.0001294566463911906,,
93,5701,,1.5876939869485795e-05,,
93,5702,,2.5906892915372737e-05,,
93,5703,,2.2238762539927848e-05,,
93,5704,,2.0078176021343097e-05,,
93,5705,,2.211791434092447e-05,,
93,5706,,2.160692383768037e-05,,
93,5707,,2.0751065676449798e-05,,
93,5708,,2.3938882804941386e-05,,
93,5709,,2.980160206789151e-05,,
93,5710,,2.199746813857928e-05,,
93,5711,,2.152823617507238e-05,,
93,5712,,1.3564340406446718e-05,,
93,5713,,2.239522109448444e-05,,
93,5714,,2.0016907001263462e-05,,
93,5715,,2.5356601327075623e-05,,
93,5716,,1.9663277271320112e-05,,
93,5717,,1.7355378076899797e-05,,
93,5718,,2.054143806162756e-05,,
93,5719,,2.1296931663528085e-05,,
93,5720,,1.53367127495585e-05,,
93,5721,,3.056322020711377e-05,,
93,5722,,1.9745833924389444e-05,,
93,5723,,2.1708756321459077e-05,,
93,5724,,3.677040513139218e-05,,
93,5725,,1.7767273675417528e-05,,
93,5726,,2.267179479531478e-05,,
93,5727,,1.9989514839835465e-05,,
93,5728,,2.4971619495772757e-05,,
93,5729,,2.6051226086565293e-05,,
93,5730,,2.2329175408231094e-05,,
93,5731,,1.7015294361044653e-05,,
93,5732,,2.8349741114652716e-05,,
93,5733,,2.2281099518295377e-05,,
93,5733,,,3.1895737648010254,3.1271538318833336e-05
94,5734,,2.144880454579834e-05,,
94,5735,,2.5703131541376933e-05,,
94,5736,,1.8218617697129957e-05,,
94,5737,,1.826228981371969e-05,,
94,5738,,2.0913046682835557e-05,,
94,5739,,1.419524232915137e-05,,
94,5740,,2.8026490326737985e-05,,
94,5741,,2.185961784562096e-05,,
94,5742,,1.7915363059728406e-05,,
94,5743,,2.1731490051024593e-05,,
94,5744,,1.3794968253932893e-05,,
94,5745,,1.88552603503922e-05,,
94,5746,,1.5174076906987466e-05,,
94,5747,,1.5907589840935543e-05,,
94,5748,,0.0001297666458413005,,
94,5749,,1.616598638065625e-05,,
94,5750,,2.3599692212883383e-05,,
94,5751,,2.4753602701821364e-05,,
94,5752,,2.3701239115325734e-05,,
94,5753,,1.736582999001257e-05,,
94,5754,,2.0954063074896112e-05,,
94,5755,,2.4522096282453276e-05,,
94,5756,,3.25484543282073e-05,,
94,5757,,2.4985709387692623e-05,,
94,5758,,1.9992690795334056e-05,,
94,5759,,1.9370274458196945e-05,,
94,5760,,2.090746784233488e-05,,
94,5761,,2.015631071117241e-05,,
94,5762,,2.2828709916211665e-05,,
94,5763,,2.001370557991322e-05,,
94,5764,,2.3231265004142188e-05,,
94,5765,,2.3132655769586563e-05,,
94,5766,,2.6709043595474213e-05,,
94,5767,,2.3800199414836243e-05,,
94,5768,,2.4942793970694765e-05,,
94,5769,,2.2593438188778237e-05,,
94,5770,,1.5912462913547643e-05,,
94,5771,,1.879399860627018e-05,,
94,5772,,2.152000342903193e-05,,
94,5773,,2.105599742208142e-05,,
94,5774,,3.056294735870324e-05,,
94,5775,,2.5265377189498395e-05,,
94,5776,,1.6984618923743255e-05,,
94,5777,,1.8631315469974652e-05,,
94,5778,,1.4944340364309028e-05,,
94,5779,,2.1136633222340606e-05,,
94,5780,,1.859862641140353e-05,,
94,5781,,2.7003632567357272e-05,,
94,5782,,1.6030460756155662e-05,,
94,5783,,1.977130159502849e-05,,
94,5784,,2.63841084233718e-05,,
94,5785,,2.3282933398149908e-05,,
94,5786,,2.0676761778304353e-05,,
94,5787,,2.4270419089589268e-05,,
94,5788,,3.0099674404482357e-05,,
94,5789,,2.568585659901146e-05,,
94,5790,,3.984215436503291e-05,,
94,5791,,2.7359106752555817e-05,,
94,5792,,1.721410808386281e-05,,
94,5793,,2.5462217308813706e-05,,
94,5794,,3.1330044294008985e-05,,
94,5794,,,3.1488749980926514,3.0800340027781203e-05
95,5795,,2.068322828563396e-05,,
95,5796,,2.891148324124515e-05,,
95,5797,,1.909724778670352e-05,,
95,5798,,1.5871421055635437e-05,,
95,5799,,1.8021670257439837e-05,,
95,5800,,1.9429864551057108e-05,,
95,5801,,1.6630578102194704e-05,,
95,5802,,1.601205804035999e-05,,
95,5803,,0.00013051270798314363,,
95,5804,,3.173297591274604e-05,,
95,5805,,2.0830340872635134e-05,,
95,5806,,2.6767489543999545e-05,,
95,5807,,2.9290446036611684e-05,,
95,5808,,1.9064096704823896e-05,,
95,5809,,1.676844294706825e-05,,
95,5810,,2.320820203749463e-05,,
95,5811,,1.498796063970076e-05,,
95,5812,,2.4193583158194087e-05,,
95,5813,,1.5467025150428526e-05,,
95,5814,,2.1470465071615763e-05,,
95,5815,,2.3079310267348774e-05,,
95,5816,,1.915076791192405e-05,,
95,5817,,2.1819269022671506e-05,,
95,5818,,1.938830246217549e-05,,
95,5819,,2.059527650999371e-05,,
95,5820,,2.3633350792806596e-05,,
95,5821,,2.2117161279311404e-05,,
95,5822,,2.676479380170349e-05,,
95,5823,,1.7443777323933318e-05,,
95,5824,,1.8125487258657813e-05,,
95,5825,,1.827584856073372e-05,,
95,5826,,2.4533643227186985e-05,,
95,5827,,2.5864093913696706e-05,,
95,5828,,2.159216091968119e-05,,
95,5829,,3.427951378398575e-05,,
95,5830,,1.824147329898551e-05,,
95,5831,,2.574377322162036e-05,,
95,5832,,2.2485488443635404e-05,,
95,5833,,2.0369428966660053e-05,,
95,5834,,2.1903471861151047e-05,,
95,5835,,2.5520757844788022e-05,,
95,5836,,1.901668292703107e-05,,
95,5837,,2.1044745153631084e-05,,
95,5838,,1.966171112144366e-05,,
95,5839,,1.7006821508402936e-05,,
95,5840,,3.2214957172982395e-05,,
95,5841,,2.1909154384047724e-05,,
95,5842,,1.9880169929820113e-05,,
95,5843,,2.7459513148642145e-05,,
95,5844,,1.9958844859502278e-05,,
95,5845,,2.2877520677866414e-05,,
95,5846,,2.4938997739809565e-05,,
95,5847,,2.5557017579558305e-05,,
95,5848,,2.406854764558375e-05,,
95,5849,,2.1930653019808233e-05,,
95,5850,,2.8991105864406563e-05,,
95,5851,,2.409372063993942e-05,,
95,5852,,2.1336349163902923e-05,,
95,5853,,2.3786611563991755e-05,,
95,5854,,1.7765814845915884e-05,,
95,5855,,2.3859773136791773e-05,,
95,5855,,,3.5385026931762695,3.575637674657628e-05
96,5856,,1.8802813428919762e-05,,
96,5857,,2.1133460904820822e-05,,
96,5858,,1.6218307791859843e-05,,
96,5859,,3.0079019779805094e-05,,
96,5860,,2.304642111994326e-05,,
96,5861,,2.0588589904946275e-05,,
96,5862,,1.9452681954135187e-05,,
96,5863,,2.0402882000780664e-05,,
96,5864,,1.7270724129048176e-05,,
96,5865,,1.9768847778323106e-05,,
96,5866,,0.00013475089508574456,,
96,5867,,2.4443332222290337e-05,,
96,5868,,2.6568166504148394e-05,,
96,5869,,2.9213542802608572e-05,,
96,5870,,2.2818823708803393e-05,,
96,5871,,1.9632776457001455e-05,,
96,5872,,2.1822505004820414e-05,,
96,5873,,1.7128353647422045e-05,,
96,5874,,4.7208966861944646e-05,,
96,5875,,2.2394695406546816e-05,,
96,5876,,2.885192043322604e-05,,
96,5877,,2.5250146791222505e-05,,
96,5878,,2.9129751055734232e-05,,
96,5879,,1.5876155885052867e-05,,
96,5880,,3.108283635810949e-05,,
96,5881,,1.8141648979508318e-05,,
96,5882,,2.4362261683563702e-05,,
96,5883,,1.924975549627561e-05,,
96,5884,,2.922532439697534e-05,,
96,5885,,2.4372599000344053e-05,,
96,5886,,2.1720496079069562e-05,,
96,5887,,1.671103927947115e-05,,
96,5888,,1.4943252608645707e-05,,
96,5889,,2.558120286266785e-05,,
96,5890,,2.1948280846117996e-05,,
96,5891,,1.854673246270977e-05,,
96,5892,,1.666611024120357e-05,,
96,5893,,1.6577347196289338e-05,,
96,5894,,1.85703447641572e-05,,
96,5895,,2.942057471955195e-05,,
96,5896,,2.994958595081698e-05,,
96,5897,,2.8272637791815214e-05,,
96,5898,,2.4167438823496923e-05,,
96,5899,,3.2795549486763775e-05,,
96,5900,,1.578545561642386e-05,,
96,5901,,2.1565445422311313e-05,,
96,5902,,2.9479688237188384e-05,,
96,5903,,1.9640408936538734e-05,,
96,5904,,1.754514050844591e-05,,
96,5905,,1.721098306006752e-05,,
96,5906,,2.562926965765655e-05,,
96,5907,,1.8425042071612552e-05,,
96,5908,,1.671916470513679e-05,,
96,5909,,2.1095804186188616e-05,,
96,5910,,2.1915660909144208e-05,,
96,5911,,2.2474521756521426e-05,,
96,5912,,1.545118539070245e-05,,
96,5913,,2.119335658790078e-05,,
96,5914,,1.9350576621945947e-05,,
96,5915,,1.9767552657867782e-05,,
96,5916,,2.8358565032249317e-05,,
96,5916,,,3.597137689590454,3.618083064793609e-05
97,5917,,1.7996557289734483e-05,,
97,5918,,2.5689496396807954e-05,,
97,5919,,2.8396778361639008e-05,,
97,5920,,2.505102747818455e-05,,
97,5921,,1.943103598023299e-05,,
97,5922,,2.108067383232992e-05,,
97,5923,,2.0919518647133373e-05,,
97,5924,,2.1893622033530846e-05,,
97,5925,,1.6532816516701132e-05,,
97,5926,,2.923545616795309e-05,,
97,5927,,0.00012439981219358742,,
97,5928,,2.4676064640516415e-05,,
97,5929,,2.142942503269296e-05,,
97,5930,,4.341521707829088e-05,,
97,5931,,2.637116631376557e-05,,
97,5932,,1.9827013602480292e-05,,
97,5933,,1.9071738279308192e-05,,
97,5934,,2.812282218656037e-05,,
97,5935,,2.5304534574388526e-05,,
97,5936,,2.8957541871932335e-05,,
97,5937,,2.1135743736522272e-05,,
97,5938,,2.9681432351935655e-05,,
97,5939,,1.9876928490702994e-05,,
97,5940,,2.0307428712840192e-05,,
97,5941,,1.853903268056456e-05,,
97,5942,,2.4431225028820336e-05,,
97,5943,,2.2675189029541798e-05,,
97,5944,,2.3744783902657218e-05,,
97,5945,,2.6503361368668266e-05,,
97,5946,,2.3673368559684604e-05,,
97,5947,,2.9840275601600297e-05,,
97,5948,,2.4936929548857734e-05,,
97,5949,,2.3609567506355233e-05,,
97,5950,,3.0422088457271457e-05,,
97,5951,,2.319009399798233e-05,,
97,5952,,1.9988765416201204e-05,,
97,5953,,3.10555515170563e-05,,
97,5954,,2.3346969101112336e-05,,
97,5955,,2.3840788344386965e-05,,
97,5956,,2.2564274331671186e-05,,
97,5957,,2.0153891455265693e-05,,
97,5958,,1.4472205293714069e-05,,
97,5959,,1.8177906895289198e-05,,
97,5960,,1.7998656403506175e-05,,
97,5961,,2.2181389795150608e-05,,
97,5962,,1.1857692697958555e-05,,
97,5963,,2.9044926122878678e-05,,
97,5964,,3.6500692658592016e-05,,
97,5965,,1.8066002667183056e-05,,
97,5966,,2.0282232071622275e-05,,
97,5967,,2.3076694560586475e-05,,
97,5968,,1.9622979380073957e-05,,
97,5969,,1.8808770619216375e-05,,
97,5970,,2.2999078282737173e-05,,
97,5971,,1.99252554011764e-05,,
97,5972,,1.9662138583953492e-05,,
97,5973,,2.1454261514008977e-05,,
97,5974,,2.6919138690573163e-05,,
97,5975,,3.121882036793977e-05,,
97,5976,,2.0980873159714974e-05,,
97,5977,,1.9461602278170176e-05,,
97,5977,,,3.41174578666687,3.3671680284896865e-05
98,5978,,2.464152748871129e-05,,
98,5979,,1.4892646504449658e-05,,
98,5980,,2.6774532670970075e-05,,
98,5981,,1.7742022464517504e-05,,
98,5982,,2.4620332624181174e-05,,
98,5983,,1.4158837075228803e-05,,
98,5984,,2.402141035418026e-05,,
98,5985,,1.733567114570178e-05,,
98,5986,,2.0529154426185414e-05,,
98,5987,,2.5636438294895925e-05,,
98,5988,,1.7598857084522024e-05,,
98,5989,,1.873841574706603e-05,,
98,5990,,2.3786980818840675e-05,,
98,5991,,1.594714558450505e-05,,
98,5992,,1.7517779269837774e-05,,
98,5993,,1.953309401869774e-05,,
98,5994,,3.137304156553e-05,,
98,5995,,2.3403710656566545e-05,,
98,5996,,1.9495177184580825e-05,,
98,5997,,2.438259070913773e-05,,
98,5998,,1.758229518600274e-05,,
98,5999,,1.9194769265595824e-05,,
98,6000,,1.5761937902425416e-05,,
98,6001,,1.7938653400051408e-05,,
98,6002,,1.8535563867771998e-05,,
98,6003,,2.1120338715263642e-05,,
98,6004,,1.9271723431302235e-05,,
98,6005,,2.1872710931347683e-05,,
98,6006,,1.4009990991326049e-05,,
98,6007,,2.7452499125502072e-05,,
98,6008,,2.1439549527713098e-05,,
98,6009,,2.232469523733016e-05,,
98,6010,,1.9656414224300534e-05,,
98,6011,,1.39346075229696e-05,,
98,6012,,2.7752732421504334e-05,,
98,6013,,0.0001262146543012932,,
98,6014,,2.3424723622156307e-05,,
98,6015,,2.806605516525451e-05,,
98,6016,,2.3665577828069218e-05,,
98,6017,,1.8946162526845e-05,,
98,6018,,1.584157143952325e-05,,
98,6019,,2.384497747698333e-05,,
98,6020,,2.2367443307302892e-05,,
98,6021,,1.5780251487740315e-05,,
98,6022,,2.263297574245371e-05,,
98,6023,,2.2094996893429197e-05,,
98,6024,,2.266206865897402e-05,,
98,6025,,3.062902032979764e-05,,
98,6026,,2.4049228159128688e-05,,
98,6027,,2.2704067305312492e-05,,
98,6028,,2.2025227735866793e-05,,
98,6029,,1.9188266378478147e-05,,
98,6030,,3.3039112167898566e-05,,
98,6031,,1.8572411136119626e-05,,
98,6032,,1.9275725207990035e-05,,
98,6033,,2.552465593907982e-05,,
98,6034,,3.0209965188987553e-05,,
98,6035,,2.3195734684122726e-05,,
98,6036,,1.997370782191865e-05,,
98,6037,,1.5172905477811582e-05,,
98,6038,,3.987869422417134e-05,,
98,6038,,,3.156613349914551,3.114449282293208e-05
99,6039,,1.8102957255905494e-05,,
99,6040,,2.3922742911963724e-05,,
99,6041,,2.4305310944328085e-05,,
99,6042,,2.0750170733663253e-05,,
99,6043,,1.861567398009356e-05,,
99,6044,,2.3842620066716336e-05,,
99,6045,,1.2006367796857376e-05,,
99,6046,,2.58141772064846e-05,,
99,6047,,2.114816197718028e-05,,
99,6048,,2.728611434577033e-05,,
99,6049,,1.923279523907695e-05,,
99,6050,,2.3014710677671246e-05,,
99,6051,,1.7864053006633185e-05,,
99,6052,,3.405507231946103e-05,,
99,6053,,2.154103640350513e-05,,
99,6054,,2.2425147108151577e-05,,
99,6055,,2.5543042283970863e-05,,
99,6056,,3.058787478948943e-05,,
99,6057,,1.638252979319077e-05,,
99,6058,,2.0121107809245586e-05,,
99,6059,,2.050917646556627e-05,,
99,6060,,2.0547386156977154e-05,,
99,6061,,2.5552060833433643e-05,,
99,6062,,1.62675332830986e-05,,
99,6063,,3.0910567147657275e-05,,
99,6064,,1.8540342352935113e-05,,
99,6065,,2.405860141152516e-05,,
99,6066,,1.6792033420642838e-05,,
99,6067,,0.00012529981904663146,,
99,6068,,1.6985986803774722e-05,,
99,6069,,2.009713716688566e-05,,
99,6070,,2.3558819520985708e-05,,
99,6071,,3.03691194858402e-05,,
99,6072,,1.890362545964308e-05,,
99,6073,,2.4354867491638288e-05,,
99,6074,,1.8231545254820958e-05,,
99,6075,,2.074329495371785e-05,,
99,6076,,2.9316086511244066e-05,,
99,6077,,1.9118217096547596e-05,,
99,6078,,1.9909348338842392e-05,,
99,6079,,2.460591531416867e-05,,
99,6080,,1.765680826792959e-05,,
99,6081,,2.6336227165302262e-05,,
99,6082,,1.7638747522141784e-05,,
99,6083,,2.7667698304867372e-05,,
99,6084,,1.410426921211183e-05,,
99,6085,,1.7768001271178946e-05,,
99,6086,,3.092080805799924e-05,,
99,6087,,2.3330787371378392e-05,,
99,6088,,1.9652045011753216e-05,,
99,6089,,2.634828160807956e-05,,
99,6090,,2.6974665161105804e-05,,
99,6091,,2.1097013814141974e-05,,
99,6092,,2.142245830327738e-05,,
99,6093,,2.0098997993045487e-05,,
99,6094,,1.6876158042578027e-05,,
99,6095,,1.8538932636147365e-05,,
99,6096,,1.4019642549101263e-05,,
99,6097,,1.5163109310378786e-05,,
99,6098,,1.997593426494859e-05,,
99,6099,,2.185591984016355e-05,,
99,6099,,,3.310549259185791,3.238223143853247e-05
100,6100,4.615457057952881,,,
