epoch,step,test_RMSE,train_loss,val_RMSE,val_loss
0,9,,0.0006603534566238523,,
0,19,,7.230561459437013e-05,,
0,29,,0.0002599503786768764,,
0,39,,3.363717769389041e-05,,
0,49,,8.24046292109415e-05,,
0,59,,1.1810661817435175e-05,,
0,60,,,8.598138809204102,4.409329903865e-06
1,69,,1.1368632840458304e-05,,
1,79,,0.00020430255972314626,,
1,89,,6.289438260864699e-06,,
1,99,,1.0472092071722727e-05,,
1,109,,7.286169420694932e-06,,
1,119,,3.6787162116524996e-06,,
1,121,,,9.910460472106934,5.858028998773079e-06
2,129,,4.724471637018723e-06,,
2,139,,6.738431238773046e-06,,
2,149,,4.7575153985235374e-06,,
2,159,,2.4581390789535362e-06,,
2,169,,2.8479901175160194e-06,,
2,179,,1.113650796469301e-05,,
2,182,,,5.367276191711426,1.718191697364091e-06
3,189,,4.471285592444474e-06,,
3,199,,4.0858194552129135e-06,,
3,209,,4.631724550563376e-06,,
3,219,,1.8303020397070213e-06,,
3,229,,6.367427431541728e-06,,
3,239,,1.5012105905043427e-05,,
3,243,,,6.918514251708984,2.854890226444695e-06
4,249,,1.5394658475997858e-05,,
4,259,,1.2307722499826923e-05,,
4,269,,4.5135993786971085e-06,,
4,279,,3.426312332521775e-06,,
4,289,,4.3347458813514095e-06,,
4,299,,8.797074769972824e-06,,
4,304,,,5.962275505065918,2.120253839166253e-06
5,309,,1.7781194401322864e-06,,
5,319,,2.580754880909808e-06,,
5,329,,2.4015087092266185e-06,,
5,339,,0.00021909108909312636,,
5,349,,9.9255385066499e-06,,
5,359,,5.512096777238185e-06,,
5,365,,,4.36829948425293,1.1381213198546902e-06
6,369,,3.974059382017003e-06,,
6,379,,2.4827713787090033e-06,,
6,389,,2.0729878542624647e-06,,
6,399,,6.624985871894751e-06,,
6,409,,1.0266890967614017e-05,,
6,419,,1.9867650280502858e-06,,
6,426,,,5.330245018005371,1.6945646166277584e-06
7,429,,3.120348083029967e-06,,
7,439,,2.386136202403577e-06,,
7,449,,2.405177383479895e-06,,
7,459,,1.2416871868481394e-06,,
7,469,,9.759199201653246e-06,,
7,479,,5.739911102864426e-06,,
7,487,,,3.5905795097351074,7.689407084399136e-07
8,489,,1.036518096952932e-05,,
8,499,,0.0001947011041920632,,
8,509,,4.650134542316664e-06,,
8,519,,8.9909726739279e-06,,
8,529,,1.5861022575336392e-06,,
8,539,,1.6494124110977282e-06,,
8,548,,,2.980269193649292,5.297545726534736e-07
9,549,,1.3706536492463783e-06,,
9,559,,1.5494919125558226e-06,,
9,569,,1.6940538216658751e-06,,
9,579,,1.7297841623076238e-05,,
9,589,,9.659915122028906e-06,,
9,599,,2.160430312869721e-06,,
9,609,,1.503691009929753e-06,,
9,609,,,4.27671480178833,1.0908984222623985e-06
10,619,,2.3172628971224185e-06,,
10,629,,9.065200288205233e-07,,
10,639,,1.6845622212713351e-06,,
10,649,,1.2999597629459458e-06,,
10,659,,1.245800945071096e-06,,
10,669,,2.2176483980729245e-05,,
10,670,,,6.457326889038086,2.4869630124157993e-06
11,679,,9.556120858178474e-06,,
11,689,,2.3469629013561644e-06,,
11,699,,1.8716702925303252e-06,,
11,709,,1.1680326679197606e-06,,
11,719,,1.1228300536458846e-05,,
11,729,,4.478677965380484e-06,,
11,731,,,3.947727918624878,9.295188192481874e-07
12,739,,1.205549415317364e-05,,
12,749,,2.0914462766086217e-06,,
12,759,,1.7548685491419747e-06,,
12,769,,2.740492845987319e-06,,
12,779,,2.130313532688888e-06,,
12,789,,3.211404873582069e-06,,
12,792,,,3.974118232727051,9.419879347660753e-07
13,799,,1.5551059959761915e-06,,
13,809,,1.5128576933420845e-06,,
13,819,,1.3238583278507576e-06,,
13,829,,8.560699598092469e-07,,
13,839,,1.6779062207206152e-05,,
13,849,,4.723396159533877e-06,,
13,853,,,5.720540523529053,1.951811555045424e-06
14,859,,3.287331537649152e-06,,
14,869,,2.3488789793191245e-06,,
14,879,,5.670450718753273e-06,,
14,889,,6.6359652919345535e-06,,
14,899,,9.354752705803548e-07,,
14,909,,6.77425532558118e-06,,
14,914,,,3.158470630645752,5.950006425337051e-07
15,919,,4.527058081293944e-06,,
15,929,,2.6821758183359634e-06,,
15,939,,1.764178705343511e-06,,
15,949,,1.0640533218975179e-05,,
15,959,,3.3932053611351876e-06,,
15,969,,1.7899106978802592e-06,,
15,975,,,3.3405966758728027,6.655977244918176e-07
16,979,,4.1173370846081525e-06,,
16,989,,1.816778990360035e-06,,
16,999,,1.4418691307582776e-06,,
16,1009,,2.6326113129471196e-06,,
16,1019,,1.83115935215028e-06,,
16,1029,,4.403618731885217e-06,,
16,1036,,,2.8578438758850098,4.871254191129992e-07
17,1039,,2.0292254703235812e-06,,
17,1049,,1.8294778101335396e-06,,
17,1059,,5.497804522747174e-07,,
17,1069,,3.680599434119358e-07,,
17,1079,,1.1979125702055171e-05,,
17,1089,,2.8789274892915273e-06,,
17,1097,,,2.6262314319610596,4.113672957828385e-07
18,1099,,1.9036885987588903e-06,,
18,1109,,1.1407580586819677e-06,,
18,1119,,2.1822961571160704e-06,,
18,1129,,1.7024615317495773e-06,,
18,1139,,6.67315543978475e-06,,
18,1149,,5.6746612244751304e-06,,
18,1158,,,2.432508707046509,3.529169987359637e-07
19,1159,,7.370972525677644e-07,,
19,1169,,5.053827294432267e-07,,
19,1179,,6.730357995365921e-07,,
19,1189,,1.0628124073264189e-05,,
19,1199,,3.6653168535849545e-06,,
19,1209,,1.6871919115146738e-06,,
19,1219,,6.1162472775322385e-06,,
19,1219,,,2.565263032913208,3.924890847883944e-07
20,1229,,2.7022151698474772e-06,,
20,1239,,4.0486142438567185e-07,,
20,1249,,9.964082892111037e-07,,
20,1259,,1.978139835046022e-06,,
20,1269,,5.846739895787323e-06,,
20,1279,,2.3669572328799404e-06,,
20,1280,,,4.580135345458984,1.2511817431004602e-06
21,1289,,4.397398242872441e-06,,
21,1299,,2.621193289087387e-06,,
21,1309,,5.98841097598779e-06,,
21,1319,,1.1131269275210798e-06,,
21,1329,,6.310788762675656e-07,,
21,1339,,2.091934220516123e-06,,
21,1341,,,2.5938918590545654,4.01298450469767e-07
22,1349,,1.7067412727556075e-06,,
22,1359,,1.3385495549300686e-05,,
22,1369,,5.34707078259089e-06,,
22,1379,,3.1412887437909376e-06,,
22,1389,,3.373172830833937e-06,,
22,1399,,2.8677686714218e-06,,
22,1402,,,2.702958345413208,4.3575511199378525e-07
23,1409,,2.084952484437963e-06,,
23,1419,,1.1767368732762407e-06,,
23,1429,,5.260756552161183e-06,,
23,1439,,7.318838925129967e-06,,
23,1449,,2.4188011593651026e-06,,
23,1459,,7.697645742155146e-06,,
23,1463,,,2.41341495513916,3.4739844068099046e-07
24,1469,,5.71484360989416e-06,,
24,1479,,7.947770427563228e-06,,
24,1489,,1.0632831617840566e-05,,
24,1499,,6.908103387104347e-06,,
24,1509,,1.5745202972539118e-06,,
24,1519,,1.3969132623969926e-06,,
24,1524,,,2.438781499862671,3.5473959769660723e-07
25,1529,,8.047350092965644e-07,,
25,1539,,1.55945667756896e-06,,
25,1549,,1.9567087292671204e-06,,
25,1559,,4.770893610839266e-06,,
25,1569,,1.0048880767499213e-06,,
25,1579,,8.068614647527284e-07,,
25,1585,,,2.952214002609253,5.198277222007164e-07
26,1589,,4.7228613198058156e-07,,
26,1599,,2.0950690213794587e-06,,
26,1609,,3.178675569870393e-06,,
26,1619,,1.8881958112615393e-06,,
26,1629,,7.368114438577322e-07,,
26,1639,,2.836485009538592e-06,,
26,1646,,,2.703158378601074,4.358195724307734e-07
27,1649,,3.208461976100807e-06,,
27,1659,,1.6200295931412256e-06,,
27,1669,,2.7726821372198174e-06,,
27,1679,,8.556663146919163e-07,,
27,1689,,1.063794798028539e-06,,
27,1699,,6.046791440894594e-07,,
27,1707,,,3.3954241275787354,6.876252314214071e-07
28,1709,,1.1711559864124865e-06,,
28,1719,,2.6700447506300407e-06,,
28,1729,,1.2132025403843727e-05,,
28,1739,,2.0253412458259845e-06,,
28,1749,,1.5066300420585321e-06,,
28,1759,,1.2088503353879787e-06,,
28,1768,,,2.4725635051727295,3.646352979558287e-07
29,1769,,1.92642664842424e-06,,
29,1779,,3.5718799153983127e-06,,
29,1789,,1.678996000009647e-06,,
29,1799,,1.3164664096620982e-06,,
29,1809,,1.153655830421485e-06,,
29,1819,,1.6675356846462819e-06,,
29,1829,,1.274843043574947e-06,,
29,1829,,,6.766507625579834,2.730818778218236e-06
30,1839,,6.775978363293689e-06,,
30,1849,,3.92988386010984e-06,,
30,1859,,5.569506811298197e-07,,
30,1869,,6.302461201812548e-07,,
30,1879,,5.137970219948329e-06,,
30,1889,,7.0682476689398754e-06,,
30,1890,,,7.892833709716797,3.715605998877436e-06
31,1899,,1.3918439663029858e-06,,
31,1909,,1.4392628600035096e-06,,
31,1919,,1.1200180551895755e-06,,
31,1929,,3.3267044727836037e-06,,
31,1939,,5.906137516831222e-07,,
31,1949,,9.34525905904593e-06,,
31,1951,,,3.153414726257324,5.930973543399887e-07
32,1959,,2.5309868760814425e-06,,
32,1969,,2.285063828821876e-06,,
32,1979,,1.5291668660211144e-06,,
32,1989,,8.283192300950759e-07,,
32,1999,,0.00019333070667926222,,
32,2009,,1.5339062429120531e-06,,
32,2012,,,5.776602268218994,1.990254986594664e-06
33,2019,,3.6377311971591553e-06,,
33,2029,,2.874861820600927e-06,,
33,2039,,2.638618070704979e-06,,
33,2049,,4.622758297045948e-06,,
33,2059,,7.746165465505328e-06,,
33,2069,,1.129104362007638e-06,,
33,2073,,,3.445648670196533,7.081181365720113e-07
34,2079,,9.118994626078347e-07,,
34,2089,,1.2664345376833808e-06,,
34,2099,,3.1939441669237567e-06,,
34,2109,,1.014165036394843e-06,,
34,2119,,1.2197157275295467e-06,,
34,2129,,2.322459749848349e-06,,
34,2134,,,2.8900015354156494,4.981496886102832e-07
35,2139,,2.546109499235172e-06,,
35,2149,,7.1922518145584036e-06,,
35,2159,,2.6467000679986086e-06,,
35,2169,,4.458159310161136e-06,,
35,2179,,1.4138058759272099e-06,,
35,2189,,1.2153132047387771e-06,,
35,2195,,,2.6294026374816895,4.1236131664845743e-07
36,2199,,6.94609411766578e-07,,
36,2209,,5.170113013264199e-07,,
36,2219,,2.802055860229302e-06,,
36,2229,,3.1648435196984792e-06,,
36,2239,,1.225617097588838e-06,,
36,2249,,1.8688616592044127e-06,,
36,2256,,,2.8043458461761475,4.6905836370569887e-07
37,2259,,2.004960379053955e-06,,
37,2269,,5.111337486596312e-07,,
37,2279,,1.036049752656254e-06,,
37,2289,,4.712222107627895e-06,,
37,2299,,1.0388400824012933e-06,,
37,2309,,3.8279111436168023e-07,,
37,2317,,,3.2602951526641846,6.339829496937455e-07
38,2319,,2.671974698387203e-06,,
38,2329,,8.090841561170237e-07,,
38,2339,,7.216654580588511e-07,,
38,2349,,8.288359367725207e-07,,
38,2359,,1.707780370452383e-06,,
38,2369,,7.5782645581057295e-06,,
38,2378,,,2.7468764781951904,4.50030597676232e-07
39,2379,,8.537104463357537e-07,,
39,2389,,9.637407174523105e-07,,
39,2399,,8.636324650979077e-07,,
39,2409,,2.8304639272391796e-06,,
39,2419,,5.7583843044994865e-06,,
39,2429,,2.3886386770755053e-06,,
39,2439,,3.0195474209904205e-06,,
39,2439,,,3.9742536544799805,9.420521109859692e-07
40,2449,,2.848731810445315e-06,,
40,2459,,6.57837915696291e-07,,
40,2469,,8.822205472824862e-07,,
40,2479,,2.760821189440321e-06,,
40,2489,,1.2922786254421226e-06,,
40,2499,,3.2764651223260444e-06,,
40,2500,,,6.621185779571533,2.614780441945186e-06
41,2509,,3.0662286008009687e-06,,
41,2519,,5.750553100369871e-06,,
41,2529,,1.7336444670945639e-06,,
41,2539,,1.8147150058211992e-06,,
41,2549,,4.571163117361721e-06,,
41,2559,,9.234661888513074e-07,,
41,2561,,,3.7489802837371826,8.382818350582966e-07
42,2569,,9.074229865291272e-07,,
42,2579,,2.5895817543641897e-06,,
42,2589,,7.467927389370743e-06,,
42,2599,,3.764489974855678e-06,,
42,2609,,3.023865929208114e-06,,
42,2619,,7.907518124738999e-07,,
42,2622,,,2.5545923709869385,3.8923062106732687e-07
43,2629,,2.2012645786162466e-06,,
43,2639,,2.2074357275414513e-06,,
43,2649,,5.061877459411335e-07,,
43,2659,,1.5764815088914474e-06,,
43,2669,,5.274167051538825e-06,,
43,2679,,4.201162482786458e-06,,
43,2683,,,7.805408000946045,3.633749201981118e-06
44,2689,,8.588785931351595e-07,,
44,2699,,2.220010401288164e-06,,
44,2709,,9.655530448071659e-06,,
44,2719,,2.475122983014444e-06,,
44,2729,,2.0755194327648496e-06,,
44,2739,,1.0882051810767734e-06,,
44,2744,,,2.85996150970459,4.878475010627881e-07
45,2749,,1.7502665059510036e-06,,
45,2759,,6.86593295995408e-07,,
45,2769,,1.0107602292919182e-06,,
45,2779,,1.567176695971284e-06,,
45,2789,,1.3584614180217613e-06,,
45,2799,,7.231549830066797e-07,,
45,2805,,,2.7344276905059814,4.459607794160547e-07
46,2809,,2.117559233738575e-06,,
46,2819,,3.525129159243079e-06,,
46,2829,,1.5536104456259636e-06,,
46,2839,,1.4949517890272546e-06,,
46,2849,,1.4489691238850355e-05,,
46,2859,,1.46098693676322e-06,,
46,2866,,,5.3548502922058105,1.7102453284678631e-06
47,2869,,5.173417321202578e-06,,
47,2879,,1.8611144696478732e-06,,
47,2889,,2.057385017906199e-06,,
47,2899,,2.7177927677257685e-06,,
47,2909,,2.703117843338987e-06,,
47,2919,,1.6607370980636915e-06,,
47,2927,,,9.988908767700195,5.9511357903829776e-06
48,2929,,3.7374190924310824e-06,,
48,2939,,1.333276713921805e-06,,
48,2949,,1.5357859410869423e-06,,
48,2959,,4.195318581423635e-07,,
48,2969,,2.063805595753365e-06,,
48,2979,,9.092486834560987e-06,,
48,2988,,,5.228053092956543,1.630210817893385e-06
49,2989,,4.135828021389898e-06,,
49,2999,,2.094889168802183e-06,,
49,3009,,2.0505922293523327e-06,,
49,3019,,2.230145582871046e-06,,
49,3029,,6.221736157385749e-07,,
49,3039,,6.499467986031959e-07,,
49,3049,,6.846771043456101e-07,,
49,3049,,,3.4470694065093994,7.087023163876438e-07
50,3059,,6.424738785426598e-07,,
50,3069,,9.756777217262425e-07,,
50,3079,,1.8988298222666344e-07,,
50,3089,,1.381902620778419e-06,,
50,3099,,9.89153249975061e-06,,
50,3109,,6.827172910561785e-06,,
50,3110,,,2.629302740097046,4.12330052768084e-07
51,3119,,5.884819074708503e-06,,
51,3129,,1.564099534334673e-06,,
51,3139,,1.2482396414270625e-06,,
51,3149,,3.381227315912838e-06,,
51,3159,,1.5740047274448443e-06,,
51,3169,,8.782344025348721e-07,,
51,3171,,,3.396028995513916,6.878702265566972e-07
52,3179,,1.9872547909471905e-06,,
52,3189,,2.726073716985411e-06,,
52,3199,,2.0148740986769553e-06,,
52,3209,,8.314673323184252e-07,,
52,3219,,1.0801036296470556e-06,,
52,3229,,1.2129420383644174e-06,,
52,3232,,,2.6397812366485596,4.156231625529472e-07
53,3239,,6.526898346237431e-07,,
53,3249,,1.0375778174420702e-06,,
53,3259,,8.266993063443806e-07,,
53,3269,,3.4375430004729424e-06,,
53,3279,,5.269560006126994e-06,,
53,3289,,3.501125320326537e-06,,
53,3293,,,3.3658199310302734,6.756868629054225e-07
54,3294,,1.8966809420817299e-06,,
54,3295,,1.5061593785503646e-06,,
54,3296,,1.2641478406294482e-06,,
54,3297,,4.611514214047929e-06,,
54,3298,,2.3642385258426657e-06,,
54,3299,,1.3156185332263703e-06,,
54,3300,,1.8991505612575565e-06,,
54,3301,,1.3950989341537934e-06,,
54,3302,,1.0822383273989544e-06,,
54,3303,,9.600224757377873e-07,,
54,3304,,1.351515834357997e-06,,
54,3305,,1.2614577826752793e-06,,
54,3306,,2.2406068183045136e-06,,
54,3307,,1.1207343959540594e-06,,
54,3308,,9.436618029212696e-07,,
54,3309,,1.9473461634333944e-06,,
54,3310,,3.8413517700064403e-07,,
54,3311,,7.943543209876225e-07,,
54,3312,,9.837923471422982e-07,,
54,3313,,1.0741022151705693e-06,,
54,3314,,1.9027622784051346e-06,,
54,3315,,1.6258097730315058e-06,,
54,3316,,6.337609192996752e-07,,
54,3317,,7.822624752407137e-07,,
54,3318,,1.496296022196475e-06,,
54,3319,,7.075790335875354e-07,,
54,3320,,4.5306668994271604e-07,,
54,3321,,1.0376741101936204e-06,,
54,3322,,4.957647888659267e-06,,
54,3323,,1.1510978765727486e-06,,
54,3324,,8.532059041499451e-07,,
54,3325,,7.464620921382448e-07,,
54,3326,,1.0712655011957395e-06,,
54,3327,,1.5411133063025773e-06,,
54,3328,,2.9790833195875166e-06,,
54,3329,,1.9085273379459977e-06,,
54,3330,,8.567712370677327e-07,,
54,3331,,8.13264193766372e-07,,
54,3332,,4.5528190639743116e-07,,
54,3333,,5.292187665872916e-07,,
54,3334,,4.674938338666834e-07,,
54,3335,,1.5998939488781616e-06,,
54,3336,,1.2752813063343638e-06,,
54,3337,,0.00012846522440668195,,
54,3338,,4.456019269127864e-06,,
54,3339,,2.6977984362019924e-06,,
54,3340,,1.2457189768610988e-06,,
54,3341,,2.4902635686885333e-06,,
54,3342,,6.266048330871854e-06,,
54,3343,,3.2786249448690796e-06,,
54,3344,,1.358568169962382e-05,,
54,3345,,1.1749626764867571e-06,,
54,3346,,9.357928547615302e-07,,
54,3347,,1.2115895060560433e-06,,
54,3348,,1.4185345662554028e-06,,
54,3349,,5.730141310777981e-06,,
54,3350,,1.0201512168350746e-06,,
54,3351,,2.0188622329442296e-06,,
54,3352,,1.4420073057408445e-05,,
54,3353,,2.0222421426296933e-06,,
54,3354,,8.35133050713921e-07,,
54,3354,,,2.6831772327423096,4.2940044409078837e-07
55,3355,,4.050483767059632e-06,,
55,3356,,7.839974500711833e-07,,
55,3357,,9.604324304746115e-07,,
55,3358,,2.4636149191792356e-06,,
55,3359,,1.2801293678421644e-06,,
55,3360,,2.1849421045772033e-06,,
55,3361,,9.911606184687116e-07,,
55,3362,,3.909430290605087e-07,,
55,3363,,6.685572770948056e-07,,
55,3364,,0.00011589250789256766,,
55,3365,,2.604448809506721e-06,,
55,3366,,2.273060772495228e-06,,
55,3367,,2.1715125058108242e-06,,
55,3368,,2.6346262984588975e-06,,
55,3369,,3.4217323445773218e-06,,
55,3370,,1.4571858173439978e-06,,
55,3371,,8.977293873613235e-06,,
55,3372,,3.2936825391516322e-06,,
55,3373,,1.1798171044574701e-06,,
55,3374,,1.160185888693377e-06,,
55,3375,,2.113679329340812e-06,,
55,3376,,1.2088970606782823e-06,,
55,3377,,2.32350157602923e-06,,
55,3378,,7.848830136936158e-07,,
55,3379,,2.9026780339336256e-06,,
55,3380,,8.619301752332831e-07,,
55,3381,,4.9928034968615975e-06,,
55,3382,,4.2210908759443555e-06,,
55,3383,,1.3990119214213337e-06,,
55,3384,,2.852929583241348e-06,,
55,3385,,1.2085246225979063e-06,,
55,3386,,2.1392295366240432e-06,,
55,3387,,7.926741432129347e-07,,
55,3388,,5.62084721877909e-07,,
55,3389,,9.711708344184444e-07,,
55,3390,,2.331405312361312e-06,,
55,3391,,1.6514945855305996e-06,,
55,3392,,1.0430944712425116e-06,,
55,3393,,1.3794659707855317e-06,,
55,3394,,2.6234672532154946e-06,,
55,3395,,9.597821417628438e-07,,
55,3396,,1.3200258308643242e-06,,
55,3397,,1.1485940376587678e-06,,
55,3398,,1.8997540109921829e-06,,
55,3399,,8.996364044833172e-07,,
55,3400,,2.245608584416914e-06,,
55,3401,,2.5030617507582065e-06,,
55,3402,,1.5623410263287951e-06,,
55,3403,,3.7003960073889175e-07,,
55,3404,,4.196050213067792e-06,,
55,3405,,4.525900294538587e-06,,
55,3406,,8.63236164150294e-06,,
55,3407,,9.654636414779816e-07,,
55,3408,,7.37857817512122e-07,,
55,3409,,6.870908464406966e-07,,
55,3410,,5.216708700572781e-07,,
55,3411,,6.200516509125009e-07,,
55,3412,,1.4598633697460173e-06,,
55,3413,,5.194381174078444e-06,,
55,3414,,1.0158398708881577e-06,,
55,3415,,1.3295712960825767e-05,,
55,3415,,,2.7964980602264404,4.6643680207125726e-07
56,3416,,7.584698096252396e-07,,
56,3417,,2.4086782559606945e-06,,
56,3418,,1.506869807599287e-06,,
56,3419,,8.098926400634809e-07,,
56,3420,,1.421899128217774e-06,,
56,3421,,7.875902952036995e-07,,
56,3422,,1.1073627774749184e-06,,
56,3423,,1.7948943423107266e-05,,
56,3424,,2.5975273274525534e-06,,
56,3425,,1.3717567526327912e-06,,
56,3426,,1.3970211512059905e-06,,
56,3427,,1.643845052967663e-06,,
56,3428,,0.0001409212127327919,,
56,3429,,3.8332877920765895e-06,,
56,3430,,3.838324118987657e-06,,
56,3431,,8.942585736804176e-06,,
56,3432,,6.9660395638493355e-06,,
56,3433,,4.998964413971407e-06,,
56,3434,,4.600857209879905e-06,,
56,3435,,1.7783284420147538e-05,,
56,3436,,3.3860651456052437e-06,,
56,3437,,1.4624367850046838e-06,,
56,3438,,3.751368012672174e-06,,
56,3439,,2.9442892355291406e-06,,
56,3440,,2.7692060484696412e-06,,
56,3441,,3.945562184526352e-06,,
56,3442,,3.2512655252503464e-06,,
56,3443,,2.62191065303341e-06,,
56,3444,,5.6287840379809495e-06,,
56,3445,,2.389935389146558e-06,,
56,3446,,1.6613561228950857e-06,,
56,3447,,7.82357165007852e-06,,
56,3448,,2.668363322300138e-06,,
56,3449,,1.686315499682678e-06,,
56,3450,,1.1823280146927573e-05,,
56,3451,,1.9723406694538426e-06,,
56,3452,,1.0624366950651165e-06,,
56,3453,,6.546453619193926e-07,,
56,3454,,3.95392771679326e-06,,
56,3455,,1.750810724843177e-06,,
56,3456,,3.377939492565929e-06,,
56,3457,,1.4981709455241798e-06,,
56,3458,,3.3925398383871652e-06,,
56,3459,,1.1652605280687567e-06,,
56,3460,,2.837872216332471e-06,,
56,3461,,1.916084329423029e-06,,
56,3462,,1.2657270644922392e-06,,
56,3463,,2.0986551589885494e-06,,
56,3464,,1.2339589829934994e-06,,
56,3465,,5.687272164323076e-07,,
56,3466,,5.848038199474104e-06,,
56,3467,,1.0562106353972922e-06,,
56,3468,,6.707349484713632e-07,,
56,3469,,3.7767356388940243e-06,,
56,3470,,5.612411086985958e-07,,
56,3471,,4.361943126696133e-07,,
56,3472,,2.3061443243932445e-06,,
56,3473,,4.3534240035114635e-07,,
56,3474,,1.5019787724668276e-06,,
56,3475,,7.091844054230023e-07,,
56,3476,,1.1166007425345015e-06,,
56,3476,,,2.8892481327056885,4.97890027872927e-07
57,3477,,1.047700038725452e-06,,
57,3478,,5.31922569280141e-06,,
57,3479,,6.020510681992164e-06,,
57,3480,,1.6850175370564102e-06,,
57,3481,,2.9441757760650944e-06,,
57,3482,,1.118872319239017e-06,,
57,3483,,6.117379030001757e-07,,
57,3484,,7.296224566744058e-07,,
57,3485,,0.00013022852363064885,,
57,3486,,3.3509677450638264e-06,,
57,3487,,3.4952354326378554e-06,,
57,3488,,1.1201892675671843e-06,,
57,3489,,4.893882760370616e-06,,
57,3490,,4.095397343917284e-06,,
57,3491,,8.446489118796308e-06,,
57,3492,,7.442109563271515e-06,,
57,3493,,3.168102466588607e-06,,
57,3494,,1.056974383573106e-06,,
57,3495,,2.5727124466357054e-06,,
57,3496,,1.7146022628367064e-06,,
57,3497,,2.673887138371356e-06,,
57,3498,,3.960712092521135e-06,,
57,3499,,4.007064944744343e-06,,
57,3500,,2.8633085094043054e-06,,
57,3501,,3.961649326811312e-06,,
57,3502,,1.2032426184305223e-06,,
57,3503,,9.88768192655698e-07,,
57,3504,,2.305451062056818e-06,,
57,3505,,8.680902965352288e-07,,
57,3506,,6.206115585882799e-07,,
57,3507,,9.965689287128043e-07,,
57,3508,,1.0960444342345e-05,,
57,3509,,1.171364488072868e-06,,
57,3510,,1.462651084693789e-06,,
57,3511,,2.395283900114009e-06,,
57,3512,,1.5497762433369644e-06,,
57,3513,,1.0273469115418266e-06,,
57,3514,,1.0981100331264315e-06,,
57,3515,,1.1129346830784925e-06,,
57,3516,,3.7350030197558226e-06,,
57,3517,,8.55446330660925e-07,,
57,3518,,5.893309662496904e-07,,
57,3519,,8.589367098466028e-06,,
57,3520,,1.0399396614957368e-06,,
57,3521,,5.474010436046228e-07,,
57,3522,,1.2923591157232295e-06,,
57,3523,,6.778599299650523e-07,,
57,3524,,1.7007122323775548e-06,,
57,3525,,1.0874103963942616e-06,,
57,3526,,1.226979520652094e-06,,
57,3527,,1.1781786497522262e-06,,
57,3528,,9.181011364489677e-07,,
57,3529,,7.065314093779307e-07,,
57,3530,,8.337802341884526e-07,,
57,3531,,7.885437867116707e-07,,
57,3532,,8.619426239420136e-07,,
57,3533,,3.0892863378539914e-07,,
57,3534,,9.858835028353496e-07,,
57,3535,,8.662850632390473e-07,,
57,3536,,4.612568318407284e-07,,
57,3537,,8.663258086016867e-06,,
57,3537,,,5.060183048248291,1.52720110691007e-06
58,3538,,1.6077729014796205e-06,,
58,3539,,3.2011182611313416e-06,,
58,3540,,2.453733941365499e-06,,
58,3541,,4.2912120079563465e-06,,
58,3542,,1.9348435671417974e-06,,
58,3543,,1.5747299357826705e-06,,
58,3544,,9.576532420396688e-07,,
58,3545,,2.124703996742028e-06,,
58,3546,,2.4707003376533976e-06,,
58,3547,,1.6641791944493889e-06,,
58,3548,,8.53547362567042e-07,,
58,3549,,2.440343905618647e-06,,
58,3550,,2.8005879357806407e-06,,
58,3551,,4.853972768614767e-06,,
58,3552,,1.729045607135049e-06,,
58,3553,,3.249390374548966e-06,,
58,3554,,1.808233264455339e-06,,
58,3555,,8.887842000149249e-07,,
58,3556,,2.6058933144668117e-06,,
58,3557,,2.249969156764564e-06,,
58,3558,,4.210350653011119e-06,,
58,3559,,1.4150519973554765e-06,,
58,3560,,2.361716724408325e-06,,
58,3561,,1.3656396049555042e-06,,
58,3562,,1.0358909321439569e-06,,
58,3563,,1.1722059980456834e-06,,
58,3564,,1.3343492355488706e-06,,
58,3565,,1.2395330486469902e-06,,
58,3566,,9.90976673165278e-07,,
58,3567,,1.820789293560665e-06,,
58,3568,,7.692713666074269e-07,,
58,3569,,1.2856318107878906e-06,,
58,3570,,6.989119469835714e-07,,
58,3571,,1.969650156752323e-06,,
58,3572,,1.458039605495287e-06,,
58,3573,,5.357746317713463e-07,,
58,3574,,6.248364456951094e-07,,
58,3575,,1.007294372357137e-06,,
58,3576,,6.47991441837803e-07,,
58,3577,,8.305994469992584e-07,,
58,3578,,3.60028798240819e-06,,
58,3579,,4.3862402776539966e-07,,
58,3580,,3.1613569717592327e-06,,
58,3581,,4.2400907318551617e-07,,
58,3582,,1.9385952327866107e-06,,
58,3583,,1.049757088367187e-06,,
58,3584,,1.830157998483628e-06,,
58,3585,,3.9819431663090654e-07,,
58,3586,,2.463384362272336e-06,,
58,3587,,7.371710353254457e-07,,
58,3588,,3.1440282555195154e-07,,
58,3589,,1.00787553947157e-06,,
58,3590,,3.4326926652283873e-06,,
58,3591,,1.247773411705566e-06,,
58,3592,,1.0200600399912219e-06,,
58,3593,,2.041741254288354e-06,,
58,3594,,1.4613555094911135e-06,,
58,3595,,0.00014959846157580614,,
58,3596,,3.107666998403147e-06,,
58,3597,,6.017514806444524e-06,,
58,3598,,4.627419002645183e-06,,
58,3598,,,3.55747652053833,7.548277949354087e-07
59,3599,,4.378575340524549e-06,,
59,3600,,7.126514901756309e-06,,
59,3601,,6.062701686460059e-06,,
59,3602,,2.2132176127342973e-06,,
59,3603,,5.290301942295628e-06,,
59,3604,,1.9483337382553145e-05,,
59,3605,,1.6598357888142345e-06,,
59,3606,,1.9815020095848013e-06,,
59,3607,,3.236633347114548e-06,,
59,3608,,2.069572474283632e-06,,
59,3609,,1.297247194997908e-06,,
59,3610,,1.6222430758716655e-06,,
59,3611,,4.635041477740742e-06,,
59,3612,,0.00010091380681842566,,
59,3613,,3.2357661439164076e-06,,
59,3614,,1.129498059526668e-06,,
59,3615,,2.0139882508374285e-06,,
59,3616,,1.0201867553405464e-05,,
59,3617,,2.8262579689908307e-06,,
59,3618,,1.2755316447510268e-06,,
59,3619,,2.4166552066162694e-06,,
59,3620,,1.16635612812388e-06,,
59,3621,,1.1848624126287177e-06,,
59,3622,,1.1712517107298481e-06,,
59,3623,,1.1571816003197455e-06,,
59,3624,,1.6527798152310424e-06,,
59,3625,,2.161746124329511e-06,,
59,3626,,2.2899112082086504e-06,,
59,3627,,3.323253258713521e-05,,
59,3628,,3.701482455653604e-06,,
59,3629,,4.286485363991233e-06,,
59,3630,,1.785266249498818e-06,,
59,3631,,2.1789587663079146e-06,,
59,3632,,1.8902690044342307e-06,,
59,3633,,1.7338860516247223e-06,,
59,3634,,1.189320983030484e-06,,
59,3635,,1.5197879292827565e-06,,
59,3636,,1.1830720723082777e-06,,
59,3637,,1.2672004459091113e-06,,
59,3638,,8.018582207114378e-07,,
59,3639,,1.2579289432324003e-06,,
59,3640,,8.809129212750122e-07,,
59,3641,,1.051829599418852e-06,,
59,3642,,3.2353250389860477e-06,,
59,3643,,5.1635533964145e-06,,
59,3644,,1.330237068941642e-06,,
59,3645,,1.193313323710754e-06,,
59,3646,,5.498473001352977e-07,,
59,3647,,2.4689813926670467e-06,,
59,3648,,7.757399203001114e-07,,
59,3649,,1.2315633739490295e-06,,
59,3650,,1.334998046331748e-06,,
59,3651,,1.0587996257527266e-06,,
59,3652,,1.586776193107653e-06,,
59,3653,,1.587359747645678e-06,,
59,3654,,3.0189443123163073e-07,,
59,3655,,9.939826668414753e-07,,
59,3656,,1.474743271501211e-06,,
59,3657,,1.5995257172107813e-06,,
59,3658,,1.9626359062385745e-06,,
59,3659,,8.331608114531264e-07,,
59,3659,,,4.345770359039307,1.1264121440035524e-06
60,3660,,2.191379508076352e-06,,
60,3661,,1.9970832454418996e-06,,
60,3662,,1.3692394986719592e-06,,
60,3663,,1.0766812010842841e-06,,
60,3664,,8.673194997754763e-07,,
60,3665,,1.7270500620725215e-06,,
60,3666,,1.1542252877916326e-06,,
60,3667,,2.1704368009523023e-06,,
60,3668,,4.778763013746357e-06,,
60,3669,,6.781647812204028e-07,,
60,3670,,1.0687838312151143e-06,,
60,3671,,1.4573245152860181e-06,,
60,3672,,4.6109011009320966e-07,,
60,3673,,9.046395916811889e-07,,
60,3674,,7.91701268099132e-07,,
60,3675,,1.7934772813532618e-06,,
60,3676,,6.516063990602561e-07,,
60,3677,,8.76771196089976e-07,,
60,3678,,2.377940063524875e-06,,
60,3679,,8.104520361484902e-07,,
60,3680,,1.1361802307874314e-06,,
60,3681,,5.5846335271780845e-06,,
60,3682,,1.0783627431010245e-06,,
60,3683,,5.056439476902597e-06,,
60,3684,,3.0543574212060776e-06,,
60,3685,,1.0958426628349116e-06,,
60,3686,,9.276920422962576e-07,,
60,3687,,1.444231884306646e-06,,
60,3688,,5.382162271416746e-07,,
60,3689,,3.246803316869773e-06,,
60,3690,,1.3509155678548268e-06,,
60,3691,,5.209969344832643e-07,,
60,3692,,6.105512966314564e-07,,
60,3693,,7.42849067592033e-07,,
60,3694,,1.3336990605239407e-06,,
60,3695,,5.854066671417968e-07,,
60,3696,,5.067832375971193e-07,,
60,3697,,1.2924782595291617e-06,,
60,3698,,1.0648518582456745e-06,,
60,3699,,0.00012660233187489212,,
60,3700,,4.259131856088061e-06,,
60,3701,,3.546893822203856e-06,,
60,3702,,1.6132023574755294e-06,,
60,3703,,1.3446094726532465e-06,,
60,3704,,4.615773377736332e-06,,
60,3705,,6.906581802468281e-06,,
60,3706,,7.61678279559419e-07,,
60,3707,,1.9913770756829763e-06,,
60,3708,,2.175497911593993e-06,,
60,3709,,1.1690566452671192e-06,,
60,3710,,6.476442422354012e-07,,
60,3711,,7.025549621175742e-06,,
60,3712,,3.5098619264317676e-06,,
60,3713,,2.7206110644328874e-06,,
60,3714,,9.399039981872193e-07,,
60,3715,,2.22553330786468e-06,,
60,3716,,4.393104973132722e-06,,
60,3717,,7.303011670956039e-07,,
60,3718,,3.261887286498677e-06,,
60,3719,,9.468864163864055e-07,,
60,3720,,4.5235688617140113e-07,,
60,3720,,,3.681107759475708,8.082036515588698e-07
61,3721,,1.066485197043221e-06,,
61,3722,,1.3539074643631466e-06,,
61,3723,,1.8507944332668558e-06,,
61,3724,,7.450729754054919e-05,,
61,3725,,1.1505616157592158e-06,,
61,3726,,2.033660166489426e-06,,
61,3727,,9.153310998044617e-07,,
61,3728,,6.800320988986641e-06,,
61,3729,,3.7780587263114285e-06,,
61,3730,,2.493719875928946e-05,,
61,3731,,2.838054797393852e-06,,
61,3732,,6.614907306357054e-07,,
61,3733,,1.2652577652261243e-06,,
61,3734,,3.9028805076668505e-06,,
61,3735,,2.208554406024632e-06,,
61,3736,,1.1571547702260432e-06,,
61,3737,,2.376927568548126e-06,,
61,3738,,2.7681744541041553e-06,,
61,3739,,7.973529818627867e-07,,
61,3740,,3.0960998174123233e-06,,
61,3741,,2.2252545477385866e-06,,
61,3742,,2.4673740881553385e-06,,
61,3743,,4.842687758355169e-06,,
61,3744,,9.234040589944925e-06,,
61,3745,,1.4219837112250389e-06,,
61,3746,,1.3606889979200787e-06,,
61,3747,,1.0092863931276952e-06,,
61,3748,,1.2985002513232757e-06,,
61,3749,,1.1817634231192642e-06,,
61,3750,,8.796437214186881e-07,,
61,3751,,1.1740831951101427e-06,,
61,3752,,1.2275880862944177e-06,,
61,3753,,5.040350288254558e-07,,
61,3754,,6.174526561153471e-07,,
61,3755,,1.39419046263356e-06,,
61,3756,,5.705679768652772e-07,,
61,3757,,4.023897872684756e-06,,
61,3758,,9.552128403811366e-07,,
61,3759,,1.6672214542268193e-06,,
61,3760,,1.0202089697486372e-06,,
61,3761,,2.82327209788491e-06,,
61,3762,,1.6477511053381022e-06,,
61,3763,,1.9407189029152505e-06,,
61,3764,,8.27266774194868e-07,,
61,3765,,1.905133558466332e-06,,
61,3766,,2.852218585758237e-06,,
61,3767,,1.4562916703653173e-06,,
61,3768,,8.971173883765005e-06,,
61,3769,,4.933465334033826e-07,,
61,3770,,4.261323169885145e-07,,
61,3771,,3.1989827675715787e-07,,
61,3772,,8.972031082521426e-07,,
61,3773,,1.6678637848599465e-06,,
61,3774,,2.4486423626512988e-06,,
61,3775,,1.3679065204996732e-06,,
61,3776,,7.578166787425289e-07,,
61,3777,,1.0621974979585502e-06,,
61,3778,,1.9276910734333796e-06,,
61,3779,,4.1496429048493155e-07,,
61,3780,,2.069879883492831e-06,,
61,3781,,1.263849753740942e-06,,
61,3781,,,3.2931981086730957,6.46843886897841e-07
62,3782,,9.107835694521782e-07,,
62,3783,,0.00010013707651523873,,
62,3784,,3.980848305218387e-06,,
62,3785,,1.443343194296176e-06,,
62,3786,,2.4542127903259825e-06,,
62,3787,,1.6774721416368266e-06,,
62,3788,,8.213040928239934e-06,,
62,3789,,4.9951549954130314e-06,,
62,3790,,9.448890523344744e-06,,
62,3791,,3.0155138119880576e-06,,
62,3792,,7.775640824547736e-07,,
62,3793,,5.178180231268925e-07,,
62,3794,,1.0324708910047775e-06,,
62,3795,,3.235926897104946e-06,,
62,3796,,2.8039685275871307e-06,,
62,3797,,2.006623617489822e-06,,
62,3798,,2.1261841993691633e-06,,
62,3799,,2.867142484319629e-06,,
62,3800,,4.154743692197371e-06,,
62,3801,,1.2244572644704022e-06,,
62,3802,,1.0883954928431194e-06,,
62,3803,,1.1032015208911616e-05,,
62,3804,,1.940656511578709e-05,,
62,3805,,2.2957628971198574e-06,,
62,3806,,4.0055083445622586e-06,,
62,3807,,7.503497727157082e-06,,
62,3808,,2.39303744820063e-06,,
62,3809,,2.7150410915055545e-06,,
62,3810,,1.8996742028321023e-06,,
62,3811,,3.914034039098624e-07,,
62,3812,,1.7392042082065018e-06,,
62,3813,,1.8307905520487111e-06,,
62,3814,,1.3419928563962458e-06,,
62,3815,,9.68133917922387e-07,,
62,3816,,2.3703983060840983e-06,,
62,3817,,2.0050185867148684e-06,,
62,3818,,6.857978405605536e-06,,
62,3819,,7.058314622554462e-06,,
62,3820,,4.795666882273508e-06,,
62,3821,,1.7095693465307704e-06,,
62,3822,,1.3196805639381637e-06,,
62,3823,,1.509668891230831e-06,,
62,3824,,1.1935584325328819e-06,,
62,3825,,3.165253701808979e-06,,
62,3826,,2.326507683392265e-06,,
62,3827,,2.1142418518138584e-06,,
62,3828,,3.9414840102836024e-07,,
62,3829,,9.118078310166311e-07,,
62,3830,,5.352918037715426e-07,,
62,3831,,2.263669102831045e-06,,
62,3832,,1.3439743042908958e-06,,
62,3833,,1.1982783689745702e-06,,
62,3834,,1.031985902955057e-06,,
62,3835,,8.131852951009932e-07,,
62,3836,,1.3582388191935024e-06,,
62,3837,,1.400717565047671e-06,,
62,3838,,3.877968083543237e-06,,
62,3839,,8.817842171993107e-07,,
62,3840,,6.558207701345964e-07,,
62,3841,,1.99352848540002e-06,,
62,3842,,9.547388799546752e-07,,
62,3842,,,2.6958634853363037,4.334704897246411e-07
63,3843,,6.327602477540495e-07,,
63,3844,,3.7780245065732743e-07,,
63,3845,,1.2206119208713062e-06,,
63,3846,,6.374907570716459e-07,,
63,3847,,3.129802507828572e-06,,
63,3848,,1.1961305972363334e-06,,
63,3849,,1.4431192312258645e-06,,
63,3850,,4.1311469090032915e-07,,
63,3851,,9.699965630716179e-07,,
63,3852,,5.539647531804803e-07,,
63,3853,,1.485358325226116e-06,,
63,3854,,5.193523406887834e-07,,
63,3855,,1.0778143177958555e-06,,
63,3856,,3.9868555745670164e-07,,
63,3857,,9.880961897579255e-07,,
63,3858,,3.4620421729414375e-07,,
63,3859,,1.0570922768238233e-06,,
63,3860,,6.189875421114266e-07,,
63,3861,,4.464629341782711e-07,,
63,3862,,7.911514785519103e-07,,
63,3863,,1.8726682355918456e-06,,
63,3864,,4.125977284274995e-06,,
63,3865,,8.064013172770501e-07,,
63,3866,,1.039968992699869e-06,,
63,3867,,4.875061563325289e-07,,
63,3868,,1.7173546211779467e-06,,
63,3869,,1.9479807633615565e-06,,
63,3870,,9.126736131293001e-07,,
63,3871,,1.3504243270290317e-06,,
63,3872,,6.195154469423869e-07,,
63,3873,,1.189022100334114e-06,,
63,3874,,3.6411493056220934e-06,,
63,3875,,1.6373112430301262e-06,,
63,3876,,2.9501156859623734e-06,,
63,3877,,6.945463155716425e-07,,
63,3878,,1.2459190656954888e-06,,
63,3879,,2.8366735023155343e-06,,
63,3880,,3.583346369850915e-06,,
63,3881,,5.621506602437876e-07,,
63,3882,,2.401576239208225e-06,,
63,3883,,2.005702754104277e-06,,
63,3884,,6.306545401457697e-07,,
63,3885,,0.000129282139823772,,
63,3886,,5.2188715926604345e-06,,
63,3887,,3.760572781175142e-06,,
63,3888,,2.4867367756087333e-06,,
63,3889,,3.856740931951208e-06,,
63,3890,,4.872398221777985e-06,,
63,3891,,3.035701638509636e-06,,
63,3892,,8.003040420589969e-06,,
63,3893,,1.716366227810795e-06,,
63,3894,,2.680905936358613e-06,,
63,3895,,2.180786168537452e-06,,
63,3896,,5.85657346618973e-07,,
63,3897,,2.9261584586492972e-06,,
63,3898,,3.909368388121948e-06,,
63,3899,,1.46965771818941e-06,,
63,3900,,1.2844324146499275e-06,,
63,3901,,2.126985918948776e-06,,
63,3902,,1.3098485851514852e-06,,
63,3903,,5.5462442105636e-07,,
63,3903,,,6.080167770385742,2.2049302970117424e-06
64,3904,,2.6549812446319265e-06,,
64,3905,,2.199991968154791e-06,,
64,3906,,9.93433104667929e-07,,
64,3907,,1.2441508943084045e-06,,
64,3908,,1.9391711703065084e-06,,
64,3909,,7.129035111574922e-06,,
64,3910,,9.945649708242854e-07,,
64,3911,,1.3914133205616963e-06,,
64,3912,,1.0917422059719684e-06,,
64,3913,,3.5479121152093285e-07,,
64,3914,,1.2549922985272133e-06,,
64,3915,,1.5535463262494886e-06,,
64,3916,,8.503214985466911e-07,,
64,3917,,2.200494236603845e-06,,
64,3918,,5.211546522332355e-06,,
64,3919,,7.031743507468491e-07,,
64,3920,,5.024919573770603e-07,,
64,3921,,6.267141543503385e-07,,
64,3922,,1.2216034974699141e-06,,
64,3923,,9.103790148401458e-07,,
64,3924,,7.598538900310814e-07,,
64,3925,,6.819271902713808e-07,,
64,3926,,6.751532168891572e-07,,
64,3927,,2.4817434223223245e-06,,
64,3928,,1.3755310419583111e-06,,
64,3929,,2.9912769150541862e-06,,
64,3930,,7.796983254593215e-07,,
64,3931,,1.186132749353419e-06,,
64,3932,,4.354367888481647e-07,,
64,3933,,6.370005394273903e-07,,
64,3934,,1.735236310196342e-06,,
64,3935,,7.75257774421334e-07,,
64,3936,,8.797595114629075e-07,,
64,3937,,9.358930697089818e-07,,
64,3938,,6.212021617102437e-07,,
64,3939,,6.16655938756594e-07,,
64,3940,,5.232407715993759e-07,,
64,3941,,1.088414478545019e-06,,
64,3942,,1.7482527709944407e-06,,
64,3943,,2.3749679201046092e-07,,
64,3944,,8.336319297086447e-07,,
64,3945,,8.525062185071874e-07,,
64,3946,,3.915360764494835e-07,,
64,3947,,7.1740519160812255e-06,,
64,3948,,6.419053875106329e-07,,
64,3949,,4.114205694349948e-06,,
64,3950,,1.3615318721349468e-06,,
64,3951,,8.88256254256703e-05,,
64,3952,,9.01870043890085e-06,,
64,3953,,9.050906442098494e-07,,
64,3954,,2.1670070964319166e-06,,
64,3955,,1.6230716255449806e-06,,
64,3956,,1.2816138905691332e-06,,
64,3957,,6.388754059116764e-07,,
64,3958,,2.2087187971919775e-05,,
64,3959,,3.528396518959198e-06,,
64,3960,,1.0357223345636157e-06,,
64,3961,,1.1853784371851361e-06,,
64,3962,,7.881113788243965e-07,,
64,3963,,1.0774009524538997e-06,,
64,3964,,1.115288796427194e-06,,
64,3964,,,2.292064905166626,3.133412462830165e-07
65,3965,,1.3326925909495912e-06,,
65,3966,,1.1644356163742486e-06,,
65,3967,,1.5269498589987052e-06,,
65,3968,,5.746589977206895e-07,,
65,3969,,4.7326184926532733e-07,,
65,3970,,1.849404611675709e-06,,
65,3971,,5.397423024078307e-07,,
65,3972,,1.0016798341894173e-06,,
65,3973,,9.291284186474513e-07,,
65,3974,,2.556096887929016e-06,,
65,3975,,8.396697012358345e-06,,
65,3976,,9.660370778874494e-06,,
65,3977,,1.258625388800283e-06,,
65,3978,,4.084869260623236e-07,,
65,3979,,5.452046138998412e-07,,
65,3980,,7.463726774403767e-07,,
65,3981,,1.8694053096623975e-06,,
65,3982,,8.229973218476516e-07,,
65,3983,,6.080466619096114e-07,,
65,3984,,4.788365004060324e-06,,
65,3985,,1.1268673461017897e-06,,
65,3986,,7.32465537112148e-07,,
65,3987,,4.146254013903672e-06,,
65,3988,,1.1725705917342566e-06,,
65,3989,,1.263264607587189e-06,,
65,3990,,9.022094218380516e-07,,
65,3991,,1.4122864513410605e-06,,
65,3992,,4.9258665058005136e-06,,
65,3993,,1.5084079905136605e-06,,
65,3994,,6.385620849869156e-07,,
65,3995,,3.467916940280702e-06,,
65,3996,,1.3888460443922668e-06,,
65,3997,,7.860396067371767e-07,,
65,3998,,1.8173118405684363e-06,,
65,3999,,7.149009206841583e-07,,
65,4000,,6.755922754564381e-07,,
65,4001,,7.209512773442839e-07,,
65,4002,,4.0709605286792794e-07,,
65,4003,,2.418881422272534e-06,,
65,4004,,9.620778200769564e-07,,
65,4005,,1.0400855217085336e-06,,
65,4006,,5.166781988918956e-07,,
65,4007,,7.48523916627164e-07,,
65,4008,,1.614511802472407e-06,,
65,4009,,7.208226406874019e-07,,
65,4010,,1.3503902209777152e-06,,
65,4011,,1.0941336086034426e-06,,
65,4012,,7.240273589559365e-07,,
65,4013,,2.861609402771137e-07,,
65,4014,,2.7013370527129155e-06,,
65,4015,,1.589385306033364e-06,,
65,4016,,9.686617659099284e-07,,
65,4017,,5.10628694883053e-07,,
65,4018,,1.16683065698453e-06,,
65,4019,,9.686575594969327e-07,,
65,4020,,5.330427370608959e-07,,
65,4021,,1.3874345086151152e-06,,
65,4022,,2.026870106419665e-06,,
65,4023,,0.00010982866660924628,,
65,4024,,1.4902955172146903e-06,,
65,4025,,1.0120523938894621e-06,,
65,4025,,,3.9426352977752686,9.271221301787591e-07
66,4026,,2.3150580545916455e-06,,
66,4027,,9.549327160129906e-07,,
66,4028,,1.8882892618421465e-06,,
66,4029,,1.3672919294549502e-06,,
66,4030,,8.375583888664551e-07,,
66,4031,,1.9533231352397706e-06,,
66,4032,,2.036313844655524e-06,,
66,4033,,1.8900392433351954e-06,,
66,4034,,1.2928287560498575e-06,,
66,4035,,1.616471990928403e-06,,
66,4036,,3.668170393211767e-06,,
66,4037,,1.793649971659761e-06,,
66,4038,,1.4958413885324262e-06,,
66,4039,,4.460538093553623e-06,,
66,4040,,1.8391298226561048e-06,,
66,4041,,2.0069264792255126e-06,,
66,4042,,1.173649366137397e-06,,
66,4043,,4.823918970942032e-07,,
66,4044,,6.069215601200995e-07,,
66,4045,,2.579076408437686e-06,,
66,4046,,1.8383295810053824e-06,,
66,4047,,1.62946957971144e-06,,
66,4048,,1.1374011137377238e-06,,
66,4049,,1.327741870227328e-06,,
66,4050,,6.838909598627652e-07,,
66,4051,,4.6635238959424896e-07,,
66,4052,,3.8316779864544515e-06,,
66,4053,,1.9872727534675505e-06,,
66,4054,,1.471064592806215e-06,,
66,4055,,1.0092048796650488e-06,,
66,4056,,3.3033238651114516e-06,,
66,4057,,5.44364638699335e-07,,
66,4058,,4.798636155101121e-07,,
66,4059,,6.126115295046475e-07,,
66,4060,,5.52920255358913e-06,,
66,4061,,9.236333085027582e-07,,
66,4062,,7.111078502930468e-06,,
66,4063,,1.193590605907957e-06,,
66,4064,,1.456248469366983e-06,,
66,4065,,6.106195087340893e-07,,
66,4066,,6.46541707283177e-07,,
66,4067,,2.4858979941200232e-06,,
66,4068,,3.990907316619996e-06,,
66,4069,,7.447933967341669e-07,,
66,4070,,8.378793268093432e-07,,
66,4071,,5.211823918216396e-06,,
66,4072,,8.752104463383148e-07,,
66,4073,,1.7867804444904323e-06,,
66,4074,,3.878319148498122e-06,,
66,4075,,2.0270540517230984e-06,,
66,4076,,1.8148348317481577e-06,,
66,4077,,1.8146748743674834e-06,,
66,4078,,1.4122987295195344e-06,,
66,4079,,7.862180609663483e-06,,
66,4080,,8.732070000405656e-07,,
66,4081,,8.847658318700269e-05,,
66,4082,,2.052829586318694e-06,,
66,4083,,5.5323680498986505e-06,,
66,4084,,1.7199590729433112e-06,,
66,4085,,1.875844418464112e-06,,
66,4086,,2.5788513084989972e-06,,
66,4086,,,4.91093635559082,1.4384421547219972e-06
67,4087,,3.770581088247127e-06,,
67,4088,,9.716861768538365e-07,,
67,4089,,3.0228875402826816e-06,,
67,4090,,1.8251098481414374e-06,,
67,4091,,5.553881237574387e-06,,
67,4092,,7.349031875492074e-06,,
67,4093,,8.190834250854095e-07,,
67,4094,,1.2568473266583169e-06,,
67,4095,,1.1495737908262527e-06,,
67,4096,,2.0762447093147784e-05,,
67,4097,,3.384145747986622e-05,,
67,4098,,1.1577260465855943e-06,,
67,4099,,9.136944072452025e-07,,
67,4100,,1.3533906439988641e-06,,
67,4101,,2.439176341795246e-06,,
67,4102,,3.2253997233055998e-06,,
67,4103,,4.444538717507385e-06,,
67,4104,,4.950039510731585e-06,,
67,4105,,2.334105147383525e-06,,
67,4106,,1.352155777567532e-06,,
67,4107,,4.076141522091348e-06,,
67,4108,,1.692397859187622e-06,,
67,4109,,1.0319289458493586e-06,,
67,4110,,9.82926030701492e-06,,
67,4111,,3.169887122567161e-06,,
67,4112,,7.808859550095804e-07,,
67,4113,,1.6239520164162968e-06,,
67,4114,,1.3539040082832798e-05,,
67,4115,,3.5486911656334996e-05,,
67,4116,,3.1158326692093397e-06,,
67,4117,,2.8270649181649787e-06,,
67,4118,,4.907099082629429e-06,,
67,4119,,3.015936272277031e-06,,
67,4120,,3.4293866519874427e-06,,
67,4121,,1.4159300008032005e-06,,
67,4122,,1.797035452000273e-06,,
67,4123,,2.918198788393056e-06,,
67,4124,,1.7374143226334127e-06,,
67,4125,,4.262539277988253e-06,,
67,4126,,4.76721243103384e-06,,
67,4127,,2.1708010535803623e-06,,
67,4128,,1.1054873993998626e-06,,
67,4129,,3.4299528124392964e-06,,
67,4130,,2.341003209949122e-06,,
67,4131,,7.342096068896353e-07,,
67,4132,,1.5855001720410655e-06,,
67,4133,,3.3335654734401032e-06,,
67,4134,,6.374436338774103e-07,,
67,4135,,6.534043677675072e-06,,
67,4136,,1.7326652823612676e-06,,
67,4137,,1.571235657138459e-06,,
67,4138,,9.601151305105304e-07,,
67,4139,,1.2975887102584238e-06,,
67,4140,,1.5368649428637582e-06,,
67,4141,,1.7800757632358e-06,,
67,4142,,1.7558304534759372e-06,,
67,4143,,1.2650801863856032e-06,,
67,4144,,1.306419108004775e-06,,
67,4145,,7.206833743111929e-07,,
67,4146,,9.038014354700863e-07,,
67,4147,,3.092616452704533e-06,,
67,4147,,,2.5022003650665283,3.734289464318863e-07
68,4148,,4.6859085500727815e-07,,
68,4149,,1.3887109844290535e-06,,
68,4150,,1.0298601864633383e-06,,
68,4151,,2.54135579780268e-06,,
68,4152,,1.2785883427568479e-06,,
68,4153,,1.735537694003142e-06,,
68,4154,,1.4563789818566875e-06,,
68,4155,,5.961483111605048e-07,,
68,4156,,7.611176329191949e-07,,
68,4157,,9.74064391812135e-07,,
68,4158,,1.7424355291950633e-06,,
68,4159,,4.312016699259402e-07,,
68,4160,,1.7585506384421024e-06,,
68,4161,,1.0101235830006772e-06,,
68,4162,,5.193450078877504e-07,,
68,4163,,9.884571454676916e-07,,
68,4164,,1.0697972356865648e-06,,
68,4165,,1.2414280945449718e-06,,
68,4166,,9.520113053440582e-07,,
68,4167,,6.588791734429833e-07,,
68,4168,,7.480570616280602e-07,,
68,4169,,8.103122127067763e-06,,
68,4170,,5.482154961100605e-07,,
68,4171,,1.504601641499903e-06,,
68,4172,,1.5403808220071369e-06,,
68,4173,,1.6098119886009954e-06,,
68,4174,,1.1315455594740342e-06,,
68,4175,,2.8978338377783075e-06,,
68,4176,,1.8192110928794136e-06,,
68,4177,,1.1018265695383889e-06,,
68,4178,,1.5277709053407307e-06,,
68,4179,,8.399179023399483e-06,,
68,4180,,7.975182825248339e-07,,
68,4181,,1.1306257192700286e-06,,
68,4182,,1.7752487337929779e-06,,
68,4183,,7.838992246433918e-07,,
68,4184,,2.495261469448451e-06,,
68,4185,,2.090298266921309e-06,,
68,4186,,2.959533958346583e-06,,
68,4187,,0.00010176442447118461,,
68,4188,,9.524854249320924e-06,,
68,4189,,5.4959118642727844e-06,,
68,4190,,1.6585066759944311e-06,,
68,4191,,1.2670369642364676e-06,,
68,4192,,4.144759259361308e-06,,
68,4193,,2.961702875836636e-06,,
68,4194,,1.749701937114878e-06,,
68,4195,,1.447704335078015e-06,,
68,4196,,3.2110147003550082e-06,,
68,4197,,1.3913148677602294e-06,,
68,4198,,2.6771899683808442e-06,,
68,4199,,4.088625246367883e-06,,
68,4200,,2.7691978630173253e-06,,
68,4201,,7.796584213792812e-07,,
68,4202,,2.8744132123392774e-06,,
68,4203,,2.4158498490578495e-06,,
68,4204,,1.6763956409704406e-06,,
68,4205,,1.2220911230542697e-05,,
68,4206,,2.7419489470048575e-06,,
68,4207,,2.4329970074177254e-06,,
68,4208,,8.259885930783639e-07,,
68,4208,,,4.075439929962158,9.906329978548456e-07
69,4209,,1.914866516017355e-06,,
69,4210,,2.5038552848855034e-06,,
69,4211,,1.7212975080838078e-06,,
69,4212,,7.714918410783866e-07,,
69,4213,,2.7401335955801187e-06,,
69,4214,,1.619396471141954e-06,,
69,4215,,2.8076831313228467e-06,,
69,4216,,3.171684056724189e-06,,
69,4217,,3.883830231643515e-06,,
69,4218,,1.2779661346939974e-06,,
69,4219,,1.0331460771340062e-06,,
69,4220,,2.8452886908780783e-06,,
69,4221,,1.6764145129855024e-06,,
69,4222,,9.944203611667035e-07,,
69,4223,,2.2541275939147454e-06,,
69,4224,,6.334002682706341e-05,,
69,4225,,1.9266285562480334e-06,,
69,4226,,3.535388032105402e-06,,
69,4227,,7.16506406206463e-07,,
69,4228,,2.5830909180513117e-06,,
69,4229,,2.156806431230507e-06,,
69,4230,,2.4622493583592586e-05,,
69,4231,,6.438602895286749e-07,,
69,4232,,2.1243859009700827e-06,,
69,4233,,9.972146699510631e-07,,
69,4234,,2.09679342333402e-06,,
69,4235,,1.388455530104693e-06,,
69,4236,,6.756556558684679e-06,,
69,4237,,1.9789413272519596e-05,,
69,4238,,1.9352146409801207e-06,,
69,4239,,1.499485051681404e-06,,
69,4240,,2.700087634366355e-06,,
69,4241,,2.778339194264845e-06,,
69,4242,,2.267614945594687e-06,,
69,4243,,9.224795576301403e-07,,
69,4244,,4.038091390157206e-07,,
69,4245,,6.127053211457678e-07,,
69,4246,,1.567010485814535e-06,,
69,4247,,1.3309343103173887e-06,,
69,4248,,3.080914666497847e-06,,
69,4249,,8.457121793981059e-07,,
69,4250,,5.51781283775199e-07,,
69,4251,,1.0427891083963914e-06,,
69,4252,,1.251346361641481e-06,,
69,4253,,5.145573709341988e-07,,
69,4254,,8.339978876392706e-07,,
69,4255,,8.169183161044202e-07,,
69,4256,,6.385707251865824e-07,,
69,4257,,8.707169740773679e-07,,
69,4258,,3.10302681327812e-07,,
69,4259,,5.20403716564033e-07,,
69,4260,,7.285117362698657e-07,,
69,4261,,5.000670626031933e-06,,
69,4262,,6.037318485141441e-07,,
69,4263,,8.052232374211599e-07,,
69,4264,,9.781768994798767e-07,,
69,4265,,1.1478255146357697e-05,,
69,4266,,1.17886804673617e-06,,
69,4267,,2.240870117020677e-06,,
69,4268,,2.1295327314874157e-06,,
69,4269,,1.3260970490591717e-06,,
69,4269,,,3.7792181968688965,8.518589424966194e-07
70,4270,,2.8339250093267765e-06,,
70,4271,,1.0752104344646796e-06,,
70,4272,,6.441280788749282e-07,,
70,4273,,9.650561878515873e-07,,
70,4274,,5.984446943330113e-06,,
70,4275,,5.633542969007976e-06,,
70,4276,,1.5783383560119546e-06,,
70,4277,,1.2741849104713765e-06,,
70,4278,,6.384122457347985e-07,,
70,4279,,2.8429310532374075e-06,,
70,4280,,1.7051261238520965e-06,,
70,4281,,2.457065193084418e-06,,
70,4282,,4.3793843929051945e-07,,
70,4283,,1.7358229342789855e-06,,
70,4284,,5.157680220690963e-07,,
70,4285,,7.338064165196556e-07,,
70,4286,,1.6595342913205968e-06,,
70,4287,,1.1847982932522427e-06,,
70,4288,,5.844863153470214e-07,,
70,4289,,1.4119907518761465e-06,,
70,4290,,1.6211706679314375e-06,,
70,4291,,6.257098448259057e-07,,
70,4292,,1.3501198736776132e-06,,
70,4293,,6.884014283059514e-07,,
70,4294,,1.1014077472282224e-06,,
70,4295,,6.202513418429589e-07,,
70,4296,,1.8835647779269493e-06,,
70,4297,,1.2771957926815958e-06,,
70,4298,,4.5622829247804475e-07,,
70,4299,,8.748929758439772e-07,,
70,4300,,6.204464852999081e-07,,
70,4301,,5.550851369662269e-07,,
70,4302,,4.579855783504172e-07,,
70,4303,,4.948802256876661e-07,,
70,4304,,9.905663773679407e-07,,
70,4305,,4.4597481974051334e-07,,
70,4306,,1.1195027127541834e-06,,
70,4307,,1.8045240040009958e-06,,
70,4308,,1.0595691719572642e-06,,
70,4309,,2.8788338113372447e-07,,
70,4310,,1.7173988453578204e-06,,
70,4311,,9.448323226024513e-07,,
70,4312,,8.926877512749343e-07,,
70,4313,,7.052908017612936e-07,,
70,4314,,9.187668865706655e-07,,
70,4315,,7.43058137686603e-07,,
70,4316,,0.00011378329509170726,,
70,4317,,7.736032898719714e-07,,
70,4318,,2.991695964738028e-06,,
70,4319,,1.8685207123780856e-06,,
70,4320,,8.664598567520443e-07,,
70,4321,,8.698485203240125e-07,,
70,4322,,7.661598147024051e-07,,
70,4323,,4.4086266370868543e-07,,
70,4324,,1.2579589565575588e-05,,
70,4325,,1.2854749002144672e-05,,
70,4326,,2.502071993149002e-06,,
70,4327,,1.3992395224704524e-06,,
70,4328,,9.464721415497479e-07,,
70,4329,,7.709802048339043e-06,,
70,4330,,5.786518158856779e-06,,
70,4330,,,4.699827671051025,1.317430246672302e-06
71,4331,,2.9891127724113176e-06,,
71,4332,,5.605751539405901e-06,,
71,4333,,9.394242965754529e-07,,
71,4334,,2.077181761706015e-06,,
71,4335,,1.2325951956881909e-06,,
71,4336,,1.17503338969982e-06,,
71,4337,,7.9725850810064e-07,,
71,4338,,2.0373979623400373e-06,,
71,4339,,1.3016637012697174e-06,,
71,4340,,1.3186323712943704e-06,,
71,4341,,2.724162868616986e-06,,
71,4342,,2.2001463548804168e-06,,
71,4343,,1.9120759588986402e-06,,
71,4344,,1.5927730601106305e-06,,
71,4345,,6.553513571816438e-07,,
71,4346,,2.2820208869234193e-06,,
71,4347,,2.3035465801513055e-06,,
71,4348,,1.2759388710037456e-06,,
71,4349,,4.612822158378549e-05,,
71,4350,,2.301488621014869e-06,,
71,4351,,3.1391673473990522e-06,,
71,4352,,1.3608365634354413e-06,,
71,4353,,1.7183491536343354e-06,,
71,4354,,1.4580146853404585e-05,,
71,4355,,3.0127594072837383e-06,,
71,4356,,1.1725984450094984e-06,,
71,4357,,2.6090892788488418e-06,,
71,4358,,6.33602849120507e-06,,
71,4359,,2.1090843347337795e-06,,
71,4360,,1.0396769312137621e-06,,
71,4361,,3.5326684155734256e-06,,
71,4362,,4.07212064601481e-06,,
71,4363,,8.485260991619725e-07,,
71,4364,,1.6013256754376926e-05,,
71,4365,,2.423177193122683e-06,,
71,4366,,1.4121226286079036e-06,,
71,4367,,1.4459980093306513e-06,,
71,4368,,2.551303168729646e-06,,
71,4369,,1.106314243770612e-06,,
71,4370,,7.468837566193542e-07,,
71,4371,,3.7416928080347134e-06,,
71,4372,,9.578891422279412e-07,,
71,4373,,1.0653680874384008e-05,,
71,4374,,8.023886948649306e-06,,
71,4375,,2.4029779979173327e-06,,
71,4376,,2.265811190227396e-06,,
71,4377,,1.69756640389096e-06,,
71,4378,,2.2290500965027604e-06,,
71,4379,,1.651843604122405e-06,,
71,4380,,4.874625119555276e-06,,
71,4381,,3.7200811675575096e-06,,
71,4382,,8.675573894834088e-07,,
71,4383,,1.3115886758896522e-06,,
71,4384,,2.2317665298032807e-06,,
71,4385,,2.6816603622137336e-06,,
71,4386,,8.014608283701818e-07,,
71,4387,,8.173432433977723e-06,,
71,4388,,1.3191007610657834e-06,,
71,4389,,1.3119266668581986e-06,,
71,4390,,1.827098799367377e-06,,
71,4391,,1.8897062545875087e-06,,
71,4391,,,3.6217713356018066,7.823585974620073e-07
72,4392,,1.0498470146558248e-06,,
72,4393,,1.0413205018267035e-06,,
72,4394,,8.51149764002912e-07,,
72,4395,,1.557421683173743e-06,,
72,4396,,1.0730946087278426e-06,,
72,4397,,8.93897140485933e-06,,
72,4398,,2.326942194486037e-06,,
72,4399,,7.64873448133585e-07,,
72,4400,,1.259564669453539e-06,,
72,4401,,6.42766622149793e-07,,
72,4402,,1.0802152701216983e-06,,
72,4403,,1.1694476143020438e-06,,
72,4404,,1.3013609532208648e-06,,
72,4405,,5.116309012009879e-07,,
72,4406,,1.3093947472953005e-06,,
72,4407,,8.84040389337315e-07,,
72,4408,,2.7092432901554275e-06,,
72,4409,,2.823261183948489e-06,,
72,4410,,2.201390543632442e-06,,
72,4411,,1.4525647884511272e-06,,
72,4412,,1.0369784604336019e-06,,
72,4413,,6.162196655168373e-07,,
72,4414,,1.468735149501299e-06,,
72,4415,,4.114206149097299e-06,,
72,4416,,2.0442428194655804e-06,,
72,4417,,8.504244988216669e-07,,
72,4418,,1.0662568001862383e-06,,
72,4419,,9.470211352891056e-07,,
72,4420,,2.811472768371459e-06,,
72,4421,,2.764601276794565e-07,,
72,4422,,2.4259543351945467e-06,,
72,4423,,1.2525787269623834e-06,,
72,4424,,9.066039297067618e-07,,
72,4425,,5.486040208779741e-07,,
72,4426,,4.7501191602350445e-07,,
72,4427,,2.3704046725470107e-06,,
72,4428,,5.649750391967245e-07,,
72,4429,,1.3529258922062581e-06,,
72,4430,,7.16510498932621e-07,,
72,4431,,4.053205429954687e-06,,
72,4432,,6.03788635089586e-07,,
72,4433,,3.844549212317361e-07,,
72,4434,,5.190207161831495e-07,,
72,4435,,9.451336495658325e-07,,
72,4436,,6.334483941827784e-07,,
72,4437,,7.140245088521624e-07,,
72,4438,,4.8397731688965e-07,,
72,4439,,7.251552460729727e-07,,
72,4440,,1.7868770783024956e-06,,
72,4441,,2.0972017864551162e-06,,
72,4442,,5.783521146440762e-07,,
72,4443,,2.0650584247050574e-06,,
72,4444,,1.2291876601011609e-06,,
72,4445,,7.92764296875248e-07,,
72,4446,,1.883085019471764e-06,,
72,4447,,0.00010076019680127501,,
72,4448,,2.222835519205546e-06,,
72,4449,,2.7465218863653718e-06,,
72,4450,,1.3306344044394791e-06,,
72,4451,,3.482341298877145e-06,,
72,4452,,2.980725639645243e-06,,
72,4452,,,7.319901466369629,3.195760882590548e-06
73,4453,,4.46690773969749e-06,,
73,4454,,2.082971832351177e-06,,
73,4455,,1.1658214589260751e-06,,
73,4456,,2.465621946612373e-05,,
73,4457,,4.0631211959407665e-06,,
73,4458,,1.8035283346762299e-06,,
73,4459,,1.1098456980107585e-06,,
73,4460,,1.7413436808055849e-06,,
73,4461,,1.6012849073376856e-06,,
73,4462,,1.5198555729512009e-06,,
73,4463,,1.222256969413138e-06,,
73,4464,,3.0362057259480935e-06,,
73,4465,,1.4289403225120623e-06,,
73,4466,,1.6059826748460182e-06,,
73,4467,,2.2161950710142264e-06,,
73,4468,,1.6171704828593647e-06,,
73,4469,,3.2546759030083194e-06,,
73,4470,,1.2312459602981107e-06,,
73,4471,,3.2760860904090805e-06,,
73,4472,,2.75434149443754e-06,,
73,4473,,1.4054437542654341e-06,,
73,4474,,1.5860532585065812e-06,,
73,4475,,3.660545917227864e-05,,
73,4476,,1.3157762168702902e-06,,
73,4477,,1.021257685351884e-05,,
73,4478,,1.2527802937256638e-06,,
73,4479,,1.0533572094573174e-06,,
73,4480,,1.6853930446814047e-06,,
73,4481,,1.3837541246175533e-06,,
73,4482,,6.975128144404152e-06,,
73,4483,,2.316433665328077e-06,,
73,4484,,1.1129283166155801e-06,,
73,4485,,4.3049662963312585e-06,,
73,4486,,4.092755716555985e-06,,
73,4487,,1.685672259554849e-06,,
73,4488,,1.0934444389931741e-06,,
73,4489,,1.1130036909889895e-06,,
73,4490,,2.2523167899635155e-06,,
73,4491,,8.006210009625647e-06,,
73,4492,,1.7492361621407326e-06,,
73,4493,,2.17413435166236e-06,,
73,4494,,1.5348246051871683e-06,,
73,4495,,3.912655756721506e-06,,
73,4496,,1.2688489050560747e-06,,
73,4497,,2.3387849068967625e-05,,
73,4498,,2.1529881450987887e-06,,
73,4499,,1.0766840432552272e-06,,
73,4500,,8.35792150155612e-07,,
73,4501,,2.781182274702587e-06,,
73,4502,,1.5947825886541978e-06,,
73,4503,,2.1986559204378864e-06,,
73,4504,,2.4552618924644776e-06,,
73,4505,,1.0318098020434263e-06,,
73,4506,,1.138362790698011e-06,,
73,4507,,7.372352683887584e-07,,
73,4508,,5.320447939993755e-07,,
73,4509,,6.589007170987315e-07,,
73,4510,,2.4140645109582692e-06,,
73,4511,,1.6325762999258586e-06,,
73,4512,,1.1040355047953199e-06,,
73,4513,,5.990758040752553e-07,,
73,4513,,,2.489068031311035,3.6951956872144365e-07
74,4514,,2.2616900423599873e-06,,
74,4515,,1.047480736815487e-06,,
74,4516,,1.0620360626489855e-06,,
74,4517,,8.107095368359296e-07,,
74,4518,,9.59145836532116e-07,,
74,4519,,5.468308472700301e-07,,
74,4520,,1.0062285582534969e-06,,
74,4521,,5.578447144216625e-07,,
74,4522,,5.975521162326913e-07,,
74,4523,,3.3185610845976043e-06,,
74,4524,,2.7765956929215463e-06,,
74,4525,,1.7225581814273028e-06,,
74,4526,,7.629928404639941e-07,,
74,4527,,7.19584363650938e-07,,
74,4528,,6.265942147365422e-07,,
74,4529,,7.316642154364672e-07,,
74,4530,,6.493269779639377e-07,,
74,4531,,7.766381600049499e-07,,
74,4532,,1.2153865327491076e-06,,
74,4533,,5.964143383607734e-07,,
74,4534,,3.76479874830693e-07,,
74,4535,,8.646547371427005e-07,,
74,4536,,1.7635582025832264e-06,,
74,4537,,1.432080921404122e-06,,
74,4538,,1.936837406901759e-06,,
74,4539,,4.329546072767698e-07,,
74,4540,,5.260864668343856e-07,,
74,4541,,1.0917195822912618e-06,,
74,4542,,1.2718979860437685e-06,,
74,4543,,1.1504534995765425e-06,,
74,4544,,1.0374485555075807e-06,,
74,4545,,4.080355211044662e-06,,
74,4546,,8.232003096964036e-07,,
74,4547,,8.766756991462898e-07,,
74,4548,,8.893567837731098e-07,,
74,4549,,9.8670830084302e-07,,
74,4550,,5.759549708272971e-07,,
74,4551,,1.0494212574485573e-06,,
74,4552,,8.650777090224437e-07,,
74,4553,,1.4937556898075854e-06,,
74,4554,,1.3031320804657298e-06,,
74,4555,,7.339160106312193e-07,,
74,4556,,9.116554338106653e-07,,
74,4557,,3.909595704953972e-07,,
74,4558,,3.1795768791198498e-06,,
74,4559,,0.00010868373647099361,,
74,4560,,3.3609685488045216e-06,,
74,4561,,2.286660219397163e-06,,
74,4562,,5.524312314264535e-07,,
74,4563,,2.4282155663968297e-06,,
74,4564,,2.023186425503809e-06,,
74,4565,,1.2551381587400101e-06,,
74,4566,,6.500560630229302e-06,,
74,4567,,1.1259952543696272e-06,,
74,4568,,1.2156671118646045e-06,,
74,4569,,1.07428081719263e-06,,
74,4570,,3.1719773687655106e-06,,
74,4571,,1.0324844197384664e-06,,
74,4572,,1.0404736485725152e-06,,
74,4573,,2.496285333108972e-06,,
74,4574,,1.0075257250719005e-06,,
74,4574,,,2.3170876502990723,3.202201526164572e-07
75,4575,,6.374331746883399e-07,,
75,4576,,1.1021362524843425e-06,,
75,4577,,1.788049416973081e-06,,
75,4578,,2.666077989488258e-06,,
75,4579,,3.6138325754109246e-07,,
75,4580,,1.1557389143490582e-06,,
75,4581,,7.124536978153628e-07,,
75,4582,,7.66133723573148e-07,,
75,4583,,2.3365512333839433e-06,,
75,4584,,1.525593688711524e-06,,
75,4585,,3.4612980925885495e-06,,
75,4586,,1.5575363931930042e-06,,
75,4587,,1.1021188583981711e-06,,
75,4588,,2.1893370103498455e-06,,
75,4589,,8.926885470827983e-07,,
75,4590,,6.137553896223835e-07,,
75,4591,,1.4234225318432436e-06,,
75,4592,,1.2873093737653107e-06,,
75,4593,,9.462939374316193e-07,,
75,4594,,1.2780506040144246e-06,,
75,4595,,7.558754077763297e-06,,
75,4596,,1.3589649370260304e-06,,
75,4597,,1.7003243328872486e-06,,
75,4598,,2.193727368648979e-06,,
75,4599,,5.132622391101904e-06,,
75,4600,,2.620882924020407e-06,,
75,4601,,1.8165428627980873e-06,,
75,4602,,2.338636932108784e-06,,
75,4603,,1.5208726154014585e-06,,
75,4604,,1.014093527373916e-06,,
75,4605,,2.4294636205013376e-06,,
75,4606,,3.927448233298492e-06,,
75,4607,,6.841647746114177e-07,,
75,4608,,1.4267059214034816e-06,,
75,4609,,3.0342400805238867e-06,,
75,4610,,3.666950578917749e-05,,
75,4611,,8.163110578607302e-07,,
75,4612,,2.3525126380263828e-06,,
75,4613,,1.2001238474113052e-06,,
75,4614,,1.8424250356474658e-06,,
75,4615,,1.1791528322646627e-06,,
75,4616,,1.912636071210727e-05,,
75,4617,,2.0375073290779255e-06,,
75,4618,,3.4544439131423132e-06,,
75,4619,,1.2893339089714573e-06,,
75,4620,,7.887519132054877e-06,,
75,4621,,3.4883717034972506e-06,,
75,4622,,1.2690040875895647e-06,,
75,4623,,1.224812194777769e-06,,
75,4624,,4.076705408806447e-07,,
75,4625,,1.3210892575443722e-06,,
75,4626,,1.5536730870735482e-06,,
75,4627,,8.385177920899878e-07,,
75,4628,,8.916136948755593e-07,,
75,4629,,7.515315587625082e-07,,
75,4630,,4.734657750304905e-07,,
75,4631,,2.150869704564684e-06,,
75,4632,,2.5879997338051908e-05,,
75,4633,,1.0264425327477511e-05,,
75,4634,,5.688589681085432e-06,,
75,4635,,5.166311439097626e-06,,
75,4635,,,2.479745388031006,3.667566090825858e-07
76,4636,,1.4103500234341482e-06,,
76,4637,,4.8347219490096904e-06,,
76,4638,,2.701833864193759e-06,,
76,4639,,8.106975997179688e-07,,
76,4640,,2.2864844595460454e-06,,
76,4641,,2.553151944084675e-06,,
76,4642,,1.626263383514015e-06,,
76,4643,,6.978854798944667e-06,,
76,4644,,1.2126592991990037e-06,,
76,4645,,1.3025110092712566e-06,,
76,4646,,9.823298796618474e-07,,
76,4647,,1.7405682228854857e-06,,
76,4648,,5.981125923426589e-07,,
76,4649,,1.1650788565020775e-06,,
76,4650,,2.4624735033285106e-06,,
76,4651,,1.6496302350788028e-06,,
76,4652,,1.331652129010763e-06,,
76,4653,,1.1055691402361845e-06,,
76,4654,,8.413501291215653e-07,,
76,4655,,1.147923399003048e-06,,
76,4656,,5.615176519313536e-07,,
76,4657,,3.705401695697219e-06,,
76,4658,,5.309586299517832e-07,,
76,4659,,6.380048489518231e-07,,
76,4660,,1.208007347486273e-06,,
76,4661,,5.97887947151321e-06,,
76,4662,,1.5542930213996442e-06,,
76,4663,,5.088680836706772e-07,,
76,4664,,9.332924832960998e-07,,
76,4665,,1.5908735804259777e-06,,
76,4666,,4.1376239323653863e-07,,
76,4667,,1.7017810023389757e-06,,
76,4668,,1.943246161317802e-06,,
76,4669,,2.1203204596531577e-06,,
76,4670,,8.815117098492919e-07,,
76,4671,,1.0113310509041185e-06,,
76,4672,,7.940810178297397e-07,,
76,4673,,1.864716864474758e-06,,
76,4674,,1.642010147406836e-06,,
76,4675,,1.020265358420147e-06,,
76,4676,,7.386172455881024e-07,,
76,4677,,8.137345162140264e-07,,
76,4678,,2.97366523227538e-06,,
76,4679,,6.725218213432527e-07,,
76,4680,,4.6992255420263973e-07,,
76,4681,,1.6682162140568835e-06,,
76,4682,,3.4658910408325028e-06,,
76,4683,,1.410033178217418e-06,,
76,4684,,8.444010859420814e-07,,
76,4685,,4.5756235067528905e-07,,
76,4686,,1.1774332051572856e-06,,
76,4687,,2.1319810912245885e-06,,
76,4688,,7.383222850876336e-07,,
76,4689,,8.913664350984618e-05,,
76,4690,,1.43517070227972e-06,,
76,4691,,1.6527333173144143e-06,,
76,4692,,1.3271869647724088e-06,,
76,4693,,1.4913462109689135e-06,,
76,4694,,1.952990487552597e-06,,
76,4695,,1.8406005892757094e-06,,
76,4696,,2.6719269499153597e-06,,
76,4696,,,2.4081451892852783,3.4588290986903303e-07
77,4697,,1.4435552202485269e-06,,
77,4698,,1.2707115502053057e-06,,
77,4699,,1.1365191312506795e-06,,
77,4700,,2.5546235065121436e-06,,
77,4701,,4.4147432731733716e-07,,
77,4702,,1.422157993147266e-06,,
77,4703,,1.778526780071843e-06,,
77,4704,,1.0968137758027297e-05,,
77,4705,,1.2724703992716968e-06,,
77,4706,,8.401795639656484e-06,,
77,4707,,1.0788173767650733e-06,,
77,4708,,1.5699341702202219e-06,,
77,4709,,5.342616532288957e-06,,
77,4710,,3.249608880651067e-06,,
77,4711,,2.0908109945594333e-06,,
77,4712,,2.0860741187789245e-06,,
77,4713,,1.91986805475608e-06,,
77,4714,,8.72288410391775e-07,,
77,4715,,1.2381869964883663e-06,,
77,4716,,1.8834813317880617e-06,,
77,4717,,5.223204425419681e-06,,
77,4718,,5.098785891277657e-07,,
77,4719,,2.231951839348767e-06,,
77,4720,,1.0017124623118434e-06,,
77,4721,,3.14118483402126e-06,,
77,4722,,2.3523878098785644e-06,,
77,4723,,1.3692321090275072e-06,,
77,4724,,1.4408951756195165e-06,,
77,4725,,1.3427392104858882e-06,,
77,4726,,4.091589289600961e-06,,
77,4727,,1.1751802048820537e-05,,
77,4728,,5.092678065921064e-07,,
77,4729,,7.936320116641582e-07,,
77,4730,,1.2186666253910516e-06,,
77,4731,,1.3413437955023255e-05,,
77,4732,,2.1450905478559434e-06,,
77,4733,,1.8293245602762909e-06,,
77,4734,,9.211347560267313e-07,,
77,4735,,1.1431238817749545e-06,,
77,4736,,2.5434130748180905e-06,,
77,4737,,3.262073960286216e-06,,
77,4738,,8.994248901217361e-07,,
77,4739,,2.5191238819388673e-06,,
77,4740,,1.0003248007706134e-06,,
77,4741,,9.28512292830419e-07,,
77,4742,,9.767950359673705e-07,,
77,4743,,2.9132072540960507e-06,,
77,4744,,9.38366554237291e-07,,
77,4745,,8.879401320882607e-07,,
77,4746,,4.859807063439803e-07,,
77,4747,,7.593621944579354e-07,,
77,4748,,1.3847536592948018e-06,,
77,4749,,8.044812034313509e-07,,
77,4750,,7.658804861421231e-07,,
77,4751,,1.6556454056626535e-06,,
77,4752,,2.039463652181439e-06,,
77,4753,,1.193300704471767e-06,,
77,4754,,9.87529574558721e-07,,
77,4755,,8.533359050488798e-07,,
77,4756,,9.35186903916474e-07,,
77,4757,,3.273931667990837e-07,,
77,4757,,,2.710247755050659,4.381086000648793e-07
78,4758,,8.539213354197273e-07,,
78,4759,,1.5579637420159997e-06,,
78,4760,,4.107605946046533e-06,,
78,4761,,1.23278584851505e-06,,
78,4762,,7.699035791119968e-07,,
78,4763,,9.057640681930934e-07,,
78,4764,,5.457154657051433e-07,,
78,4765,,2.659754272826831e-06,,
78,4766,,4.267106987754232e-07,,
78,4767,,4.427942030815757e-07,,
78,4768,,1.6352123566321097e-06,,
78,4769,,1.6101548681035638e-06,,
78,4770,,1.8076011656376068e-06,,
78,4771,,5.50053812276019e-07,,
78,4772,,1.4572605095963809e-06,,
78,4773,,9.344614113615535e-07,,
78,4774,,1.2612099453690462e-06,,
78,4775,,5.915006227041886e-07,,
78,4776,,8.161193818523316e-07,,
78,4777,,1.4519340538754477e-06,,
78,4778,,6.737814146617893e-07,,
78,4779,,9.477755043008074e-07,,
78,4780,,7.444297693837143e-07,,
78,4781,,1.055195525623276e-06,,
78,4782,,1.6244882772298297e-06,,
78,4783,,1.0176834166486515e-06,,
78,4784,,6.890252848279488e-07,,
78,4785,,7.416788889713644e-07,,
78,4786,,2.4796675006655278e-06,,
78,4787,,1.8749541652596236e-07,,
78,4788,,4.852524853049545e-07,,
78,4789,,6.437676915993507e-07,,
78,4790,,8.018434891710058e-05,,
78,4791,,4.2839081970669213e-07,,
78,4792,,5.982323045827798e-07,,
78,4793,,1.8054817019219627e-06,,
78,4794,,1.4237194818633725e-06,,
78,4795,,1.7991835647990229e-06,,
78,4796,,1.3757382930634776e-06,,
78,4797,,1.5044427073007682e-06,,
78,4798,,7.801566539455962e-07,,
78,4799,,1.2773654134434764e-06,,
78,4800,,5.954088464932283e-06,,
78,4801,,8.524643817509059e-07,,
78,4802,,8.303225058625685e-07,,
78,4803,,9.470837198932713e-07,,
78,4804,,1.678698708929005e-06,,
78,4805,,1.8451005416864064e-06,,
78,4806,,1.1847139376186533e-06,,
78,4807,,3.384211368029355e-06,,
78,4808,,8.031933020902216e-07,,
78,4809,,4.641710347641492e-06,,
78,4810,,1.9094545677944552e-06,,
78,4811,,1.0639076890583965e-06,,
78,4812,,1.0853996172954794e-06,,
78,4813,,2.4516343728464562e-06,,
78,4814,,2.8441165795811685e-06,,
78,4815,,1.1801239452324808e-06,,
78,4816,,1.3047342690697405e-06,,
78,4817,,7.931942604955111e-07,,
78,4818,,3.194803639416932e-07,,
78,4818,,,2.349720001220703,3.2930321935964457e-07
79,4819,,1.2327884633123176e-06,,
79,4820,,4.6548871068807784e-06,,
79,4821,,1.0221447155345231e-06,,
79,4822,,1.7804611616156762e-06,,
79,4823,,2.773539745248854e-05,,
79,4824,,7.099625918272068e-07,,
79,4825,,1.1671771744659054e-06,,
79,4826,,1.7156830836029258e-06,,
79,4827,,1.6739800230425317e-06,,
79,4828,,9.89690306596458e-07,,
79,4829,,3.0450682970695198e-06,,
79,4830,,4.060596893395996e-06,,
79,4831,,5.215542273617757e-07,,
79,4832,,8.80195045738219e-07,,
79,4833,,1.2654726333494182e-06,,
79,4834,,1.2793224186680163e-06,,
79,4835,,9.303990964326658e-07,,
79,4836,,1.894194269880245e-06,,
79,4837,,8.271628644251905e-07,,
79,4838,,5.295746063893603e-07,,
79,4839,,7.878471137701126e-07,,
79,4840,,4.843307124247076e-07,,
79,4841,,1.197357505589025e-06,,
79,4842,,7.745654215796094e-07,,
79,4843,,6.714681717312487e-07,,
79,4844,,2.7697406039806083e-06,,
79,4845,,3.4656848129088758e-06,,
79,4846,,6.602512598874455e-07,,
79,4847,,4.7030798100422544e-07,,
79,4848,,8.887402600521455e-07,,
79,4849,,7.612491685904388e-07,,
79,4850,,9.349346328235697e-07,,
79,4851,,3.266969997639535e-06,,
79,4852,,1.078580226021586e-06,,
79,4853,,7.225847866720869e-07,,
79,4854,,1.287907139158051e-06,,
79,4855,,2.7468781809147913e-06,,
79,4856,,7.890441793279024e-07,,
79,4857,,8.582342161389533e-07,,
79,4858,,9.090740036299394e-07,,
79,4859,,3.859193213884282e-07,,
79,4860,,1.4528731071550283e-06,,
79,4861,,6.428408028114063e-07,,
79,4862,,1.6621265785943251e-06,,
79,4863,,5.559518285735976e-07,,
79,4864,,1.0082374046760378e-06,,
79,4865,,8.105809570224665e-07,,
79,4866,,6.94635559739254e-07,,
79,4867,,4.49339211172628e-07,,
79,4868,,1.9018242483070935e-06,,
79,4869,,1.5021352055555326e-06,,
79,4870,,1.9008248273166828e-06,,
79,4871,,1.06547281575331e-06,,
79,4872,,4.0022777625381423e-07,,
79,4873,,7.721378665337397e-07,,
79,4874,,0.00012208445696160197,,
79,4875,,1.1473574659248698e-06,,
79,4876,,2.3867360141593963e-06,,
79,4877,,1.237621518157539e-06,,
79,4878,,1.2732865570797003e-06,,
79,4879,,1.0878919738388504e-06,,
79,4879,,,3.394307851791382,6.871732693980448e-07
80,4880,,8.670160127621784e-07,,
80,4881,,2.3447305466106627e-06,,
80,4882,,1.7275069694733247e-06,,
80,4883,,1.7583732869752566e-06,,
80,4884,,1.9011202994079213e-06,,
80,4885,,1.2127668469474884e-06,,
80,4886,,1.3571562931247172e-06,,
80,4887,,6.867282991152024e-06,,
80,4888,,1.490208660470671e-06,,
80,4889,,1.8397175836071256e-06,,
80,4890,,1.0420989156045835e-06,,
80,4891,,1.3510891676560277e-06,,
80,4892,,3.848586402455112e-06,,
80,4893,,9.535690992379386e-07,,
80,4894,,5.341643145584385e-07,,
80,4895,,1.5194110574157094e-06,,
80,4896,,1.4726620065630414e-06,,
80,4897,,2.1552996258833446e-06,,
80,4898,,9.089183095056796e-07,,
80,4899,,2.2913804968993645e-06,,
80,4900,,2.3695354229857912e-06,,
80,4901,,9.470260806665465e-07,,
80,4902,,2.885172534661251e-06,,
80,4903,,1.2978069889868493e-06,,
80,4904,,2.007555622185464e-06,,
80,4905,,7.524146440118784e-06,,
80,4906,,1.92372317542322e-06,,
80,4907,,7.531405117333634e-07,,
80,4908,,1.7849919231593958e-06,,
80,4909,,8.303202776005492e-06,,
80,4910,,1.3088135801808676e-06,,
80,4911,,1.2637104873647331e-06,,
80,4912,,2.0319459963502595e-06,,
80,4913,,1.9221245111111784e-06,,
80,4914,,5.767380571342073e-06,,
80,4915,,1.5091162595126661e-06,,
80,4916,,1.1691855661410955e-06,,
80,4917,,6.008738182572415e-07,,
80,4918,,7.415376899189141e-07,,
80,4919,,1.7798189446693868e-06,,
80,4920,,3.0993942345958203e-07,,
80,4921,,1.3634247579830117e-06,,
80,4922,,8.931920092436485e-07,,
80,4923,,1.1789943528128788e-06,,
80,4924,,1.6093514432213851e-06,,
80,4925,,1.9821878595394082e-05,,
80,4926,,1.3372765579333645e-06,,
80,4927,,9.910780818245257e-07,,
80,4928,,4.339933354913228e-07,,
80,4929,,1.337792582489783e-06,,
80,4930,,3.088701305387076e-06,,
80,4931,,2.7667483664117754e-06,,
80,4932,,2.341241952308337e-06,,
80,4933,,3.6989899854233954e-06,,
80,4934,,5.61289596134884e-07,,
80,4935,,9.991497336159227e-07,,
80,4936,,6.80556581755809e-07,,
80,4937,,5.928141763433814e-05,,
80,4938,,1.9462504496914335e-06,,
80,4939,,1.9506242097122595e-06,,
80,4940,,3.1773010960023385e-06,,
80,4940,,,2.4977753162384033,3.7210926961961377e-07
81,4941,,8.917430704968865e-07,,
81,4942,,2.451504997225129e-06,,
81,4943,,2.3529460122517776e-06,,
81,4944,,2.5003716928040376e-06,,
81,4945,,1.3746263221037225e-06,,
81,4946,,3.3939661534532206e-06,,
81,4947,,9.391922048962442e-07,,
81,4948,,2.4940536604844965e-06,,
81,4949,,9.406455205862585e-07,,
81,4950,,1.6787917047622614e-06,,
81,4951,,2.8743461371050216e-06,,
81,4952,,3.2371774523198837e-06,,
81,4953,,1.904285636555869e-05,,
81,4954,,2.701244056879659e-06,,
81,4955,,5.1900938160542864e-06,,
81,4956,,1.9052314428336103e-06,,
81,4957,,2.329078824914177e-06,,
81,4958,,3.6833700960414717e-06,,
81,4959,,4.27579834649805e-06,,
81,4960,,2.974325070681516e-06,,
81,4961,,1.3004034826735733e-06,,
81,4962,,4.6483182813972235e-06,,
81,4963,,2.461676558596082e-06,,
81,4964,,1.4757871440451709e-06,,
81,4965,,1.5594597471135785e-06,,
81,4966,,4.8330916797567625e-06,,
81,4967,,1.6834080724947853e-06,,
81,4968,,8.856748650032387e-07,,
81,4969,,2.358736765017966e-06,,
81,4970,,1.7787507431421545e-06,,
81,4971,,9.61915020525339e-07,,
81,4972,,1.742299218676635e-06,,
81,4973,,2.0127956759097287e-06,,
81,4974,,7.582167995678901e-07,,
81,4975,,1.2610094017873053e-06,,
81,4976,,8.739992267692287e-07,,
81,4977,,8.535751476301812e-06,,
81,4978,,7.020188945716654e-07,,
81,4979,,6.616147061322408e-07,,
81,4980,,7.5420043685880955e-06,,
81,4981,,1.1250433544773841e-06,,
81,4982,,7.902424954409071e-07,,
81,4983,,5.332333330443362e-07,,
81,4984,,1.5860561006775242e-06,,
81,4985,,5.555172606364067e-07,,
81,4986,,8.369762554139015e-07,,
81,4987,,8.149589234562882e-07,,
81,4988,,3.0815708669251762e-06,,
81,4989,,3.987981108366512e-05,,
81,4990,,3.477838617982343e-06,,
81,4991,,6.903162557136966e-07,,
81,4992,,6.766023830095946e-07,,
81,4993,,1.3921495565227815e-06,,
81,4994,,2.0836753265029984e-06,,
81,4995,,1.5557092183371424e-06,,
81,4996,,1.760228428793198e-06,,
81,4997,,1.967022626558901e-06,,
81,4998,,9.682572681413149e-07,,
81,4999,,1.7256388673558831e-06,,
81,5000,,4.960978685630835e-07,,
81,5001,,1.1951508440688485e-06,,
81,5001,,,2.418743133544922,3.489339803763869e-07
82,5002,,6.920407713550958e-07,,
82,5003,,1.188816668218351e-06,,
82,5004,,1.1692380894601229e-06,,
82,5005,,4.3837238195010286e-07,,
82,5006,,1.605451871000696e-06,,
82,5007,,1.1054132755816681e-06,,
82,5008,,1.0229739473288646e-06,,
82,5009,,1.9955584775743773e-06,,
82,5010,,9.446460467188444e-07,,
82,5011,,9.459863576921634e-07,,
82,5012,,3.3899261779879453e-06,,
82,5013,,2.677983502508141e-06,,
82,5014,,6.97925884196593e-07,,
82,5015,,1.8326844610783155e-06,,
82,5016,,1.9461755073280074e-05,,
82,5017,,2.4548246528866002e-06,,
82,5018,,2.286071776325116e-06,,
82,5019,,6.959255074434623e-07,,
82,5020,,1.5187514463832485e-06,,
82,5021,,1.4600560689359554e-06,,
82,5022,,3.1676975140726427e-06,,
82,5023,,6.603013957828807e-07,,
82,5024,,4.034568064525956e-06,,
82,5025,,1.5908132127151475e-06,,
82,5026,,1.7194656720675994e-06,,
82,5027,,1.4910194749973016e-06,,
82,5028,,2.660789505171124e-06,,
82,5029,,1.1178973409187165e-06,,
82,5030,,1.8695259313972201e-06,,
82,5031,,2.50949142355239e-06,,
82,5032,,1.1378717772458913e-06,,
82,5033,,1.1903603990504052e-05,,
82,5034,,3.5180491408937087e-07,,
82,5035,,1.411906396242557e-06,,
82,5036,,8.351028668585059e-07,,
82,5037,,1.5640879382772255e-06,,
82,5038,,1.6054144680310856e-06,,
82,5039,,1.190896909974981e-06,,
82,5040,,8.35707623991766e-07,,
82,5041,,2.1925043256487697e-06,,
82,5042,,9.760804005054524e-07,,
82,5043,,1.728197048578295e-06,,
82,5044,,8.38886478504719e-07,,
82,5045,,1.3974849935038947e-06,,
82,5046,,3.421295389216539e-07,,
82,5047,,6.133861347734637e-07,,
82,5048,,1.5375732118627639e-06,,
82,5049,,5.404279477261298e-07,,
82,5050,,1.0244477834930876e-06,,
82,5051,,7.113466722330486e-07,,
82,5052,,7.447642929037102e-07,,
82,5053,,7.999119020496437e-07,,
82,5054,,1.2247862287040334e-05,,
82,5055,,7.558472816526773e-07,,
82,5056,,7.70717406339827e-07,,
82,5057,,1.2938542113261065e-06,,
82,5058,,7.949207088131516e-07,,
82,5059,,2.7741611120291054e-05,,
82,5060,,2.628237325552618e-06,,
82,5061,,2.1554924387601204e-06,,
82,5062,,4.778938205163286e-07,,
82,5062,,,2.3729681968688965,3.358517233209568e-07
83,5063,,4.336312940722564e-06,,
83,5064,,1.7454689213991514e-06,,
83,5065,,1.3849780771124642e-06,,
83,5066,,1.3558457112594624e-06,,
83,5067,,2.1571745492110495e-06,,
83,5068,,1.4209820164978737e-06,,
83,5069,,1.3546898571803467e-06,,
83,5070,,7.88320676292642e-07,,
83,5071,,1.7956402871277533e-06,,
83,5072,,1.4545697695211857e-06,,
83,5073,,1.4800833696426707e-06,,
83,5074,,1.1203580925212009e-06,,
83,5075,,9.734571904118638e-07,,
83,5076,,2.134894657501718e-06,,
83,5077,,1.4867715663058334e-06,,
83,5078,,9.54820620790997e-07,,
83,5079,,1.6705135976735619e-06,,
83,5080,,5.042219072493026e-06,,
83,5081,,3.539987574185943e-07,,
83,5082,,1.3818163324685884e-06,,
83,5083,,3.8060577935539186e-05,,
83,5084,,5.450108915283636e-07,,
83,5085,,3.756512398922496e-07,,
83,5086,,1.8590990293887444e-06,,
83,5087,,1.0067593393614516e-05,,
83,5088,,1.6187444771276205e-06,,
83,5089,,1.5403592215079698e-06,,
83,5090,,3.6215485010870907e-07,,
83,5091,,1.378383217343071e-06,,
83,5092,,1.5551484011666616e-06,,
83,5093,,1.478542003496841e-06,,
83,5094,,7.628544835824869e-07,,
83,5095,,5.083732617094938e-07,,
83,5096,,5.021518063585972e-07,,
83,5097,,8.331367098435294e-07,,
83,5098,,6.859390282443201e-07,,
83,5099,,7.63023581384914e-06,,
83,5100,,2.5058154733414995e-06,,
83,5101,,4.974467060492316e-07,,
83,5102,,8.930698527365166e-07,,
83,5103,,1.2533562312455615e-06,,
83,5104,,7.277065492417023e-07,,
83,5105,,1.154065444097796e-06,,
83,5106,,6.096968263591407e-07,,
83,5107,,1.1492205658214516e-06,,
83,5108,,1.3067658528598258e-06,,
83,5109,,1.4927570191503037e-05,,
83,5110,,7.702782340857084e-07,,
83,5111,,6.666587069048546e-07,,
83,5112,,1.2246148344274843e-06,,
83,5113,,9.667144240665948e-07,,
83,5114,,4.994893060938921e-06,,
83,5115,,1.1710463923009229e-06,,
83,5116,,7.141095466067782e-07,,
83,5117,,1.0802491487993393e-06,,
83,5118,,9.278170978177513e-07,,
83,5119,,2.0458453491301043e-06,,
83,5120,,1.0465817013027845e-06,,
83,5121,,3.8621178077846707e-07,,
83,5122,,2.3515754037362058e-06,,
83,5123,,3.008062776643783e-05,,
83,5123,,,3.2695226669311523,6.375767611643823e-07
84,5124,,6.927524509592331e-07,,
84,5125,,7.546639722022519e-07,,
84,5126,,3.425029490244924e-06,,
84,5127,,2.1700425349990837e-06,,
84,5128,,5.881401534679753e-07,,
84,5129,,2.3389907255477738e-06,,
84,5130,,6.438248192353058e-07,,
84,5131,,8.137436111610441e-07,,
84,5132,,7.346325219259597e-06,,
84,5133,,3.2937853688963514e-07,,
84,5134,,1.9869387415383244e-06,,
84,5135,,8.111149440992449e-07,,
84,5136,,1.910308128572069e-06,,
84,5137,,7.327921025535034e-07,,
84,5138,,8.606188544035831e-07,,
84,5139,,1.1747113148885546e-06,,
84,5140,,4.612743111920281e-07,,
84,5141,,7.439257387886755e-06,,
84,5142,,2.0199342543492094e-05,,
84,5143,,5.935482931818115e-07,,
84,5144,,1.478176159253053e-06,,
84,5145,,8.541714464627148e-07,,
84,5146,,1.0432170256535755e-06,,
84,5147,,4.714949227491161e-06,,
84,5148,,1.3269408327687415e-06,,
84,5149,,9.196987775794696e-07,,
84,5150,,2.4852636215655366e-06,,
84,5151,,1.2370612239465117e-05,,
84,5152,,3.2988962175295455e-06,,
84,5153,,1.2651286169784726e-06,,
84,5154,,5.181799224374117e-06,,
84,5155,,9.778781304703443e-07,,
84,5156,,1.8431377384331427e-06,,
84,5157,,1.8807099877449218e-06,,
84,5158,,2.7946534828515723e-06,,
84,5159,,9.608780828784802e-07,,
84,5160,,2.9252864806039724e-06,,
84,5161,,8.787789056441397e-07,,
84,5162,,2.043356744252378e-06,,
84,5163,,2.67227073891263e-06,,
84,5164,,7.049547434689885e-07,,
84,5165,,9.767063602339476e-07,,
84,5166,,6.363670195241866e-07,,
84,5167,,2.6739746772364015e-06,,
84,5168,,3.626381612775731e-06,,
84,5169,,2.8733472845487995e-06,,
84,5170,,2.7083081022283295e-06,,
84,5171,,2.0007232706120703e-06,,
84,5172,,1.4865088360238587e-06,,
84,5173,,1.519465968158329e-06,,
84,5174,,9.836794561124407e-07,,
84,5175,,1.6243184290942736e-06,,
84,5176,,1.3287839237818844e-06,,
84,5177,,0.00013687988393940032,,
84,5178,,5.3347293942351826e-06,,
84,5179,,1.9672306734719314e-06,,
84,5180,,1.9417823295952985e-06,,
84,5181,,1.9829537905025063e-06,,
84,5182,,1.969855475181248e-06,,
84,5183,,1.172259908344131e-05,,
84,5184,,1.6676182212904678e-06,,
84,5184,,,3.42490816116333,6.996190791141998e-07
85,5185,,1.2333852055235184e-06,,
85,5186,,8.232259460783098e-07,,
85,5187,,2.763571274044807e-06,,
85,5188,,1.492528667768056e-06,,
85,5189,,8.891359470908355e-07,,
85,5190,,1.1894010640389752e-05,,
85,5191,,2.5542192361172056e-06,,
85,5192,,2.2971562430029735e-05,,
85,5193,,2.450291276545613e-06,,
85,5194,,1.6608064470347017e-06,,
85,5195,,2.6497507406020304e-06,,
85,5196,,2.624883336466155e-06,,
85,5197,,5.54773066596681e-07,,
85,5198,,6.189301302583772e-07,,
85,5199,,7.050291515042773e-07,,
85,5200,,6.349718546516669e-07,,
85,5201,,7.60817840728123e-07,,
85,5202,,8.809259384179313e-07,,
85,5203,,4.7536582314933185e-06,,
85,5204,,1.384811525895202e-06,,
85,5205,,1.2411990155669628e-06,,
85,5206,,1.2480721807150985e-06,,
85,5207,,1.5460285567314713e-06,,
85,5208,,1.1048120541090611e-05,,
85,5209,,9.558976898915716e-07,,
85,5210,,2.238414936073241e-06,,
85,5211,,1.0326998562959488e-06,,
85,5212,,7.944485673760937e-07,,
85,5213,,1.7098321904995828e-06,,
85,5214,,1.094304934667889e-06,,
85,5215,,7.007736826381006e-07,,
85,5216,,4.145498451180174e-07,,
85,5217,,4.674639910717815e-07,,
85,5218,,9.151229392045934e-07,,
85,5219,,1.0936628314084373e-06,,
85,5220,,6.908643968017714e-07,,
85,5221,,8.631686796434224e-07,,
85,5222,,1.7691353377813357e-06,,
85,5223,,1.5338865750891273e-06,,
85,5224,,1.0645669590303442e-06,,
85,5225,,1.3315458318174933e-06,,
85,5226,,6.770713412151963e-07,,
85,5227,,7.50552280806005e-05,,
85,5228,,1.4458263422056916e-06,,
85,5229,,5.148556283529615e-06,,
85,5230,,1.1117090252810158e-06,,
85,5231,,1.988945314224111e-06,,
85,5232,,1.775178816387779e-06,,
85,5233,,1.3225379689174588e-06,,
85,5234,,8.410208920395235e-07,,
85,5235,,9.25790857309039e-07,,
85,5236,,7.999209969966614e-07,,
85,5237,,7.755680258014763e-07,,
85,5238,,5.029083354202157e-07,,
85,5239,,1.552541107230354e-06,,
85,5240,,2.0801587652385933e-06,,
85,5241,,1.0677882755771861e-06,,
85,5242,,5.286686246108729e-06,,
85,5243,,1.8750307617665385e-06,,
85,5244,,5.958062843092193e-07,,
85,5245,,3.1917438718664926e-06,,
85,5245,,,5.727916240692139,1.956848109330167e-06
86,5246,,1.5399994026665809e-06,,
86,5247,,7.521212523897702e-07,,
86,5248,,5.301441888150293e-06,,
86,5249,,9.972389989343355e-07,,
86,5250,,1.8585980114949052e-06,,
86,5251,,3.859924788685021e-07,,
86,5252,,1.2360828804958146e-06,,
86,5253,,1.8158065131501644e-06,,
86,5254,,2.4371811377932318e-06,,
86,5255,,1.3210188853918226e-06,,
86,5256,,1.9756919300562004e-06,,
86,5257,,1.0133713885807083e-06,,
86,5258,,1.337756202701712e-06,,
86,5259,,6.381444109138101e-06,,
86,5260,,1.6440060335298767e-06,,
86,5261,,1.4164776303005056e-06,,
86,5262,,1.8528373857407132e-06,,
86,5263,,2.5070137326110853e-06,,
86,5264,,2.033766349995858e-06,,
86,5265,,1.2951164762853296e-06,,
86,5266,,2.5101030587393325e-06,,
86,5267,,3.0238729777920526e-06,,
86,5268,,9.909307436828385e-07,,
86,5269,,1.6492366512466106e-06,,
86,5270,,2.179922830691794e-06,,
86,5271,,3.843967533612158e-06,,
86,5272,,5.271161285236303e-07,,
86,5273,,1.411414700669411e-06,,
86,5274,,1.2460817515602685e-06,,
86,5275,,4.6014320105314255e-06,,
86,5276,,1.2821875543522765e-06,,
86,5277,,3.1101631066121627e-06,,
86,5278,,1.7552700910528074e-06,,
86,5279,,5.168670327293512e-07,,
86,5280,,5.600904273705964e-07,,
86,5281,,1.1214220876354375e-06,,
86,5282,,1.0785252015921287e-06,,
86,5283,,4.643846693852538e-07,,
86,5284,,1.2201903700770345e-06,,
86,5285,,1.2926728913953411e-06,,
86,5286,,1.949278384927311e-06,,
86,5287,,4.755552538426855e-07,,
86,5288,,1.3971379075883306e-06,,
86,5289,,1.018607349578815e-06,,
86,5290,,8.833553692966234e-07,,
86,5291,,1.1171341611770913e-06,,
86,5292,,1.3993391121402965e-06,,
86,5293,,3.6956657822884154e-07,,
86,5294,,1.719831197988242e-05,,
86,5295,,1.9457195321592735e-06,,
86,5296,,3.2181244478124427e-06,,
86,5297,,2.3117481759982184e-06,,
86,5298,,3.4053257422783645e-06,,
86,5299,,3.2801503948576283e-06,,
86,5300,,3.165461521348334e-06,,
86,5301,,1.3201864703660249e-06,,
86,5302,,1.4509200809698086e-06,,
86,5303,,1.9472277017484885e-06,,
86,5304,,1.5809844171599252e-06,,
86,5305,,9.083914846996777e-07,,
86,5306,,7.726426360932237e-07,,
86,5306,,,5.799354553222656,2.0059640064573614e-06
87,5307,,2.7724656774807954e-06,,
87,5308,,1.7142527894975501e-06,,
87,5309,,8.22966114810697e-07,,
87,5310,,1.876149553936557e-06,,
87,5311,,1.219532236973464e-06,,
87,5312,,7.097584102666588e-07,,
87,5313,,9.160083891401882e-07,,
87,5314,,1.4662323337688576e-06,,
87,5315,,1.306924218624772e-06,,
87,5316,,1.0156134067074163e-06,,
87,5317,,3.4028232676064363e-06,,
87,5318,,2.1617072434310103e-06,,
87,5319,,1.0124995242222212e-06,,
87,5320,,1.7916989918376203e-06,,
87,5321,,1.1751593547160155e-06,,
87,5322,,1.3653353789777611e-06,,
87,5323,,5.794343564957671e-07,,
87,5324,,8.221785492423805e-07,,
87,5325,,5.210065978644707e-07,,
87,5326,,8.643676778774534e-07,,
87,5327,,5.380499032980879e-07,,
87,5328,,6.117437578723184e-07,,
87,5329,,9.934747140505351e-07,,
87,5330,,9.453622737964906e-07,,
87,5331,,6.124444098531967e-07,,
87,5332,,6.374055487867736e-07,,
87,5333,,1.1540244031493785e-06,,
87,5334,,7.528028049819113e-07,,
87,5335,,7.14798147782858e-07,,
87,5336,,4.068980706506409e-05,,
87,5337,,1.983838501473656e-06,,
87,5338,,2.652824377946672e-06,,
87,5339,,1.177091576209932e-06,,
87,5340,,1.1637997658908716e-06,,
87,5341,,3.5605200991994934e-06,,
87,5342,,2.071162725769682e-06,,
87,5343,,1.7156153262476437e-05,,
87,5344,,1.6703065739420708e-06,,
87,5345,,1.6309463717334438e-06,,
87,5346,,9.011616270981904e-07,,
87,5347,,2.2648932826996315e-06,,
87,5348,,4.26716496804147e-06,,
87,5349,,1.9926135337300366e-06,,
87,5350,,1.8851570757760783e-06,,
87,5351,,2.31096669267572e-06,,
87,5352,,9.331022283731727e-07,,
87,5353,,1.3455104408421903e-06,,
87,5354,,2.8995216325711226e-06,,
87,5355,,1.4344818737299647e-06,,
87,5356,,7.424331442962284e-07,,
87,5357,,2.351242073928006e-06,,
87,5358,,1.536721242700878e-06,,
87,5359,,1.9565147795219673e-06,,
87,5360,,1.858687141975679e-06,,
87,5361,,2.9280643047968624e-06,,
87,5362,,8.512844829056121e-07,,
87,5363,,5.777216301794397e-06,,
87,5364,,1.62950800586259e-06,,
87,5365,,8.82078097674821e-07,,
87,5366,,1.3976655282021966e-06,,
87,5367,,3.4578661143314093e-06,,
87,5367,,,3.1892526149749756,6.066547939553857e-07
88,5368,,2.2666681616101414e-06,,
88,5369,,1.325912307947874e-06,,
88,5370,,1.431307396160264e-06,,
88,5371,,3.441447688601329e-06,,
88,5372,,7.572664912913751e-07,,
88,5373,,8.533493200957309e-07,,
88,5374,,6.137377113191178e-07,,
88,5375,,1.0001512009694125e-06,,
88,5376,,3.2168891266337596e-06,,
88,5377,,4.222954430588288e-06,,
88,5378,,1.699304448266048e-06,,
88,5379,,2.0719082840514602e-06,,
88,5380,,2.88420505967224e-06,,
88,5381,,1.4968009054427966e-06,,
88,5382,,6.881460876684287e-07,,
88,5383,,1.273937186851981e-06,,
88,5384,,1.5951465002217446e-06,,
88,5385,,1.1776974133681506e-06,,
88,5386,,9.60388888415764e-07,,
88,5387,,7.525651994910731e-07,,
88,5388,,8.878423045644013e-07,,
88,5389,,5.750226137024583e-06,,
88,5390,,6.721600129822036e-07,,
88,5391,,7.564422617178934e-07,,
88,5392,,1.059331566466426e-06,,
88,5393,,2.008797537200735e-06,,
88,5394,,1.0437421451570117e-06,,
88,5395,,6.279391868702078e-07,,
88,5396,,8.774676985012775e-07,,
88,5397,,7.64072638048674e-07,,
88,5398,,8.818985293146397e-07,,
88,5399,,9.85503561423684e-07,,
88,5400,,8.008029794837057e-07,,
88,5401,,8.383272529499664e-07,,
88,5402,,3.705865765368799e-07,,
88,5403,,5.130143563292222e-07,,
88,5404,,8.793223855718679e-07,,
88,5405,,7.493981684092432e-07,,
88,5406,,5.505791023097117e-07,,
88,5407,,9.931341082847212e-07,,
88,5408,,5.4304409786709584e-06,,
88,5409,,1.5774940038681962e-06,,
88,5410,,2.7306077754474245e-06,,
88,5411,,1.2302635923333582e-06,,
88,5412,,1.7263186009586207e-06,,
88,5413,,5.520687977877969e-07,,
88,5414,,5.678139700648899e-07,,
88,5415,,6.470481821452267e-07,,
88,5416,,4.056431635035551e-07,,
88,5417,,3.581787950679427e-06,,
88,5418,,2.9474240363924764e-06,,
88,5419,,7.402275628010102e-07,,
88,5420,,5.409696655078733e-07,,
88,5421,,5.374391776058474e-07,,
88,5422,,4.7672429559497687e-07,,
88,5423,,8.09848927474377e-07,,
88,5424,,8.144077128235949e-07,,
88,5425,,9.655693702370627e-07,,
88,5426,,9.054664928953571e-07,,
88,5427,,6.902725999680115e-07,,
88,5428,,2.239909372292459e-05,,
88,5428,,,2.581886053085327,3.9759223113833286e-07
89,5429,,1.174707108475559e-06,,
89,5430,,1.0289253395967535e-06,,
89,5431,,4.4619721961680625e-07,,
89,5432,,1.7819329514168203e-06,,
89,5433,,2.190992063333397e-06,,
89,5434,,2.125061200786149e-06,,
89,5435,,9.666623554949183e-07,,
89,5436,,2.5163603822875302e-06,,
89,5437,,2.8455672236304963e-06,,
89,5438,,1.6877185089470004e-06,,
89,5439,,1.671817472015391e-06,,
89,5440,,4.233127583574969e-06,,
89,5441,,5.969992798782187e-06,,
89,5442,,7.710727913945448e-06,,
89,5443,,1.8252595737067168e-06,,
89,5444,,7.052101409499301e-07,,
89,5445,,1.4104646197665716e-06,,
89,5446,,0.0001368301163893193,,
89,5447,,6.361984105751617e-06,,
89,5448,,4.851751782553038e-06,,
89,5449,,1.4273189663072117e-05,,
89,5450,,5.777434125775471e-06,,
89,5451,,5.885636710445397e-06,,
89,5452,,2.6812781470653135e-06,,
89,5453,,3.37256142302067e-06,,
89,5454,,0.00012953660916537046,,
89,5455,,8.340256499650422e-06,,
89,5456,,1.648818033572752e-05,,
89,5457,,9.88316060102079e-07,,
89,5458,,4.659698788600508e-06,,
89,5459,,2.8184424536448205e-06,,
89,5460,,2.6805410016095266e-06,,
89,5461,,5.819604211865226e-06,,
89,5462,,1.7232545133083477e-06,,
89,5463,,5.490519470185973e-06,,
89,5464,,1.970867060663295e-06,,
89,5465,,1.4813429061177885e-06,,
89,5466,,2.0227680579409935e-06,,
89,5467,,9.164606126432773e-06,,
89,5468,,3.323905912111513e-05,,
89,5469,,4.724386144516757e-06,,
89,5470,,6.365067747537978e-06,,
89,5471,,8.387635716644581e-06,,
89,5472,,1.9675688236020505e-05,,
89,5473,,1.7502102309663314e-06,,
89,5474,,2.2498493308376055e-06,,
89,5475,,7.438026841555256e-06,,
89,5476,,7.417808660648006e-07,,
89,5477,,3.1509114251093706e-06,,
89,5478,,7.363333679677453e-06,,
89,5479,,1.1575580174394418e-06,,
89,5480,,4.7135719682955823e-07,,
89,5481,,9.317807325714966e-07,,
89,5482,,1.8237902850160026e-06,,
89,5483,,1.2653516705540824e-06,,
89,5484,,9.859791134658735e-07,,
89,5485,,1.6406803524660063e-06,,
89,5486,,1.5615620441167266e-06,,
89,5487,,6.290936198638519e-07,,
89,5488,,1.5618209090462187e-06,,
89,5489,,1.4486316104012076e-05,,
89,5489,,,3.2788445949554443,6.41217638985836e-07
90,5490,,1.4786877500228002e-06,,
90,5491,,0.00018092719255946577,,
90,5492,,5.031939963373588e-06,,
90,5493,,4.044617526233196e-06,,
90,5494,,7.883913895057049e-06,,
90,5495,,9.166022209683433e-06,,
90,5496,,6.88827276462689e-06,,
90,5497,,4.90197453473229e-06,,
90,5498,,2.7659436454996467e-05,,
90,5499,,8.835042535793036e-06,,
90,5500,,1.814677489164751e-05,,
90,5501,,4.423779046192067e-06,,
90,5502,,6.5514450398040935e-06,,
90,5503,,5.092877472634427e-06,,
90,5504,,2.9215432277851505e-06,,
90,5505,,1.1149407328048255e-05,,
90,5506,,3.490491053526057e-06,,
90,5507,,4.649530183087336e-06,,
90,5508,,2.496186880307505e-06,,
90,5509,,3.5453531381790526e-06,,
90,5510,,4.717654974228935e-06,,
90,5511,,5.910765594308032e-06,,
90,5512,,1.722777824397781e-06,,
90,5513,,4.66044866698212e-07,,
90,5514,,1.1275195674897986e-06,,
90,5515,,1.252941956408904e-06,,
90,5516,,4.492902007768862e-06,,
90,5517,,9.621869594411692e-07,,
90,5518,,9.233560263055551e-07,,
90,5519,,1.966098807315575e-06,,
90,5520,,7.649712756574445e-07,,
90,5521,,5.329562213773897e-07,,
90,5522,,7.367850685113808e-07,,
90,5523,,1.0988445637849509e-06,,
90,5524,,9.728718168844352e-07,,
90,5525,,1.777528268576134e-06,,
90,5526,,1.61474417836871e-06,,
90,5527,,9.245139267477498e-07,,
90,5528,,7.988153356563998e-07,,
90,5529,,2.988836058648303e-07,,
90,5530,,4.900730914414453e-07,,
90,5531,,8.702903073753987e-07,,
90,5532,,7.031015911707073e-07,,
90,5533,,4.469580119348393e-07,,
90,5534,,7.223858347060741e-07,,
90,5535,,7.102744348230772e-07,,
90,5536,,7.448535370713216e-07,,
90,5537,,1.8073457113132463e-06,,
90,5538,,5.253936592453101e-07,,
90,5539,,1.685918505245354e-06,,
90,5540,,5.960983457953262e-07,,
90,5541,,1.1750676094379742e-06,,
90,5542,,9.991117622121237e-07,,
90,5543,,6.01878241468512e-07,,
90,5544,,1.0372898486821214e-06,,
90,5545,,5.494769084180007e-07,,
90,5546,,3.367413910382311e-06,,
90,5547,,7.113256401680701e-07,,
90,5548,,2.0757952370331623e-06,,
90,5549,,1.2498428532126127e-06,,
90,5550,,8.493825021105295e-07,,
90,5550,,,2.8866941928863525,4.970102054357994e-07
91,5551,,2.508872739781509e-06,,
91,5552,,1.8175857121605077e-06,,
91,5553,,8.589598223807116e-07,,
91,5554,,2.114187282131752e-06,,
91,5555,,4.416776391735766e-06,,
91,5556,,5.644799330184469e-07,,
91,5557,,7.508996304750326e-07,,
91,5558,,8.110930025395646e-07,,
91,5559,,1.1350308568580658e-06,,
91,5560,,9.963880529539892e-07,,
91,5561,,1.3490762285073288e-06,,
91,5562,,1.8200005342805525e-06,,
91,5563,,4.1589646571082994e-06,,
91,5564,,4.1596547362132696e-07,,
91,5565,,2.494687350917957e-06,,
91,5566,,1.4841870097370702e-06,,
91,5567,,1.8839444919649395e-06,,
91,5568,,0.00016631944163236767,,
91,5569,,6.35274682281306e-06,,
91,5570,,3.751062877199729e-06,,
91,5571,,1.7136954966190387e-06,,
91,5572,,3.865628059429582e-06,,
91,5573,,1.4829969359198003e-06,,
91,5574,,6.1355372054094914e-06,,
91,5575,,1.7412730812793598e-06,,
91,5576,,1.094389858735667e-06,,
91,5577,,1.0096820233229664e-06,,
91,5578,,7.779691486575757e-07,,
91,5579,,1.2889181562059093e-06,,
91,5580,,1.420619241798704e-06,,
91,5581,,2.309910996700637e-06,,
91,5582,,2.1627395199175226e-06,,
91,5583,,8.385291039303411e-07,,
91,5584,,3.864907739625778e-06,,
91,5585,,9.4663610070711e-06,,
91,5586,,7.086068194439576e-07,,
91,5587,,1.1009543641193886e-06,,
91,5588,,7.355833986366633e-07,,
91,5589,,2.4612274501123466e-05,,
91,5590,,3.990597008396435e-07,,
91,5591,,8.328040053129371e-07,,
91,5592,,2.4640241917950334e-06,,
91,5593,,6.490821760962717e-06,,
91,5594,,2.0023476281494368e-06,,
91,5595,,2.323470880583045e-06,,
91,5596,,1.1798031209764304e-06,,
91,5597,,3.176186055497965e-06,,
91,5598,,1.6902939705687459e-06,,
91,5599,,7.112623279681429e-06,,
91,5600,,4.526718839770183e-06,,
91,5601,,1.9987708128610393e-06,,
91,5602,,2.9056420771667035e-06,,
91,5603,,1.5093717138370266e-06,,
91,5604,,1.5863189446463366e-06,,
91,5605,,1.001782038656529e-06,,
91,5606,,2.4559876692364924e-06,,
91,5607,,1.6220251382037532e-06,,
91,5608,,1.576569502503844e-06,,
91,5609,,1.6002971960915602e-06,,
91,5610,,2.526154730730923e-06,,
91,5611,,1.7604135109650088e-06,,
91,5611,,,3.604729652404785,7.750134045636514e-07
92,5612,,4.983425583304779e-07,,
92,5613,,2.5891824861901114e-06,,
92,5614,,1.405603029525082e-06,,
92,5615,,2.3669417714700103e-06,,
92,5616,,1.9302303826407297e-06,,
92,5617,,8.590941433794796e-07,,
92,5618,,7.59376234782394e-07,,
92,5619,,2.7694543405232253e-06,,
92,5620,,1.3414729664873448e-06,,
92,5621,,1.7553862790009589e-06,,
92,5622,,1.0068575875266106e-06,,
92,5623,,3.4685547234403202e-06,,
92,5624,,1.193615162264905e-06,,
92,5625,,5.806159038002079e-07,,
92,5626,,8.389168328903907e-07,,
92,5627,,7.320735448956839e-07,,
92,5628,,1.3609005691250786e-06,,
92,5629,,1.4042657312529627e-06,,
92,5630,,2.234450221294537e-06,,
92,5631,,2.885169351429795e-06,,
92,5632,,4.661299328745372e-07,,
92,5633,,6.292323746492912e-07,,
92,5634,,9.225097983289743e-07,,
92,5635,,5.845938630955061e-07,,
92,5636,,1.449976139156206e-06,,
92,5637,,8.896333270058676e-07,,
92,5638,,9.471164617025352e-07,,
92,5639,,0.000158992363139987,,
92,5640,,1.5564571640425129e-06,,
92,5641,,1.0150482921744697e-05,,
92,5642,,2.6285895273758797e-06,,
92,5643,,1.8327383486393956e-06,,
92,5644,,4.550654466584092e-06,,
92,5645,,3.1769266115588835e-06,,
92,5646,,6.270425956245163e-07,,
92,5647,,2.7616010811470915e-06,,
92,5648,,4.25332927989075e-06,,
92,5649,,1.0148451110580936e-05,,
92,5650,,6.284146820689784e-07,,
92,5651,,1.2282489478820935e-06,,
92,5652,,3.3145115594379604e-06,,
92,5653,,3.1274052162189037e-05,,
92,5654,,1.232636009262933e-06,,
92,5655,,5.085889256406517e-07,,
92,5656,,2.9048453598079504e-06,,
92,5657,,2.1840990029886598e-06,,
92,5658,,1.6760922108005616e-06,,
92,5659,,1.923970103234751e-06,,
92,5660,,1.761936687216803e-06,,
92,5661,,1.527970880488283e-06,,
92,5662,,1.1767020851038978e-06,,
92,5663,,1.4659259477411979e-06,,
92,5664,,1.6291942301904783e-06,,
92,5665,,2.8846993700426538e-06,,
92,5666,,7.934178256618907e-07,,
92,5667,,1.4795216429774882e-06,,
92,5668,,1.4347401702252682e-06,,
92,5669,,1.6573389984841924e-06,,
92,5670,,1.6914809748413973e-06,,
92,5671,,1.2022999271721346e-06,,
92,5672,,9.836011258812505e-07,,
92,5672,,,2.5016136169433594,3.732537834366667e-07
93,5673,,4.131381956540281e-06,,
93,5674,,1.2416691106409417e-06,,
93,5675,,1.672978100941691e-06,,
93,5676,,8.496478471897717e-07,,
93,5677,,2.2250055735639762e-06,,
93,5678,,9.041389148478629e-07,,
93,5679,,2.3359373244602466e-06,,
93,5680,,2.1882988221477717e-06,,
93,5681,,1.1957278047702857e-06,,
93,5682,,1.4785299526920426e-06,,
93,5683,,1.057617168953584e-06,,
93,5684,,9.566736025590217e-07,,
93,5685,,4.165919563092757e-06,,
93,5686,,1.3797460951536777e-06,,
93,5687,,9.944400289896294e-07,,
93,5688,,4.5924463165647467e-07,,
93,5689,,4.6952760612839484e-07,,
93,5690,,2.4746927920205053e-06,,
93,5691,,5.670347036357271e-07,,
93,5692,,9.69424377217365e-07,,
93,5693,,7.926464036245306e-07,,
93,5694,,1.8473926957085496e-06,,
93,5695,,3.3214769246114884e-06,,
93,5696,,1.4358620319399051e-06,,
93,5697,,1.1144705922561116e-06,,
93,5698,,1.605989268682606e-06,,
93,5699,,1.463821490688133e-06,,
93,5700,,8.720005553186638e-07,,
93,5701,,1.8503315004636534e-06,,
93,5702,,0.00012015827815048397,,
93,5703,,1.933201247084071e-06,,
93,5704,,5.855714334757067e-06,,
93,5705,,2.4573164409957826e-06,,
93,5706,,4.022922894364456e-06,,
93,5707,,2.6979030280926963e-06,,
93,5708,,1.2717296158371028e-05,,
93,5709,,1.2552221051009838e-05,,
93,5710,,2.958748154924251e-06,,
93,5711,,9.0013224962604e-07,,
93,5712,,1.5742276673336164e-06,,
93,5713,,3.175787014697562e-06,,
93,5714,,1.7797774489736184e-06,,
93,5715,,1.6724982287996681e-06,,
93,5716,,2.0550637600535993e-06,,
93,5717,,1.195151071442524e-06,,
93,5718,,9.2831015763295e-07,,
93,5719,,4.988506816516747e-07,,
93,5720,,1.1353204172337428e-06,,
93,5721,,1.3033334198553348e-06,,
93,5722,,1.6558851712034084e-06,,
93,5723,,1.4698262020829134e-06,,
93,5724,,4.2998178173547785e-07,,
93,5725,,1.165875005426642e-06,,
93,5726,,1.9430872271186672e-06,,
93,5727,,6.858595043013338e-07,,
93,5728,,1.0187900443270337e-06,,
93,5729,,7.095603677953477e-07,,
93,5730,,4.117311220852571e-07,,
93,5731,,1.432122985534079e-06,,
93,5732,,4.5094040501680865e-07,,
93,5733,,6.899670097482158e-07,,
93,5733,,,2.3382463455200195,3.260951189076877e-07
94,5734,,8.49835601002269e-07,,
94,5735,,4.2980539660675277e-07,,
94,5736,,3.7715201983701263e-07,,
94,5737,,5.096393920211995e-07,,
94,5738,,6.594561909878394e-07,,
94,5739,,4.056684588249482e-07,,
94,5740,,8.171704166670679e-07,,
94,5741,,2.077433691738406e-06,,
94,5742,,3.3136518595711095e-07,,
94,5743,,9.382944767821755e-07,,
94,5744,,7.160898007896321e-07,,
94,5745,,2.938653835826699e-07,,
94,5746,,8.043498951337824e-07,,
94,5747,,6.144746862446482e-07,,
94,5748,,5.682128403350362e-07,,
94,5749,,6.967004537727917e-07,,
94,5750,,1.8849107163987355e-06,,
94,5751,,8.844289141052286e-07,,
94,5752,,3.10707406470101e-07,,
94,5753,,6.946707458155288e-07,,
94,5754,,8.423197073170741e-07,,
94,5755,,8.264386224254849e-07,,
94,5756,,3.0829089610051597e-06,,
94,5757,,1.3226189139459166e-06,,
94,5758,,5.405248089118686e-07,,
94,5759,,1.6082881302281749e-06,,
94,5760,,4.6828020572320384e-07,,
94,5761,,1.3215321814641356e-06,,
94,5762,,1.64253287948668e-06,,
94,5763,,5.494697461472242e-07,,
94,5764,,7.907107715254824e-07,,
94,5765,,6.003012344990566e-07,,
94,5766,,1.3083626981824636e-06,,
94,5767,,1.3666119684785372e-06,,
94,5768,,1.1848113672385807e-06,,
94,5769,,1.0172154816245893e-06,,
94,5770,,4.754408655571751e-05,,
94,5771,,1.651364527788246e-06,,
94,5772,,9.64491960075975e-07,,
94,5773,,2.4057055725279497e-06,,
94,5774,,1.7518527783977333e-06,,
94,5775,,2.2543865725310752e-06,,
94,5776,,4.813811301573878e-06,,
94,5777,,1.1376050679245964e-06,,
94,5778,,1.8809454331858433e-06,,
94,5779,,1.2822369171772152e-05,,
94,5780,,3.8636044337181374e-06,,
94,5781,,1.1590021813390194e-06,,
94,5782,,3.39129064741428e-06,,
94,5783,,3.6365463529364206e-06,,
94,5784,,5.073455895399093e-07,,
94,5785,,1.7098177522711921e-06,,
94,5786,,3.0145251912472304e-06,,
94,5787,,7.606065537402174e-07,,
94,5788,,7.546047072537476e-06,,
94,5789,,2.3024488200462656e-06,,
94,5790,,2.8639676656894153e-06,,
94,5791,,1.3372648481890792e-06,,
94,5792,,4.173234628979117e-06,,
94,5793,,2.029025381489191e-06,,
94,5794,,2.156285290766391e-06,,
94,5794,,,4.633264064788818,1.280376977774722e-06
95,5795,,1.2746207858072012e-06,,
95,5796,,1.5261101680152933e-06,,
95,5797,,1.4291186971604475e-06,,
95,5798,,2.6519498987909174e-06,,
95,5799,,2.394535840721801e-06,,
95,5800,,4.715992872661445e-06,,
95,5801,,4.6392898411795613e-07,,
95,5802,,5.778957756774616e-07,,
95,5803,,1.5600867300236132e-06,,
95,5804,,1.6739722923375666e-06,,
95,5805,,1.8584087229100987e-06,,
95,5806,,1.5114917459868593e-06,,
95,5807,,1.3065584880678216e-06,,
95,5808,,1.0685010920497007e-06,,
95,5809,,4.993517563889327e-07,,
95,5810,,7.138532396311348e-07,,
95,5811,,4.587918283505132e-06,,
95,5812,,1.2836875384891755e-06,,
95,5813,,1.0885664778470527e-06,,
95,5814,,1.2497577017711592e-06,,
95,5815,,9.931667364071473e-07,,
95,5816,,2.1183386706979945e-06,,
95,5817,,1.632842781873478e-06,,
95,5818,,3.955373904318549e-05,,
95,5819,,1.3383858004090143e-06,,
95,5820,,4.828650162380654e-06,,
95,5821,,1.2207061672597774e-06,,
95,5822,,1.875933890005399e-06,,
95,5823,,1.87967020792712e-06,,
95,5824,,7.601207698826329e-07,,
95,5825,,1.943094730449957e-06,,
95,5826,,1.395043568663823e-06,,
95,5827,,1.3965581047159503e-06,,
95,5828,,4.77993694403267e-07,,
95,5829,,9.561758815834764e-07,,
95,5830,,8.187027447092987e-07,,
95,5831,,6.655921538367693e-07,,
95,5832,,5.242538350103132e-07,,
95,5833,,1.0645009069776279e-06,,
95,5834,,1.4173016325003118e-06,,
95,5835,,8.801620765552798e-07,,
95,5836,,7.926863645479898e-07,,
95,5837,,4.046924459544243e-06,,
95,5838,,4.450974756764481e-06,,
95,5839,,1.832846101024188e-05,,
95,5840,,1.6043526329667657e-06,,
95,5841,,5.718857778447273e-07,,
95,5842,,2.6835989501705626e-06,,
95,5843,,7.177465022323304e-07,,
95,5844,,1.2889107665614574e-06,,
95,5845,,5.708521939595812e-07,,
95,5846,,5.2721425163326785e-06,,
95,5847,,2.367671640968183e-06,,
95,5848,,1.3247159813545295e-06,,
95,5849,,5.593435616901843e-07,,
95,5850,,3.831232788797934e-06,,
95,5851,,1.0336038940295111e-06,,
95,5852,,8.639027555545908e-07,,
95,5853,,1.2162014400018961e-06,,
95,5854,,8.293660584968165e-07,,
95,5855,,9.451779874325439e-07,,
95,5855,,,2.5434539318084717,3.8584380490647163e-07
96,5856,,1.310642915086646e-06,,
96,5857,,2.844132609425287e-07,,
96,5858,,1.3049872222836711e-06,,
96,5859,,6.545728297169262e-07,,
96,5860,,5.538406071536883e-07,,
96,5861,,2.191288103858824e-06,,
96,5862,,4.845350076720933e-07,,
96,5863,,7.964151791384211e-07,,
96,5864,,6.100916834839154e-06,,
96,5865,,3.0343096568685723e-07,,
96,5866,,4.837662004320009e-07,,
96,5867,,9.083153713618231e-07,,
96,5868,,1.1168641549375025e-06,,
96,5869,,2.9045202154520666e-06,,
96,5870,,1.443449832549959e-06,,
96,5871,,1.4354820905282395e-06,,
96,5872,,1.8182461190008326e-06,,
96,5873,,1.3502107094609528e-06,,
96,5874,,1.6899078900678433e-06,,
96,5875,,2.639737033405254e-07,,
96,5876,,6.735313036188018e-07,,
96,5877,,8.104079256554542e-07,,
96,5878,,7.829863193364872e-07,,
96,5879,,4.265701818439993e-07,,
96,5880,,1.6537633200641721e-06,,
96,5881,,1.758005168994714e-06,,
96,5882,,1.5412221046062768e-06,,
96,5883,,1.9324070308357477e-06,,
96,5884,,2.8979318358324235e-06,,
96,5885,,1.2721731081910548e-06,,
96,5886,,1.0012962547989446e-06,,
96,5887,,7.3657984103192575e-06,,
96,5888,,6.3254528868128546e-06,,
96,5889,,7.289195309567731e-07,,
96,5890,,7.083492619130993e-07,,
96,5891,,4.588825504470151e-06,,
96,5892,,3.7272502595442347e-07,,
96,5893,,1.0466748108228785e-06,,
96,5894,,1.3024763347857515e-06,,
96,5895,,1.0224348443443887e-06,,
96,5896,,7.848078666938818e-07,,
96,5897,,9.759548902366078e-07,,
96,5898,,7.423321903843316e-07,,
96,5899,,6.638493346144969e-07,,
96,5900,,5.171998509467812e-07,,
96,5901,,1.5602245184709318e-06,,
96,5902,,5.977394721412566e-07,,
96,5903,,8.580798862567462e-07,,
96,5904,,8.425583359894517e-07,,
96,5905,,4.370170245238114e-06,,
96,5906,,1.0141662869500578e-06,,
96,5907,,9.75630541688588e-07,,
96,5908,,6.387459734469303e-07,,
96,5909,,5.081670678919181e-05,,
96,5910,,7.169259106376558e-07,,
96,5911,,8.806061373434204e-07,,
96,5912,,4.925145276502008e-06,,
96,5913,,1.3253106772026513e-06,,
96,5914,,4.334180630394258e-06,,
96,5915,,6.482559911091812e-07,,
96,5916,,1.8824326843969175e-06,,
96,5916,,,2.9589076042175293,5.221876335781417e-07
97,5917,,1.0100563940795837e-06,,
97,5918,,7.715732976976142e-07,,
97,5919,,5.386177122090885e-07,,
97,5920,,9.641821634431835e-07,,
97,5921,,7.68862946642912e-07,,
97,5922,,1.883184268081095e-06,,
97,5923,,5.73211082155467e-07,,
97,5924,,6.566291403942159e-07,,
97,5925,,5.08424648160144e-07,,
97,5926,,9.456859402234841e-07,,
97,5927,,1.1614258710324066e-06,,
97,5928,,5.75585431761283e-07,,
97,5929,,3.6330543480289634e-06,,
97,5930,,2.6615464321366744e-06,,
97,5931,,1.381538368150359e-06,,
97,5932,,4.1927165739252814e-07,,
97,5933,,7.725148520876246e-07,,
97,5934,,2.8845140604971675e-06,,
97,5935,,1.6776992879385944e-06,,
97,5936,,2.4733908503549173e-06,,
97,5937,,2.9800307288496697e-07,,
97,5938,,6.321963041955314e-07,,
97,5939,,6.565831540683575e-07,,
97,5940,,6.094211357776658e-07,,
97,5941,,7.339712055909331e-07,,
97,5942,,5.18694605489145e-07,,
97,5943,,5.598411689788918e-07,,
97,5944,,1.7183324416691903e-06,,
97,5945,,5.52994652025518e-06,,
97,5946,,6.772100960006355e-07,,
97,5947,,2.2639582311967388e-05,,
97,5948,,7.522364739998011e-07,,
97,5949,,1.292371166528028e-06,,
97,5950,,1.3953066400063108e-06,,
97,5951,,7.620700444022077e-07,,
97,5952,,8.480174983560573e-06,,
97,5953,,9.057245051735663e-07,,
97,5954,,1.283086589864979e-06,,
97,5955,,1.2192612075523357e-06,,
97,5956,,6.398750542757625e-07,,
97,5957,,1.2557194395412807e-06,,
97,5958,,8.322005555783107e-07,,
97,5959,,7.756149784654554e-07,,
97,5960,,7.998107207640714e-07,,
97,5961,,9.683644748292863e-07,,
97,5962,,5.087097179057309e-07,,
97,5963,,6.522907938233402e-07,,
97,5964,,7.03614205121994e-07,,
97,5965,,3.24484147995463e-07,,
97,5966,,1.1751686770367087e-06,,
97,5967,,8.392831318815297e-07,,
97,5968,,6.30435920356831e-07,,
97,5969,,8.06436901257257e-07,,
97,5970,,4.627221983355412e-07,,
97,5971,,7.766546445964195e-07,,
97,5972,,1.6735255030653207e-06,,
97,5973,,1.240739493368892e-06,,
97,5974,,2.1109735826030374e-06,,
97,5975,,3.674260256048001e-07,,
97,5976,,8.262480264420446e-07,,
97,5977,,1.3932224192103604e-06,,
97,5977,,,2.339897632598877,3.2655583481755457e-07
98,5978,,1.3998450185681577e-06,,
98,5979,,5.759023906648508e-07,,
98,5980,,2.429975893392111e-06,,
98,5981,,1.8889696775659104e-06,,
98,5982,,5.862382295163115e-07,,
98,5983,,1.159186581389804e-06,,
98,5984,,2.3546269858343294e-06,,
98,5985,,1.4348655668072752e-06,,
98,5986,,4.882105031356332e-07,,
98,5987,,1.1652863349809195e-06,,
98,5988,,9.351336484542117e-05,,
98,5989,,1.2777238680428127e-06,,
98,5990,,2.222565171905444e-06,,
98,5991,,1.338748575108184e-06,,
98,5992,,2.7684013730322476e-06,,
98,5993,,3.0452558803517604e-06,,
98,5994,,1.333832074124075e-06,,
98,5995,,1.138312086368387e-06,,
98,5996,,2.0520824364211876e-06,,
98,5997,,1.304058628193161e-06,,
98,5998,,8.096232591014996e-07,,
98,5999,,3.023158114956459e-06,,
98,6000,,1.5683102674302063e-06,,
98,6001,,9.930133728630608e-07,,
98,6002,,7.950222880026558e-07,,
98,6003,,3.211786179235787e-06,,
98,6004,,1.3052153917669784e-06,,
98,6005,,7.45260138046433e-07,,
98,6006,,7.260530878738791e-07,,
98,6007,,3.7779113881697413e-06,,
98,6008,,3.210055183444638e-06,,
98,6009,,8.98089524525858e-07,,
98,6010,,1.060564500221517e-06,,
98,6011,,1.4321223034130526e-06,,
98,6012,,8.547988272766815e-07,,
98,6013,,6.652687716268701e-07,,
98,6014,,5.886288363399217e-07,,
98,6015,,1.7840744703789824e-06,,
98,6016,,3.993811787950108e-06,,
98,6017,,9.341297868559195e-07,,
98,6018,,1.186491772386944e-06,,
98,6019,,1.3418881508187042e-06,,
98,6020,,8.177179893209541e-07,,
98,6021,,8.201897117032786e-07,,
98,6022,,7.692982535445481e-07,,
98,6023,,1.1092960221503745e-06,,
98,6024,,3.7517027067224262e-06,,
98,6025,,2.272817255288828e-06,,
98,6026,,1.1510519470903091e-06,,
98,6027,,1.1584233106987085e-05,,
98,6028,,9.13448729988886e-07,,
98,6029,,2.0113300251978217e-06,,
98,6030,,1.0483865935384529e-06,,
98,6031,,3.670829755719751e-07,,
98,6032,,3.698378066019359e-07,,
98,6033,,1.4801561292188126e-06,,
98,6034,,1.165492790278222e-06,,
98,6035,,6.185824759086245e-07,,
98,6036,,5.998714982524689e-07,,
98,6037,,7.625092166563263e-07,,
98,6038,,4.1611448864387057e-07,,
98,6038,,,2.5632095336914062,3.9186096500998246e-07
99,6039,,1.3578422795035294e-06,,
99,6040,,2.4481838067913486e-07,,
99,6041,,6.833301426922844e-07,,
99,6042,,1.713056690277881e-06,,
99,6043,,8.023859550121415e-07,,
99,6044,,7.046440941849141e-07,,
99,6045,,1.4301519968284993e-06,,
99,6046,,7.329934419431083e-07,,
99,6047,,4.501585806337971e-07,,
99,6048,,1.1715611663021264e-06,,
99,6049,,3.9964132270142727e-07,,
99,6050,,1.0748286740636104e-06,,
99,6051,,4.5198524389888917e-07,,
99,6052,,5.881741458324541e-07,,
99,6053,,6.242215135898732e-07,,
99,6054,,6.284648179644137e-07,,
99,6055,,4.995546305508469e-07,,
99,6056,,4.054193709635001e-07,,
99,6057,,7.969169928401243e-07,,
99,6058,,7.807273050275398e-07,,
99,6059,,6.17046737261262e-07,,
99,6060,,2.924544423876796e-05,,
99,6061,,4.4747966398972494e-07,,
99,6062,,9.676289209892275e-07,,
99,6063,,9.022591598295548e-07,,
99,6064,,7.470113700946968e-07,,
99,6065,,2.1560670120379655e-06,,
99,6066,,1.3467536064126762e-06,,
99,6067,,1.1320744306431152e-06,,
99,6068,,5.039255029259948e-06,,
99,6069,,1.104867692447442e-06,,
99,6070,,1.5201554788291105e-06,,
99,6071,,3.543651700965711e-06,,
99,6072,,5.083745691081276e-07,,
99,6073,,8.612749411440745e-07,,
99,6074,,4.559492936095921e-06,,
99,6075,,1.4315275620901957e-05,,
99,6076,,3.6659723718912574e-06,,
99,6077,,7.851443797335378e-07,,
99,6078,,1.294271328333707e-06,,
99,6079,,8.288992603411316e-07,,
99,6080,,4.6420652211054403e-07,,
99,6081,,9.580926416674629e-07,,
99,6082,,6.84238159465167e-07,,
99,6083,,5.173693011784053e-07,,
99,6084,,1.7244824448425788e-06,,
99,6085,,1.09361928934959e-06,,
99,6086,,9.845654176388052e-07,,
99,6087,,1.2359055290289689e-06,,
99,6088,,1.6957170601017424e-06,,
99,6089,,6.654731805610936e-07,,
99,6090,,8.204247023968492e-07,,
99,6091,,4.638405926016276e-07,,
99,6092,,1.1470749541331315e-06,,
99,6093,,1.2870049204138923e-06,,
99,6094,,1.624148353585042e-06,,
99,6095,,9.773651754585444e-07,,
99,6096,,9.875452633423265e-07,,
99,6097,,1.1901805692104972e-06,,
99,6098,,1.1421518593124347e-06,,
99,6099,,4.113323655019485e-07,,
99,6099,,,2.6131391525268555,4.0727601913204126e-07
100,6100,5.105834007263184,,,
