epoch,step,test_RMSE,train_loss,val_RMSE,val_loss
0,9,,5.81973472435493e-05,,
0,19,,2.0942999981343746e-05,,
0,29,,1.1169922800036147e-05,,
0,39,,9.883015991363209e-06,,
0,49,,3.957226908823941e-06,,
0,59,,6.739013770129532e-06,,
0,60,,,8.756509780883789,4.573259957396658e-06
1,69,,3.0298745059553767e-06,,
1,79,,1.7510110410512425e-05,,
1,89,,3.057063167943852e-06,,
1,99,,5.214776592765702e-06,,
1,109,,2.80957510767621e-06,,
1,119,,2.3118154786061496e-06,,
1,121,,,8.454561233520508,4.263300070306286e-06
2,129,,5.923282060393831e-06,,
2,139,,2.9371387427090667e-05,,
2,149,,5.226043867878616e-06,,
2,159,,4.091064056410687e-06,,
2,169,,3.0660951324534835e-06,,
2,179,,2.8678905437118374e-06,,
2,182,,,9.482873916625977,5.363444415706908e-06
3,189,,5.375047749112127e-06,,
3,199,,2.673433755262522e-06,,
3,209,,4.611932126863394e-06,,
3,219,,1.0704479791456833e-06,,
3,229,,3.2758043744252063e-06,,
3,239,,6.698509423586074e-06,,
3,243,,,8.308600425720215,4.117366188438609e-06
4,249,,3.536610847731936e-06,,
4,259,,2.4351622869289713e-06,,
4,269,,2.001712573473924e-06,,
4,279,,2.2249753328651423e-06,,
4,289,,2.447459564791643e-06,,
4,299,,1.908589638333069e-06,,
4,304,,,8.867816925048828,4.690263267548289e-06
5,309,,7.89300975156948e-06,,
5,319,,2.9419566089927685e-06,,
5,329,,2.40929921346833e-06,,
5,339,,2.693175702006556e-06,,
5,349,,4.545999672700418e-06,,
5,359,,1.9388685359444935e-06,,
5,365,,,8.19227123260498,4.002878085884731e-06
6,369,,4.286103376216488e-06,,
6,379,,0.00019013963174074888,,
6,389,,3.2773325528978603e-06,,
6,399,,1.9901233372365823e-06,,
6,409,,2.590129724922008e-06,,
6,419,,2.4632618078612722e-06,,
6,426,,,7.6908345222473145,3.527854687490617e-06
7,429,,5.6367584875260945e-06,,
7,439,,7.701706635998562e-06,,
7,449,,3.307685574327479e-06,,
7,459,,1.8269931842951337e-06,,
7,469,,1.125253334066656e-06,,
7,479,,2.928013373093563e-06,,
7,487,,,6.137693881988525,2.24685072680586e-06
8,489,,1.9470701317914063e-06,,
8,499,,9.405389391758945e-07,,
8,509,,2.5085737433983013e-06,,
8,519,,4.218140929879155e-06,,
8,529,,2.618564849399263e-06,,
8,539,,2.977089479827555e-06,,
8,548,,,8.130239486694336,3.942488547181711e-06
9,549,,2.605243935249746e-06,,
9,559,,3.1502279398409883e-06,,
9,569,,2.096589241773472e-06,,
9,579,,1.936577746164403e-06,,
9,589,,4.66494248030358e-06,,
9,599,,1.1101510608568788e-06,,
9,609,,2.925814669652027e-06,,
9,609,,,10.069160461425781,6.04714296059683e-06
10,619,,1.53079724896088e-06,,
10,629,,9.504706213192549e-07,,
10,639,,1.288750013372919e-06,,
10,649,,1.448662374059495e-06,,
10,659,,4.723411166196456e-06,,
10,669,,1.0937775414276985e-06,,
10,670,,,6.983470916748047,2.9087502753100125e-06
11,679,,1.4062384252611082e-06,,
11,689,,1.1351662578817923e-06,,
11,699,,1.4406804211830604e-06,,
11,709,,1.2978272252439638e-06,,
11,719,,2.791041333694011e-05,,
11,729,,1.3666591485161916e-06,,
11,731,,,6.598368167877197,2.5967901819967665e-06
12,739,,1.4613408438890474e-06,,
12,749,,1.4451100014412077e-06,,
12,759,,6.820376938776462e-07,,
12,769,,6.585042910955963e-07,,
12,779,,7.685008313274011e-06,,
12,789,,1.1595473097258946e-06,,
12,792,,,6.291083335876465,2.360557573410915e-06
13,799,,1.4889009207763593e-06,,
13,809,,3.7565434922726126e-06,,
13,819,,2.0875766040262533e-06,,
13,829,,7.955208047860651e-07,,
13,839,,3.013742116309004e-06,,
13,849,,1.0393688398835366e-06,,
13,853,,,5.094546794891357,1.548013869978604e-06
14,859,,8.666649478072941e-07,,
14,869,,1.5835897784199915e-06,,
14,879,,3.3832434382929932e-06,,
14,889,,8.907762776289019e-07,,
14,899,,2.20039169107622e-06,,
14,909,,0.0002182519674533978,,
14,914,,,5.284538745880127,1.6656276784488e-06
15,919,,1.8045620890916325e-06,,
15,929,,1.7382673831889406e-05,,
15,939,,1.0127494533662684e-05,,
15,949,,1.0918142834270839e-06,,
15,959,,3.417441257624887e-05,,
15,969,,1.185945734505367e-06,,
15,975,,,7.760378360748291,3.5919438232667744e-06
16,979,,1.964426019185339e-06,,
16,989,,2.374893483647611e-06,,
16,999,,1.1553617014214979e-06,,
16,1009,,2.086344693452702e-06,,
16,1019,,1.6420794963778462e-06,,
16,1029,,6.563432748407649e-07,,
16,1036,,,11.211528778076172,7.497102160414215e-06
17,1039,,8.212915645344765e-07,,
17,1049,,8.049859729908349e-07,,
17,1059,,1.5832221151867998e-06,,
17,1069,,1.8421872027829522e-06,,
17,1079,,1.654074594625854e-06,,
17,1089,,1.8419571006234037e-06,,
17,1097,,,8.167020797729492,3.978241238655755e-06
18,1099,,2.759679773589596e-06,,
18,1109,,9.067329642675759e-07,,
18,1119,,1.0959292922052555e-06,,
18,1129,,1.1798529158113524e-06,,
18,1139,,7.723493581579532e-06,,
18,1149,,2.4014993869059253e-06,,
18,1158,,,5.9216814041137695,2.0914806100336136e-06
19,1159,,1.320101091550896e-06,,
19,1169,,1.4543616089213174e-05,,
19,1179,,1.1572313951546676e-06,,
19,1189,,1.4158596286506508e-06,,
19,1199,,8.831495392769284e-07,,
19,1209,,2.4443843358312733e-06,,
19,1219,,1.701673454590491e-06,,
19,1219,,,6.280583381652832,2.352684077777667e-06
20,1229,,5.928696396040323e-07,,
20,1239,,8.533967275070609e-07,,
20,1249,,2.50940661317145e-06,,
20,1259,,1.580562638991978e-06,,
20,1269,,1.595252911101852e-06,,
20,1279,,1.2991340554435737e-06,,
20,1280,,,5.54612398147583,1.8346067918173503e-06
21,1289,,8.086292950792995e-07,,
21,1299,,1.234145770467876e-06,,
21,1309,,1.1591548627620796e-06,,
21,1319,,1.1593828048717114e-06,,
21,1329,,1.0087328519148286e-06,,
21,1339,,9.696899496702827e-07,,
21,1341,,,7.162213325500488,3.0595549560530344e-06
22,1349,,2.3311679342441494e-06,,
22,1359,,1.2120478913857369e-06,,
22,1369,,5.460934517032001e-06,,
22,1379,,0.00019493821309879422,,
22,1389,,1.8604457636683946e-06,,
22,1399,,9.245638352695096e-07,,
22,1402,,,6.222519874572754,2.309385081389337e-06
23,1409,,4.695669758802978e-06,,
23,1419,,1.060388058249373e-06,,
23,1429,,1.491557304689195e-05,,
23,1439,,1.6123888144647935e-06,,
23,1449,,4.771627004629408e-07,,
23,1459,,3.965958967455663e-06,,
23,1463,,,7.5803608894348145,3.427232286412618e-06
24,1469,,8.609986252849922e-07,,
24,1479,,1.0909375305345748e-06,,
24,1489,,2.1417458810901735e-06,,
24,1499,,5.648463456964237e-07,,
24,1509,,9.295118275076675e-07,,
24,1519,,1.336504510618397e-06,,
24,1524,,,5.9644975662231445,2.1218343135842588e-06
25,1529,,8.999629244499374e-06,,
25,1539,,2.87611510429997e-06,,
25,1549,,1.5698489050919306e-06,,
25,1559,,2.336746547371149e-06,,
25,1569,,1.461702822780353e-06,,
25,1579,,2.920965243902174e-06,,
25,1585,,,7.133689880371094,3.035233930859249e-06
26,1589,,7.748248549432901e-07,,
26,1599,,3.1787994885235094e-06,,
26,1609,,1.2288656989767333e-06,,
26,1619,,1.9131416593154427e-06,,
26,1629,,3.4630913887667703e-06,,
26,1639,,8.904076480575895e-07,,
26,1646,,,7.418038368225098,3.282025318185333e-06
27,1649,,9.338094741906389e-07,,
27,1659,,5.42379098078527e-07,,
27,1669,,2.702205392779433e-06,,
27,1679,,1.0797410823215614e-06,,
27,1689,,1.3179753750591772e-06,,
27,1699,,1.1645471431620535e-06,,
27,1707,,,6.6576995849609375,2.6436996449774597e-06
28,1709,,6.757152846148529e-07,,
28,1719,,2.3417828742822167e-06,,
28,1729,,3.3955009826058813e-07,,
28,1739,,1.274486521651852e-06,,
28,1749,,1.7575256379132043e-06,,
28,1759,,1.661838268773863e-06,,
28,1768,,,6.741688251495361,2.7108224003313808e-06
29,1769,,3.674128720376757e-06,,
29,1779,,1.7005223753585597e-06,,
29,1789,,2.038314050878398e-06,,
29,1799,,8.284310410999751e-07,,
29,1809,,1.6894682630663738e-06,,
29,1819,,8.208391477637633e-07,,
29,1829,,2.6488710318517406e-06,,
29,1829,,,6.4163970947265625,2.4555356503697112e-06
30,1839,,4.585502892950899e-07,,
30,1849,,1.8161811112804571e-06,,
30,1859,,7.872683340792719e-07,,
30,1869,,5.780206720373826e-06,,
30,1879,,7.424834507219202e-07,,
30,1889,,1.1155054835398914e-06,,
30,1890,,,6.43697452545166,2.4713106085982872e-06
31,1899,,7.579806151625235e-06,,
31,1909,,4.934175308335398e-07,,
31,1919,,6.633566727032303e-07,,
31,1929,,1.893694388854783e-06,,
31,1939,,9.554516964271897e-07,,
31,1949,,2.800236643452081e-06,,
31,1951,,,6.933959007263184,2.8676508918579202e-06
32,1959,,1.1464858289400581e-06,,
32,1969,,4.969848532709875e-07,,
32,1979,,5.273112151371606e-07,,
32,1989,,1.7938634755410021e-06,,
32,1999,,4.963870878782473e-07,,
32,2009,,3.199954562660423e-06,,
32,2012,,,7.272603511810303,3.1545946512778755e-06
33,2019,,2.9180796445871238e-06,,
33,2029,,1.3417960644801497e-06,,
33,2039,,1.0893162425418268e-06,,
33,2049,,1.0247158570564352e-06,,
33,2059,,1.6314393178618047e-06,,
33,2069,,0.00019102251098956913,,
33,2073,,,7.269247055053711,3.151683586111176e-06
34,2079,,0.00010093711171066388,,
34,2089,,3.5723835480894195e-06,,
34,2099,,1.5303263580790372e-06,,
34,2109,,6.728451467097329e-07,,
34,2119,,8.02841896074824e-07,,
34,2129,,9.971920462703565e-07,,
34,2134,,,5.373020648956299,1.7218717403011397e-06
35,2139,,8.870916303749254e-07,,
35,2149,,8.928309398470446e-07,,
35,2159,,1.3444730484479805e-06,,
35,2169,,1.0845445785889751e-06,,
35,2179,,6.000034886710637e-07,,
35,2189,,6.070059157536889e-07,,
35,2195,,,6.75014066696167,2.717624283832265e-06
36,2199,,1.406023670824652e-06,,
36,2209,,1.7478766949352575e-06,,
36,2219,,6.737968760717195e-07,,
36,2229,,1.111057940761384e-06,,
36,2239,,3.299000127299223e-06,,
36,2249,,1.6769051853771089e-06,,
36,2256,,,6.16453742980957,2.26654697144113e-06
37,2259,,2.020158717641607e-06,,
37,2269,,1.1697986792569282e-06,,
37,2279,,2.2152732981339796e-06,,
37,2289,,1.5714402934463578e-06,,
37,2299,,1.5545398355243378e-06,,
37,2309,,0.00018511959933675826,,
37,2317,,,6.720732688903809,2.6939962936012307e-06
38,2319,,1.994344074773835e-06,,
38,2329,,6.471574920396961e-07,,
38,2339,,1.9498670553730335e-06,,
38,2349,,7.629433866895852e-07,,
38,2359,,1.3818456636727205e-06,,
38,2369,,1.139074583988986e-06,,
38,2378,,,7.122922897338867,3.0260794119385537e-06
39,2379,,1.208116373163648e-06,,
39,2389,,1.8981520497618476e-06,,
39,2399,,1.4524684047501069e-05,,
39,2409,,1.3755391137237893e-06,,
39,2419,,9.155770044344536e-07,,
39,2429,,8.359828029824712e-07,,
39,2439,,1.3276149957164307e-06,,
39,2439,,,8.631182670593262,4.443286343303043e-06
40,2449,,1.4007831623530365e-06,,
40,2459,,8.42559472857829e-07,,
40,2469,,8.843057344165572e-07,,
40,2479,,1.5673144844186027e-06,,
40,2489,,7.767076226627978e-07,,
40,2499,,8.94555398645025e-07,,
40,2500,,,6.783729076385498,2.7447370030131424e-06
41,2509,,2.7176276944373967e-06,,
41,2519,,2.269320020786836e-06,,
41,2529,,4.080542566953227e-06,,
41,2539,,1.0001079999710782e-06,,
41,2549,,7.365667897829553e-07,,
41,2559,,1.9718020212167175e-06,,
41,2561,,,9.258808135986328,5.112978215038311e-06
42,2569,,1.6845635855133878e-06,,
42,2579,,1.1787763014581287e-06,,
42,2589,,5.37839378011995e-06,,
42,2599,,1.157762540060503e-06,,
42,2609,,3.6181443192617735e-06,,
42,2619,,8.890279787010513e-06,,
42,2622,,,6.22232723236084,2.309242063347483e-06
43,2629,,7.741650165371539e-07,,
43,2639,,1.608858156032511e-06,,
43,2649,,6.398012715180812e-07,,
43,2659,,1.0531264251767425e-06,,
43,2669,,8.760639502725098e-07,,
43,2679,,5.116033321428404e-07,,
43,2683,,,8.262991905212402,4.072287993039936e-06
44,2684,,1.935077307280153e-06,,
44,2685,,2.0340821720310487e-06,,
44,2686,,1.072898839993286e-06,,
44,2687,,7.318707275771885e-07,,
44,2688,,7.226732350318343e-07,,
44,2689,,7.80517325438268e-07,,
44,2690,,1.5235536920954473e-06,,
44,2691,,1.448220928068622e-06,,
44,2692,,7.457230140062165e-07,,
44,2693,,4.451371751201805e-06,,
44,2694,,1.0739465778897284e-06,,
44,2695,,4.126544297378132e-07,,
44,2696,,1.1313413779134862e-06,,
44,2697,,8.01094017788273e-07,,
44,2698,,8.993421033665072e-06,,
44,2699,,7.580825922559598e-07,,
44,2700,,5.423426046036184e-07,,
44,2701,,1.8353690620642737e-06,,
44,2702,,9.423924893781077e-07,,
44,2703,,1.5242577546814573e-06,,
44,2704,,2.4788230348349316e-06,,
44,2705,,4.6115340524011117e-07,,
44,2706,,1.5930759218463209e-06,,
44,2707,,6.45329180315457e-07,,
44,2708,,5.296075755722995e-07,,
44,2709,,1.4907001286701416e-06,,
44,2710,,8.571044531890948e-07,,
44,2711,,5.837699177391187e-07,,
44,2712,,9.448087325836241e-07,,
44,2713,,9.179224775834882e-07,,
44,2714,,6.895660931149905e-07,,
44,2715,,1.771069719325169e-06,,
44,2716,,6.396708158717956e-07,,
44,2717,,1.1683010825436213e-06,,
44,2718,,3.198985041308333e-06,,
44,2719,,1.6663409496686654e-06,,
44,2720,,2.6546247227088315e-06,,
44,2721,,1.0209554375251173e-06,,
44,2722,,5.234651325736195e-07,,
44,2723,,6.746588496753247e-07,,
44,2724,,4.042628347633581e-07,,
44,2725,,1.6845999653014587e-06,,
44,2726,,9.103876550398127e-07,,
44,2727,,9.776882734513492e-07,,
44,2728,,3.964295558489539e-07,,
44,2729,,1.6004963754312485e-06,,
44,2730,,8.362889616364555e-07,,
44,2731,,1.450219542675768e-06,,
44,2732,,9.507677987130592e-07,,
44,2733,,5.459221483761212e-07,,
44,2734,,4.1521829530211107e-07,,
44,2735,,8.600795240454318e-07,,
44,2736,,7.171304901021358e-07,,
44,2737,,1.1488382369861938e-06,,
44,2738,,1.5377088402601657e-06,,
44,2739,,1.0497475386728183e-06,,
44,2740,,7.077010764078295e-07,,
44,2741,,5.033933234699361e-07,,
44,2742,,1.0940970014416962e-06,,
44,2743,,0.00017973686044570059,,
44,2744,,7.239723913698981e-07,,
44,2744,,,6.35842752456665,2.41136649492546e-06
45,2745,,2.1717291929235216e-06,,
45,2746,,2.5144286155409645e-06,,
45,2747,,1.5527994037256576e-06,,
45,2748,,4.953979555466503e-07,,
45,2749,,2.211032096965937e-06,,
45,2750,,1.8997704955836525e-06,,
45,2751,,0.00012290551967453212,,
45,2752,,1.1040018534913543e-06,,
45,2753,,1.2705123708656174e-06,,
45,2754,,2.5360434392496245e-06,,
45,2755,,1.0101167617904139e-06,,
45,2756,,1.4531261740557966e-06,,
45,2757,,1.2339563909335993e-05,,
45,2758,,1.1718399264282198e-06,,
45,2759,,1.094766844289552e-06,,
45,2760,,4.98673728088761e-07,,
45,2761,,7.225331728477613e-07,,
45,2762,,9.315484703620314e-07,,
45,2763,,1.7741411966198939e-06,,
45,2764,,1.2697233842118294e-06,,
45,2765,,9.14300642307353e-07,,
45,2766,,9.122786082116363e-07,,
45,2767,,4.078120809936081e-07,,
45,2768,,5.863479373147129e-07,,
45,2769,,1.7574092225913773e-06,,
45,2770,,6.115754445090715e-07,,
45,2771,,1.079401499737287e-06,,
45,2772,,5.197226187192427e-07,,
45,2773,,8.960387276601978e-07,,
45,2774,,2.500426262486144e-06,,
45,2775,,1.1006533213731018e-06,,
45,2776,,7.912827868494787e-07,,
45,2777,,8.693426138961513e-07,,
45,2778,,4.398775490699336e-05,,
45,2779,,1.9465367131488165e-06,,
45,2780,,8.475706749777601e-07,,
45,2781,,8.107081157504581e-07,,
45,2782,,6.316367944236845e-07,,
45,2783,,6.827564220657223e-07,,
45,2784,,2.9479194836312672e-06,,
45,2785,,1.0026487871073186e-06,,
45,2786,,1.7515333183837356e-06,,
45,2787,,1.5518678537773667e-06,,
45,2788,,5.0986989208468e-07,,
45,2789,,8.221624057114241e-07,,
45,2790,,3.6106930565438233e-06,,
45,2791,,5.043705755269912e-07,,
45,2792,,9.425090752301912e-07,,
45,2793,,1.3077225275992532e-06,,
45,2794,,4.533939090833883e-07,,
45,2795,,6.25166592271853e-07,,
45,2796,,1.4633044429501751e-06,,
45,2797,,2.69993370238808e-06,,
45,2798,,5.019838340558636e-07,,
45,2799,,5.845570285600843e-07,,
45,2800,,1.1588934967221576e-06,,
45,2801,,7.541895001850207e-07,,
45,2802,,7.684630531912262e-07,,
45,2803,,6.627639095313498e-07,,
45,2804,,7.195701527962228e-07,,
45,2805,,1.823667662392836e-05,,
45,2805,,,5.833044052124023,2.0293375655455748e-06
46,2806,,1.0845216138477554e-06,,
46,2807,,7.129155505936069e-07,,
46,2808,,7.509138413297478e-06,,
46,2809,,5.371021529754216e-07,,
46,2810,,1.5941872106850496e-06,,
46,2811,,2.9779182568745455e-06,,
46,2812,,1.2957989383721724e-06,,
46,2813,,1.7426619933758047e-06,,
46,2814,,1.4126032965577906e-06,,
46,2815,,1.0504992360438337e-06,,
46,2816,,7.063579801069864e-07,,
46,2817,,2.8223139452165924e-06,,
46,2818,,1.2396824331517564e-06,,
46,2819,,1.3305973425303819e-06,,
46,2820,,1.6235846942436183e-06,,
46,2821,,4.723626148006588e-07,,
46,2822,,5.245568104328413e-07,,
46,2823,,4.316117383496021e-07,,
46,2824,,4.859799105361162e-07,,
46,2825,,7.692107146795024e-07,,
46,2826,,2.7754267648560926e-06,,
46,2827,,1.6691789141987101e-06,,
46,2828,,1.49227548718045e-06,,
46,2829,,2.539703928050585e-06,,
46,2830,,4.756389273552486e-07,,
46,2831,,1.1660025620585657e-06,,
46,2832,,1.3924802715337137e-06,,
46,2833,,8.589332196606847e-07,,
46,2834,,1.0526661071708077e-06,,
46,2835,,5.232400326349307e-07,,
46,2836,,9.306617130278028e-07,,
46,2837,,6.414487074835051e-07,,
46,2838,,3.645409663022292e-07,,
46,2839,,9.512548331258586e-07,,
46,2840,,1.5856332993280375e-06,,
46,2841,,1.6800437379060895e-06,,
46,2842,,6.094959985603055e-07,,
46,2843,,7.429417223647761e-07,,
46,2844,,3.603082632253063e-07,,
46,2845,,1.4689089766761754e-06,,
46,2846,,0.00019691158377099782,,
46,2847,,1.1221991371712647e-06,,
46,2848,,1.454444259252341e-06,,
46,2849,,1.0660369298420846e-06,,
46,2850,,7.273602591340023e-07,,
46,2851,,1.2804340485672583e-06,,
46,2852,,9.484231213718886e-07,,
46,2853,,1.945803433045512e-06,,
46,2854,,1.1015588370355545e-06,,
46,2855,,2.3439276901626727e-06,,
46,2856,,9.913505891745444e-07,,
46,2857,,6.2818394326313864e-06,,
46,2858,,1.1065567377954721e-06,,
46,2859,,5.94411801557726e-07,,
46,2860,,3.4937734199047554e-06,,
46,2861,,3.089193796768086e-06,,
46,2862,,7.228094887068437e-07,,
46,2863,,2.395714773228974e-06,,
46,2864,,4.392470316361141e-07,,
46,2865,,1.1665482588796294e-06,,
46,2866,,6.506888894364238e-07,,
46,2866,,,6.824722766876221,2.778009957182803e-06
47,2867,,9.057084184860287e-07,,
47,2868,,8.01874875833164e-07,,
47,2869,,1.0687034546208452e-06,,
47,2870,,4.401728403991001e-07,,
47,2871,,1.2666367865676875e-06,,
47,2872,,6.409965180864674e-07,,
47,2873,,1.088239628188603e-06,,
47,2874,,1.8287458942722878e-06,,
47,2875,,2.3972987037268467e-05,,
47,2876,,8.436668963440752e-07,,
47,2877,,1.0078425702886307e-06,,
47,2878,,7.372750019385421e-07,,
47,2879,,8.658440151521063e-07,,
47,2880,,2.1414966795418877e-06,,
47,2881,,2.1691948859370314e-06,,
47,2882,,5.285110660224746e-07,,
47,2883,,8.279938015220978e-07,,
47,2884,,7.587418622279074e-07,,
47,2885,,5.384447945289139e-07,,
47,2886,,0.0001308132050326094,,
47,2887,,9.590166882844642e-07,,
47,2888,,6.345650945149828e-06,,
47,2889,,1.088144927052781e-06,,
47,2890,,9.033201422425918e-07,,
47,2891,,2.628142965477309e-06,,
47,2892,,1.35707432491472e-06,,
47,2893,,1.7099813476306736e-06,,
47,2894,,8.165067129084491e-07,,
47,2895,,8.838275789457839e-06,,
47,2896,,1.228476207870699e-06,,
47,2897,,2.8555161861731904e-06,,
47,2898,,2.2065262328396784e-06,,
47,2899,,1.982967432923033e-06,,
47,2900,,3.44147309760956e-07,,
47,2901,,5.89180444876547e-06,,
47,2902,,9.97113829726004e-07,,
47,2903,,6.684286404379236e-07,,
47,2904,,9.329665431323519e-07,,
47,2905,,7.337667398132908e-07,,
47,2906,,1.248305579792941e-06,,
47,2907,,2.1194477085373364e-05,,
47,2908,,3.457917614468897e-07,,
47,2909,,3.8503773680531594e-07,,
47,2910,,1.8330486000195378e-06,,
47,2911,,1.2076227449142607e-06,,
47,2912,,1.1654079798972816e-06,,
47,2913,,5.764277375419624e-07,,
47,2914,,7.489047675335314e-07,,
47,2915,,6.78414608046296e-07,,
47,2916,,2.39585369854467e-06,,
47,2917,,7.737349960734718e-07,,
47,2918,,1.6239822571151308e-06,,
47,2919,,1.946674046848784e-06,,
47,2920,,7.244856533361599e-06,,
47,2921,,9.677155503595714e-07,,
47,2922,,1.037509719026275e-06,,
47,2923,,7.479438863811083e-07,,
47,2924,,7.08419634065649e-07,,
47,2925,,2.285633172505186e-06,,
47,2926,,1.105517867472372e-06,,
47,2927,,9.895686616800958e-07,,
47,2927,,,7.900157451629639,3.7225049709377345e-06
48,2928,,7.245443498504756e-07,,
48,2929,,5.802006057820108e-07,,
48,2930,,7.475659344891028e-07,,
48,2931,,8.863029847816506e-07,,
48,2932,,2.2197839371074224e-06,,
48,2933,,1.0490671229490545e-06,,
48,2934,,6.340922027447959e-06,,
48,2935,,4.949681056132249e-07,,
48,2936,,9.062259209713375e-07,,
48,2937,,5.85454358770221e-07,,
48,2938,,7.099342269611952e-07,,
48,2939,,6.508819296868751e-07,,
48,2940,,2.0669631339842454e-06,,
48,2941,,3.5115232321913936e-07,,
48,2942,,6.823936473665526e-07,,
48,2943,,1.00119768831064e-06,,
48,2944,,2.996083594553056e-06,,
48,2945,,2.397637786089035e-07,,
48,2946,,3.448809138717479e-06,,
48,2947,,8.332380048159393e-07,,
48,2948,,4.873572265751136e-07,,
48,2949,,4.146761511947261e-07,,
48,2950,,4.172402725544089e-07,,
48,2951,,2.133348971256055e-06,,
48,2952,,3.9007341001706664e-07,,
48,2953,,3.3213854067071225e-07,,
48,2954,,1.2712690704574925e-06,,
48,2955,,7.048967063383316e-07,,
48,2956,,1.338697529718047e-06,,
48,2957,,9.298710210714489e-07,,
48,2958,,3.044467860036093e-07,,
48,2959,,1.1266118917774293e-06,,
48,2960,,1.0862894441743265e-06,,
48,2961,,4.277343577996362e-06,,
48,2962,,6.458546977228252e-07,,
48,2963,,6.47511171791848e-07,,
48,2964,,0.00017604845925234258,,
48,2965,,1.0031898227680358e-06,,
48,2966,,1.3654679378305445e-06,,
48,2967,,1.1826731451947126e-06,,
48,2968,,4.1134063621939276e-07,,
48,2969,,8.373719424525916e-07,,
48,2970,,2.292087174282642e-06,,
48,2971,,5.575581667471852e-07,,
48,2972,,5.629959787256666e-07,,
48,2973,,2.5617482606321573e-06,,
48,2974,,2.56441726378398e-05,,
48,2975,,1.4437886193263694e-06,,
48,2976,,1.1627196272456786e-06,,
48,2977,,3.269446779086138e-06,,
48,2978,,1.0941439541056752e-06,,
48,2979,,2.406879957561614e-06,,
48,2980,,1.2833711480197962e-06,,
48,2981,,8.458936804345285e-07,,
48,2982,,1.4067647953197593e-06,,
48,2983,,9.367796565129538e-07,,
48,2984,,1.2006258884866838e-06,,
48,2985,,2.4290479814226273e-06,,
48,2986,,1.9233268631069222e-06,,
48,2987,,2.455267804180039e-06,,
48,2988,,8.480259339194163e-07,,
48,2988,,,8.470000267028809,4.278884716768516e-06
49,2989,,9.095183486351743e-07,,
49,2990,,1.459604959563876e-06,,
49,2991,,1.051172944244172e-06,,
49,2992,,3.187546326444135e-06,,
49,2993,,6.897205366840353e-07,,
49,2994,,9.770124052010942e-07,,
49,2995,,6.183803975545743e-07,,
49,2996,,9.772577413968975e-07,,
49,2997,,1.815820155570691e-06,,
49,2998,,1.7232728168892208e-06,,
49,2999,,1.6271741287710029e-06,,
49,3000,,5.140814209880773e-07,,
49,3001,,7.473861387552461e-07,,
49,3002,,7.116232723092253e-07,,
49,3003,,6.546416898345342e-06,,
49,3004,,1.0025697747551021e-06,,
49,3005,,3.328523689560825e-06,,
49,3006,,4.281887697743514e-07,,
49,3007,,4.637979031940631e-07,,
49,3008,,6.063131081646134e-07,,
49,3009,,4.922624725622882e-07,,
49,3010,,4.958488375450543e-07,,
49,3011,,7.290651637958945e-07,,
49,3012,,6.788905011489987e-07,,
49,3013,,5.4618317335553e-07,,
49,3014,,8.632011372355919e-07,,
49,3015,,7.509565307373123e-07,,
49,3016,,7.17340253686416e-06,,
49,3017,,7.18166461410874e-07,,
49,3018,,8.281308510049712e-07,,
49,3019,,6.540274171129568e-07,,
49,3020,,7.062138251967554e-07,,
49,3021,,4.2830112079172977e-07,,
49,3022,,1.2516539982243557e-06,,
49,3023,,1.6894418877200224e-06,,
49,3024,,6.034671855559282e-07,,
49,3025,,1.0957523954857606e-06,,
49,3026,,3.129521928713075e-06,,
49,3027,,4.372334387880983e-07,,
49,3028,,6.323953130049631e-07,,
49,3029,,1.2032000995532144e-06,,
49,3030,,3.912339252565289e-07,,
49,3031,,0.0001590032916283235,,
49,3032,,7.94419861449569e-07,,
49,3033,,1.1498074172777706e-06,,
49,3034,,9.000253271551628e-07,,
49,3035,,8.445637149634422e-07,,
49,3036,,6.520871238535619e-07,,
49,3037,,1.2966303302164306e-06,,
49,3038,,2.615302219055593e-05,,
49,3039,,1.1021573982361588e-06,,
49,3040,,3.795139775775169e-07,,
49,3041,,1.4700214023832814e-06,,
49,3042,,1.8399401824353845e-06,,
49,3043,,6.513536732200009e-07,,
49,3044,,6.858880965410208e-07,,
49,3045,,5.701761551790696e-07,,
49,3046,,3.9732179857310257e-07,,
49,3047,,5.737428523389099e-07,,
49,3048,,4.6605575221292384e-07,,
49,3049,,9.435985361960775e-07,,
49,3049,,,8.602768898010254,4.414081104187062e-06
50,3050,,5.021475999456015e-07,,
50,3051,,9.537786809232784e-07,,
50,3052,,5.642386327053828e-07,,
50,3053,,1.123113406720222e-06,,
50,3054,,2.0254469745850656e-06,,
50,3055,,2.8500789994723164e-06,,
50,3056,,9.785356951397262e-07,,
50,3057,,5.205934598961903e-07,,
50,3058,,4.269547559943021e-07,,
50,3059,,1.445834459445905e-05,,
50,3060,,1.6005652696549078e-06,,
50,3061,,1.6668666376062902e-06,,
50,3062,,6.470876314779161e-07,,
50,3063,,1.4320480659080204e-06,,
50,3064,,1.6200532400034717e-06,,
50,3065,,9.223626307175437e-07,,
50,3066,,8.046209245549107e-07,,
50,3067,,1.1640727279882412e-06,,
50,3068,,4.2251775766999344e-07,,
50,3069,,9.705019010652904e-07,,
50,3070,,4.1208397760783555e-07,,
50,3071,,1.2661384971579537e-06,,
50,3072,,4.736805010452372e-07,,
50,3073,,1.229676854563877e-06,,
50,3074,,6.142079200799344e-07,,
50,3075,,9.573269608154078e-07,,
50,3076,,4.196601253170229e-07,,
50,3077,,1.144820544141112e-06,,
50,3078,,9.241901466339186e-07,,
50,3079,,3.650999929050158e-07,,
50,3080,,1.1730330697901081e-06,,
50,3081,,1.8588499415272963e-06,,
50,3082,,1.1102602002210915e-06,,
50,3083,,7.423805641337822e-07,,
50,3084,,4.026380793220596e-06,,
50,3085,,4.970378881807846e-07,,
50,3086,,7.845401341910474e-07,,
50,3087,,1.6803768403406139e-06,,
50,3088,,6.344574785543955e-07,,
50,3089,,1.3580548738900688e-06,,
50,3090,,1.5929695109662134e-06,,
50,3091,,1.0941492973870481e-06,,
50,3092,,6.532320071528375e-07,,
50,3093,,7.4222853072569706e-06,,
50,3094,,1.6805258837848669e-06,,
50,3095,,7.219271083158674e-07,,
50,3096,,4.880424739894806e-07,,
50,3097,,3.445899778853345e-07,,
50,3098,,8.278500445157988e-07,,
50,3099,,2.3752288598188898e-06,,
50,3100,,0.00015873921802267432,,
50,3101,,7.259332051035017e-07,,
50,3102,,7.984224339452339e-07,,
50,3103,,1.675641556175833e-06,,
50,3104,,2.695594957913272e-06,,
50,3105,,9.279409027840302e-07,,
50,3106,,9.600836392564815e-07,,
50,3107,,7.771850505378097e-07,,
50,3108,,9.153430937658413e-07,,
50,3109,,1.0855139862542273e-06,,
50,3110,,4.983495728083653e-06,,
50,3110,,,10.123124122619629,6.112134542490821e-06
51,3111,,1.967752268683398e-06,,
51,3112,,5.944675649516284e-07,,
51,3113,,2.620855411805678e-06,,
51,3114,,1.6935240410020924e-06,,
51,3115,,1.2841419447795488e-06,,
51,3116,,1.505091745457321e-06,,
51,3117,,1.630248789297184e-06,,
51,3118,,1.0310159268556163e-06,,
51,3119,,1.442163011233788e-06,,
51,3120,,3.276255029049935e-06,,
51,3121,,2.112885340466164e-06,,
51,3122,,2.377366627115407e-06,,
51,3123,,1.1427824802012765e-06,,
51,3124,,1.5773819086462026e-06,,
51,3125,,1.0395649496786064e-06,,
51,3126,,1.71832198248012e-05,,
51,3127,,1.7279988924201461e-06,,
51,3128,,1.3679077710548881e-06,,
51,3129,,1.0049946013168665e-06,,
51,3130,,1.1648301097011426e-06,,
51,3131,,1.4432816897169687e-06,,
51,3132,,9.504254876446794e-07,,
51,3133,,5.439664505502151e-07,,
51,3134,,1.3264847211758024e-06,,
51,3135,,1.8093584230882698e-06,,
51,3136,,6.595498120987031e-07,,
51,3137,,1.4112923736320226e-06,,
51,3138,,4.962953426002059e-06,,
51,3139,,0.00010328047210350633,,
51,3140,,1.0447852218931075e-06,,
51,3141,,1.4262496961237048e-06,,
51,3142,,4.358376463642344e-05,,
51,3143,,2.9841454306733795e-05,,
51,3144,,3.5660646062751766e-06,,
51,3145,,2.292634462719434e-06,,
51,3146,,1.7727467138684005e-06,,
51,3147,,9.345012585981749e-07,,
51,3148,,2.1324588033166947e-06,,
51,3149,,1.243647943738324e-06,,
51,3150,,2.5147676296910504e-06,,
51,3151,,9.633250783736003e-07,,
51,3152,,4.337472546467325e-06,,
51,3153,,1.586870098435611e-06,,
51,3154,,1.41054204050306e-06,,
51,3155,,1.06097002117167e-06,,
51,3156,,1.7940132011062815e-06,,
51,3157,,1.6683068224665476e-06,,
51,3158,,2.0523957573459484e-06,,
51,3159,,9.303677188654547e-07,,
51,3160,,7.324736088776262e-07,,
51,3161,,2.7267146833764855e-06,,
51,3162,,2.4808950911392458e-06,,
51,3163,,1.1065236549256952e-06,,
51,3164,,8.656855925437412e-07,,
51,3165,,1.6432715028713574e-06,,
51,3166,,1.2857510682806605e-06,,
51,3167,,1.98017528418859e-06,,
51,3168,,1.0447535032653832e-06,,
51,3169,,8.42780366383522e-07,,
51,3170,,1.1491638360894285e-06,,
51,3171,,5.173079671294545e-07,,
51,3171,,,5.359975337982178,1.7135207599494606e-06
52,3172,,7.321256134673604e-07,,
52,3173,,1.6455057902931003e-06,,
52,3174,,6.249525767998421e-07,,
52,3175,,7.953433964758005e-07,,
52,3176,,1.2928604746775818e-06,,
52,3177,,1.1350970225976198e-06,,
52,3178,,6.952406579330273e-07,,
52,3179,,5.965925993223209e-07,,
52,3180,,4.93784966693056e-07,,
52,3181,,1.1952945442317287e-06,,
52,3182,,2.566414991633792e-07,,
52,3183,,4.0907278275881254e-07,,
52,3184,,0.0001397511805407703,,
52,3185,,1.64539403613162e-06,,
52,3186,,1.0580525895420578e-06,,
52,3187,,1.1896868272742722e-06,,
52,3188,,1.060889530890563e-06,,
52,3189,,2.7200210752198473e-05,,
52,3190,,6.186322025314439e-06,,
52,3191,,8.72317400535394e-07,,
52,3192,,6.084827873564791e-06,,
52,3193,,1.5492515785808791e-06,,
52,3194,,7.379713906630059e-07,,
52,3195,,1.7799759007175453e-05,,
52,3196,,1.101495286093268e-06,,
52,3197,,9.302399917032744e-07,,
52,3198,,1.9678934677358484e-06,,
52,3199,,1.9767737740039593e-06,,
52,3200,,6.012346602801699e-07,,
52,3201,,5.188870204619889e-07,,
52,3202,,4.602104127116036e-06,,
52,3203,,1.6884376918824273e-06,,
52,3204,,8.993361007014755e-07,,
52,3205,,1.3886109400118585e-06,,
52,3206,,7.969308626343263e-07,,
52,3207,,1.4639458640886005e-06,,
52,3208,,3.2874831390472536e-07,,
52,3209,,3.2845043733686907e-06,,
52,3210,,3.523005034367088e-07,,
52,3211,,1.2957214039488463e-06,,
52,3212,,1.7186105196742574e-06,,
52,3213,,5.080735832052596e-07,,
52,3214,,1.4680611002404476e-06,,
52,3215,,8.045370236686722e-07,,
52,3216,,7.615279287165322e-07,,
52,3217,,1.5999164588720305e-06,,
52,3218,,5.296565177559387e-07,,
52,3219,,4.826608233088336e-07,,
52,3220,,1.0233089824396302e-06,,
52,3221,,7.281773832801264e-07,,
52,3222,,3.005102826136863e-06,,
52,3223,,4.1616615931161505e-07,,
52,3224,,1.5575028555758763e-06,,
52,3225,,7.640735475433758e-07,,
52,3226,,9.307065056418651e-07,,
52,3227,,5.431301701719349e-07,,
52,3228,,8.715699664207932e-07,,
52,3229,,9.59305111791764e-07,,
52,3230,,6.603096949220344e-07,,
52,3231,,6.381569619406946e-07,,
52,3232,,4.357505929419858e-07,,
52,3232,,,6.0428242683410645,2.177928763558157e-06
53,3233,,9.761621413417743e-07,,
53,3234,,6.547547286572808e-07,,
53,3235,,6.657107860519318e-07,,
53,3236,,5.245388479124813e-07,,
53,3237,,8.678390486238641e-07,,
53,3238,,5.900356541133078e-07,,
53,3239,,6.488982080554706e-07,,
53,3240,,3.6404520642463467e-07,,
53,3241,,6.645448706876778e-07,,
53,3242,,1.8912321593234083e-06,,
53,3243,,5.557886879614671e-07,,
53,3244,,1.2890303651147406e-06,,
53,3245,,1.0694694765334134e-06,,
53,3246,,7.511370085921953e-07,,
53,3247,,6.420823979169654e-07,,
53,3248,,1.2034246310577146e-06,,
53,3249,,9.486750514042797e-07,,
53,3250,,5.265504796625464e-07,,
53,3251,,2.1770683815702796e-06,,
53,3252,,3.909319275408052e-06,,
53,3253,,7.262481176439906e-07,,
53,3254,,7.226796014947467e-07,,
53,3255,,6.032227020114078e-07,,
53,3256,,3.932510026061209e-06,,
53,3257,,1.0895230388996424e-06,,
53,3258,,8.157269348885166e-07,,
53,3259,,6.316030862763e-07,,
53,3260,,1.0864596333703957e-06,,
53,3261,,1.0230961606794153e-06,,
53,3262,,8.044203809731698e-07,,
53,3263,,8.176398864634393e-07,,
53,3264,,5.439246706373524e-07,,
53,3265,,1.3321766800800106e-06,,
53,3266,,6.92282867476024e-07,,
53,3267,,2.1308596842573024e-06,,
53,3268,,1.5122989225346828e-06,,
53,3269,,6.053063543731696e-07,,
53,3270,,9.217368983627239e-07,,
53,3271,,1.1186217534486786e-06,,
53,3272,,1.1773453252317267e-06,,
53,3273,,2.7884459541382967e-06,,
53,3274,,4.616962598902319e-07,,
53,3275,,1.045754515871522e-06,,
53,3276,,7.80795460286754e-07,,
53,3277,,9.520039156996063e-07,,
53,3278,,1.6132438531712978e-06,,
53,3279,,9.62750959843106e-07,,
53,3280,,7.501269578824576e-07,,
53,3281,,5.027732186135836e-07,,
53,3282,,6.101680583014968e-07,,
53,3283,,7.688417440476769e-07,,
53,3284,,3.773909838855616e-06,,
53,3285,,2.03575768864539e-06,,
53,3286,,8.834405775814957e-07,,
53,3287,,4.3657027504195867e-07,,
53,3288,,5.438009225144924e-07,,
53,3289,,0.0001656802778597921,,
53,3290,,1.0814138704517973e-06,,
53,3291,,2.7204423531657085e-06,,
53,3292,,1.2444808135114727e-06,,
53,3293,,9.371649980494112e-07,,
53,3293,,,7.523734092712402,3.3762191833375255e-06
54,3294,,1.1351404509696295e-06,,
54,3295,,1.483194751017436e-06,,
54,3296,,6.749638714609318e-07,,
54,3297,,6.790256747990497e-07,,
54,3298,,2.632606447150465e-05,,
54,3299,,1.3773680620943196e-05,,
54,3300,,5.87242652727582e-07,,
54,3301,,9.767235269464436e-07,,
54,3302,,3.0444075491686817e-06,,
54,3303,,1.4259835552365985e-06,,
54,3304,,6.800412961638358e-07,,
54,3305,,1.7103460550060845e-06,,
54,3306,,1.5861604651945527e-06,,
54,3307,,2.400215635134373e-06,,
54,3308,,2.1050568648206536e-06,,
54,3309,,1.2964724191988353e-06,,
54,3310,,2.0631034658435965e-06,,
54,3311,,2.132762574547087e-06,,
54,3312,,1.8519723425924894e-06,,
54,3313,,8.92861010015622e-07,,
54,3314,,1.091443436962436e-06,,
54,3315,,1.5054317827889463e-06,,
54,3316,,1.6853512079251232e-06,,
54,3317,,1.0773254643936525e-06,,
54,3318,,2.0503750874922844e-06,,
54,3319,,9.45026840781793e-07,,
54,3320,,5.578483524004696e-07,,
54,3321,,1.7482828980064369e-06,,
54,3322,,7.077904911056976e-07,,
54,3323,,9.489351100455679e-07,,
54,3324,,1.1570467677302076e-06,,
54,3325,,1.3980142057334888e-06,,
54,3326,,1.929090103658382e-06,,
54,3327,,6.20994171640632e-07,,
54,3328,,5.736805178457871e-06,,
54,3329,,3.9270162233151495e-07,,
54,3330,,7.513991704399814e-07,,
54,3331,,9.26009761315072e-07,,
54,3332,,1.5979408090061042e-06,,
54,3333,,4.992592721464462e-07,,
54,3334,,8.573888976570743e-07,,
54,3335,,1.3453011433739448e-06,,
54,3336,,8.72677560437296e-07,,
54,3337,,4.4517156538859126e-07,,
54,3338,,3.5896168810722884e-06,,
54,3339,,4.809493816537724e-07,,
54,3340,,0.00014482277038041502,,
54,3341,,1.4123456821835134e-06,,
54,3342,,7.51684808619757e-07,,
54,3343,,7.196535989351105e-07,,
54,3344,,1.1101533345936332e-06,,
54,3345,,2.6104962671524845e-06,,
54,3346,,7.152417538236477e-07,,
54,3347,,9.18857779197424e-07,,
54,3348,,1.0950598152703606e-06,,
54,3349,,8.812316423245647e-07,,
54,3350,,1.2457085176720284e-06,,
54,3351,,2.8009433208353585e-06,,
54,3352,,1.5059148381624254e-06,,
54,3353,,1.394974106005975e-06,,
54,3354,,6.345325687107106e-07,,
54,3354,,,6.631319046020508,2.6227905891573755e-06
55,3355,,1.396218067384325e-06,,
55,3356,,1.389868089063384e-06,,
55,3357,,4.4037815882802533e-07,,
55,3358,,9.672057785792276e-07,,
55,3359,,6.33083459433692e-07,,
55,3360,,4.4446034053180483e-07,,
55,3361,,1.7222649830728187e-06,,
55,3362,,3.6905944966747484e-07,,
55,3363,,3.075271160923876e-05,,
55,3364,,6.312591267487733e-07,,
55,3365,,2.663899294930161e-06,,
55,3366,,1.319743319072586e-06,,
55,3367,,1.934997271746397e-06,,
55,3368,,1.4576885405404028e-06,,
55,3369,,3.556778210622724e-06,,
55,3370,,1.0839041806320893e-06,,
55,3371,,1.7432835193176288e-06,,
55,3372,,2.157288236048771e-06,,
55,3373,,3.986350748164114e-06,,
55,3374,,1.355145059278584e-06,,
55,3375,,1.3535351399696083e-06,,
55,3376,,7.977397444847156e-07,,
55,3377,,1.1990920256721438e-06,,
55,3378,,1.6353234286725638e-06,,
55,3379,,4.7033333316903736e-07,,
55,3380,,1.2042935395584209e-06,,
55,3381,,5.150570245859853e-07,,
55,3382,,2.2290958440862596e-05,,
55,3383,,1.813661810956546e-06,,
55,3384,,1.1362543546056258e-06,,
55,3385,,2.3495479126722785e-06,,
55,3386,,1.4716912346557365e-06,,
55,3387,,7.179813223956444e-07,,
55,3388,,1.5964244539645733e-06,,
55,3389,,3.3144433473353274e-06,,
55,3390,,6.175503131089499e-07,,
55,3391,,5.609766731140553e-07,,
55,3392,,6.307654416559672e-07,,
55,3393,,1.2856868352173478e-06,,
55,3394,,6.052713956705702e-07,,
55,3395,,4.140529199503362e-06,,
55,3396,,9.999032499763416e-07,,
55,3397,,8.894103302736767e-07,,
55,3398,,3.85955758019918e-07,,
55,3399,,5.574880788117298e-07,,
55,3400,,1.1052510444642394e-06,,
55,3401,,8.138142106872692e-07,,
55,3402,,8.952623602453968e-07,,
55,3403,,1.1080435342591954e-06,,
55,3404,,4.2003495082099107e-07,,
55,3405,,2.027904429269256e-06,,
55,3406,,1.4045738225831883e-06,,
55,3407,,0.00015974823327269405,,
55,3408,,1.1036929663532646e-06,,
55,3409,,9.908159199767397e-07,,
55,3410,,2.507657427486265e-06,,
55,3411,,3.4909514852188295e-06,,
55,3412,,1.0481633125891676e-06,,
55,3413,,8.934776474234241e-07,,
55,3414,,2.7577127639233368e-06,,
55,3415,,2.3123750452214153e-06,,
55,3415,,,8.520371437072754,4.32992919741082e-06
56,3416,,1.7929529576576897e-06,,
56,3417,,2.7122046958538704e-05,,
56,3418,,7.612264312228945e-07,,
56,3419,,4.554087809083285e-07,,
56,3420,,7.001325457167695e-07,,
56,3421,,2.348997668377706e-06,,
56,3422,,1.2027744560327847e-06,,
56,3423,,5.052673373029393e-07,,
56,3424,,9.337944106846408e-07,,
56,3425,,7.979026577231707e-07,,
56,3426,,6.206399234542914e-07,,
56,3427,,1.8909106529463315e-06,,
56,3428,,9.593411505193217e-07,,
56,3429,,4.956430075253593e-07,,
56,3430,,8.172356729119201e-07,,
56,3431,,1.6586223864578642e-05,,
56,3432,,1.9899550807167543e-06,,
56,3433,,7.466724696314486e-07,,
56,3434,,1.3671658507519169e-06,,
56,3435,,1.1789668405981502e-06,,
56,3436,,5.652657364407787e-07,,
56,3437,,0.00010733808449003845,,
56,3438,,2.554654884079355e-06,,
56,3439,,1.1795375485235127e-06,,
56,3440,,3.782938620133791e-06,,
56,3441,,8.595706617597898e-07,,
56,3442,,2.510836793589988e-06,,
56,3443,,1.5099450365596567e-06,,
56,3444,,5.658693567056616e-07,,
56,3445,,1.2367477211228106e-06,,
56,3446,,7.136027875276341e-07,,
56,3447,,1.6463736756122671e-06,,
56,3448,,5.7050615396292415e-06,,
56,3449,,1.0023543381976197e-06,,
56,3450,,6.57017892535805e-07,,
56,3451,,7.635394467797596e-07,,
56,3452,,2.553992430875951e-07,,
56,3453,,3.0820368124295783e-07,,
56,3454,,5.609920776805666e-07,,
56,3455,,9.480606308898132e-07,,
56,3456,,2.9797968181810575e-06,,
56,3457,,2.9800989409523027e-07,,
56,3458,,6.169992730065132e-07,,
56,3459,,1.3923913684266154e-06,,
56,3460,,2.8996262244618265e-06,,
56,3461,,6.338669891192694e-07,,
56,3462,,5.914773737458745e-07,,
56,3463,,6.012306812408497e-07,,
56,3464,,1.052887341757014e-06,,
56,3465,,8.648988796267076e-07,,
56,3466,,3.166704516388563e-07,,
56,3467,,4.0013637203628605e-07,,
56,3468,,9.290119464822055e-07,,
56,3469,,2.609137709441711e-06,,
56,3470,,7.543496849393705e-07,,
56,3471,,1.007523451335146e-06,,
56,3472,,4.808684934687335e-07,,
56,3473,,1.8616585293784738e-05,,
56,3474,,7.469793672498781e-07,,
56,3475,,1.1314209586998913e-06,,
56,3476,,5.779718890153163e-07,,
56,3476,,,10.665955543518066,6.785211098758737e-06
57,3477,,7.868227953622409e-07,,
57,3478,,6.118943929322995e-07,,
57,3479,,8.87989017428481e-07,,
57,3480,,1.672087023507629e-06,,
57,3481,,8.985443855635822e-07,,
57,3482,,1.726455707284913e-06,,
57,3483,,8.65876813804789e-07,,
57,3484,,6.784269430681888e-07,,
57,3485,,7.67037477089616e-07,,
57,3486,,8.009186558410875e-07,,
57,3487,,5.634345257021778e-07,,
57,3488,,7.314042704820167e-07,,
57,3489,,1.0223116078122985e-06,,
57,3490,,6.64284243612201e-07,,
57,3491,,8.699898330633005e-07,,
57,3492,,5.12395331497828e-07,,
57,3493,,5.963621561022592e-07,,
57,3494,,8.74315617238608e-07,,
57,3495,,9.45786837291962e-07,,
57,3496,,1.428059385943925e-05,,
57,3497,,9.115694297179289e-07,,
57,3498,,4.590941671267501e-07,,
57,3499,,0.00011508366878842935,,
57,3500,,1.1871034075738862e-06,,
57,3501,,7.217230404421571e-07,,
57,3502,,1.1711697425198508e-06,,
57,3503,,1.8304349396203179e-06,,
57,3504,,7.454230512848881e-07,,
57,3505,,1.1356117965988233e-06,,
57,3506,,5.896997663512593e-07,,
57,3507,,6.563514602930809e-07,,
57,3508,,5.842211407980358e-07,,
57,3509,,1.91341473509965e-06,,
57,3510,,4.377889490569942e-05,,
57,3511,,5.554272206609312e-07,,
57,3512,,1.1461413578217616e-06,,
57,3513,,2.2438184714701492e-06,,
57,3514,,6.605159228456614e-07,,
57,3515,,4.703750846601906e-07,,
57,3516,,8.412899887844105e-07,,
57,3517,,4.404937499202788e-07,,
57,3518,,1.1103932138212258e-06,,
57,3519,,1.9544140741345473e-06,,
57,3520,,7.992181849658664e-07,,
57,3521,,6.789646818106121e-07,,
57,3522,,9.116893693317252e-07,,
57,3523,,2.5019680833793245e-06,,
57,3524,,6.975999440328451e-07,,
57,3525,,2.8771836468877154e-07,,
57,3526,,2.335951421628124e-06,,
57,3527,,5.065667778580973e-07,,
57,3528,,2.214553205703851e-06,,
57,3529,,2.2858571355754975e-06,,
57,3530,,6.586789140783367e-07,,
57,3531,,1.708048671389406e-06,,
57,3532,,6.534906447086541e-07,,
57,3533,,4.7306482997555577e-07,,
57,3534,,6.52526921385288e-07,,
57,3535,,5.252607024885947e-06,,
57,3536,,1.1154904768773122e-06,,
57,3537,,3.7178489264988457e-07,,
57,3537,,,6.230461120605469,2.3152833819040097e-06
58,3538,,8.169542411451403e-07,,
58,3539,,6.667067964372109e-07,,
58,3540,,4.083895817075245e-07,,
58,3541,,6.829478138570266e-07,,
58,3542,,5.029457383898261e-07,,
58,3543,,2.885883532144362e-07,,
58,3544,,1.2399889328662539e-06,,
58,3545,,3.2477146305609494e-06,,
58,3546,,4.857362227994599e-07,,
58,3547,,3.348682184878271e-07,,
58,3548,,6.367735068124603e-07,,
58,3549,,1.075130626304599e-06,,
58,3550,,2.6068025249514903e-07,,
58,3551,,3.1444366754840303e-07,,
58,3552,,1.1197813591934391e-06,,
58,3553,,3.103589278907748e-06,,
58,3554,,4.5763246703245386e-07,,
58,3555,,4.674274691751634e-07,,
58,3556,,4.0440596649204963e-07,,
58,3557,,2.982001490181574e-07,,
58,3558,,2.443546463837265e-06,,
58,3559,,0.0001255102688446641,,
58,3560,,8.222884844144573e-07,,
58,3561,,1.1424165222706506e-06,,
58,3562,,1.330878262706392e-06,,
58,3563,,7.663703058824467e-07,,
58,3564,,4.242983209223894e-07,,
58,3565,,1.609220362297492e-06,,
58,3566,,1.1902126288987347e-06,,
58,3567,,4.582972906064242e-05,,
58,3568,,1.0715510825320962e-06,,
58,3569,,1.5612426977895666e-06,,
58,3570,,1.3455116913974052e-06,,
58,3571,,1.2876973869424546e-06,,
58,3572,,1.186976874123502e-06,,
58,3573,,6.737541298207361e-07,,
58,3574,,7.052786372696573e-07,,
58,3575,,1.8658327007869957e-06,,
58,3576,,1.745903500705026e-05,,
58,3577,,6.678499175905017e-07,,
58,3578,,1.3875218201064854e-06,,
58,3579,,1.344875954600866e-06,,
58,3580,,1.0323321930627571e-06,,
58,3581,,1.8512248516344698e-06,,
58,3582,,8.697612088326423e-07,,
58,3583,,7.430896289406519e-07,,
58,3584,,1.2076014854756068e-06,,
58,3585,,3.1591105198458536e-07,,
58,3586,,1.2516211427282542e-06,,
58,3587,,5.661290742864367e-07,,
58,3588,,1.5357458096332266e-06,,
58,3589,,8.90861599600612e-07,,
58,3590,,4.2824621004911023e-07,,
58,3591,,1.1914967217308003e-06,,
58,3592,,1.897935476335988e-06,,
58,3593,,4.1555310303920123e-07,,
58,3594,,7.469465344911441e-06,,
58,3595,,5.582570565820788e-07,,
58,3596,,9.148802178060578e-07,,
58,3597,,4.56384810831878e-07,,
58,3598,,8.994747986434959e-07,,
58,3598,,,6.714838981628418,2.689273742362275e-06
59,3599,,4.1175866272169515e-07,,
59,3600,,6.343509539874503e-07,,
59,3601,,1.530156964690832e-06,,
59,3602,,1.719170995784225e-06,,
59,3603,,7.671319508517627e-07,,
59,3604,,6.800639198445424e-07,,
59,3605,,4.46374968987584e-07,,
59,3606,,1.3577242725659744e-06,,
59,3607,,1.1191989415237913e-06,,
59,3608,,8.89313810148451e-07,,
59,3609,,2.3368431811832124e-06,,
59,3610,,1.0689221880966215e-06,,
59,3611,,6.713726179441437e-07,,
59,3612,,1.1663091754599009e-06,,
59,3613,,7.853325882933859e-07,,
59,3614,,6.023604441907082e-07,,
59,3615,,5.362979322853789e-07,,
59,3616,,9.008958272715972e-07,,
59,3617,,5.898373842683213e-07,,
59,3618,,1.0872817028939608e-06,,
59,3619,,0.00014307248056866229,,
59,3620,,1.2905999255963252e-06,,
59,3621,,1.1099374432887998e-06,,
59,3622,,1.1891620488313492e-06,,
59,3623,,1.9253877781011397e-06,,
59,3624,,1.414840653524152e-06,,
59,3625,,1.3024572353970143e-06,,
59,3626,,1.6658708545946865e-06,,
59,3627,,7.933899723866489e-07,,
59,3628,,2.4578494048910215e-06,,
59,3629,,9.859543297352502e-07,,
59,3630,,1.825309709602152e-06,,
59,3631,,4.045820242026821e-05,,
59,3632,,7.680141607124824e-07,,
59,3633,,1.6053922990977298e-06,,
59,3634,,1.5301482108043274e-06,,
59,3635,,1.0154740266443696e-06,,
59,3636,,1.2022427426927607e-06,,
59,3637,,2.183354354201583e-06,,
59,3638,,1.1078135457864846e-06,,
59,3639,,1.53281712300668e-06,,
59,3640,,2.3104062165657524e-06,,
59,3641,,1.0823489901667926e-05,,
59,3642,,1.1008727369699045e-06,,
59,3643,,1.6138022829181864e-06,,
59,3644,,2.019822659349302e-06,,
59,3645,,5.648386149914586e-07,,
59,3646,,9.56365965976147e-07,,
59,3647,,1.746740599628538e-05,,
59,3648,,6.922305146872532e-07,,
59,3649,,4.2111881271011953e-07,,
59,3650,,2.5288763936259784e-06,,
59,3651,,8.558881745557301e-07,,
59,3652,,8.392561881009897e-07,,
59,3653,,6.734288149345957e-07,,
59,3654,,7.008893589954823e-07,,
59,3655,,6.886544952067197e-07,,
59,3656,,4.836261950913467e-07,,
59,3657,,7.887790616223356e-07,,
59,3658,,6.247203145903768e-07,,
59,3659,,5.815941221953835e-07,,
59,3659,,,6.772016525268555,2.7352671168046072e-06
60,3660,,1.2247207905602409e-06,,
60,3661,,6.654474873357685e-07,,
60,3662,,7.223290481306321e-07,,
60,3663,,9.214453484673868e-07,,
60,3664,,7.175139558057708e-07,,
60,3665,,5.888785494789772e-07,,
60,3666,,1.4458074701906298e-06,,
60,3667,,4.502486206092726e-07,,
60,3668,,4.985157602277468e-07,,
60,3669,,6.50424965442653e-07,,
60,3670,,2.9967924319862504e-07,,
60,3671,,8.827098554320401e-07,,
60,3672,,8.574801313443459e-07,,
60,3673,,1.3337902373677935e-06,,
60,3674,,6.952753324185323e-07,,
60,3675,,4.0231344655694556e-07,,
60,3676,,8.455955935460224e-07,,
60,3677,,1.6803642211016268e-06,,
60,3678,,1.072542318070191e-06,,
60,3679,,1.533918521090527e-06,,
60,3680,,9.764536343936925e-07,,
60,3681,,6.691233807032404e-07,,
60,3682,,6.696791388094425e-07,,
60,3683,,4.3510655700629286e-07,,
60,3684,,0.00015995481226127595,,
60,3685,,1.3063139476798824e-06,,
60,3686,,1.4250663298298605e-06,,
60,3687,,8.681872145643865e-07,,
60,3688,,1.3362846402742434e-06,,
60,3689,,3.361127710377332e-06,,
60,3690,,2.321132114957436e-06,,
60,3691,,1.7692092342258547e-06,,
60,3692,,1.9768631318584085e-06,,
60,3693,,5.311701443133643e-07,,
60,3694,,7.950887379593041e-07,,
60,3695,,5.569086169998627e-07,,
60,3696,,3.1432955438503996e-05,,
60,3697,,1.5152736523305066e-06,,
60,3698,,6.609582214878174e-07,,
60,3699,,1.4710395817019162e-06,,
60,3700,,2.378659246460302e-06,,
60,3701,,2.3644113298360026e-06,,
60,3702,,1.6659677157804254e-06,,
60,3703,,1.284317477256991e-06,,
60,3704,,1.4612638778999099e-06,,
60,3705,,1.3686425518244505e-05,,
60,3706,,1.3629667137138313e-06,,
60,3707,,2.2001750039635226e-06,,
60,3708,,3.307426368337474e-06,,
60,3709,,1.296234017900133e-06,,
60,3710,,1.3753143548456137e-06,,
60,3711,,1.4335178093460854e-06,,
60,3712,,9.484787142355344e-07,,
60,3713,,1.0650002195689012e-06,,
60,3714,,6.339579385894467e-07,,
60,3715,,1.762876763677923e-06,,
60,3716,,1.174297040051897e-06,,
60,3717,,9.185245630760619e-07,,
60,3718,,4.14066153098247e-06,,
60,3719,,1.2391891459628823e-06,,
60,3720,,1.7417091839888599e-06,,
60,3720,,,8.396631240844727,4.205076493235538e-06
61,3721,,1.566871219438326e-06,,
61,3722,,8.398787372243532e-07,,
61,3723,,1.3734286312683253e-06,,
61,3724,,1.716146471153479e-06,,
61,3725,,1.125952849179157e-06,,
61,3726,,6.935264991625445e-06,,
61,3727,,1.2621552514247014e-06,,
61,3728,,1.401951294610626e-06,,
61,3729,,1.0557224641161156e-06,,
61,3730,,1.7917747072715429e-06,,
61,3731,,1.2352865041975747e-06,,
61,3732,,5.421620130618976e-07,,
61,3733,,1.2398298849802813e-06,,
61,3734,,2.132000417987001e-06,,
61,3735,,1.3360721595745417e-06,,
61,3736,,6.892677220093901e-07,,
61,3737,,8.820679795462638e-07,,
61,3738,,8.899471595213981e-07,,
61,3739,,1.1786714821937494e-06,,
61,3740,,6.872650146760861e-07,,
61,3741,,7.75344346948259e-07,,
61,3742,,5.77881337449071e-07,,
61,3743,,1.8789577325151186e-06,,
61,3744,,4.726218776340829e-07,,
61,3745,,7.764064662296732e-07,,
61,3746,,3.564120163446205e-07,,
61,3747,,1.5001791098256945e-06,,
61,3748,,1.950037585629616e-06,,
61,3749,,5.199461838856223e-07,,
61,3750,,1.5344136272688047e-06,,
61,3751,,6.179045044518716e-07,,
61,3752,,2.3336770027526654e-06,,
61,3753,,6.726189099026669e-07,,
61,3754,,1.1390567351554637e-06,,
61,3755,,6.325286676656106e-07,,
61,3756,,3.4154555805798736e-07,,
61,3757,,8.148181791511888e-07,,
61,3758,,4.460665081751358e-07,,
61,3759,,1.190843818221765e-06,,
61,3760,,8.089970719993289e-07,,
61,3761,,2.727289540871425e-07,,
61,3762,,5.803827320960409e-07,,
61,3763,,3.909401300461468e-07,,
61,3764,,3.8826252080070844e-07,,
61,3765,,1.0582973573036725e-06,,
61,3766,,0.00014728735550306737,,
61,3767,,2.553429339968716e-06,,
61,3768,,1.352034018964332e-06,,
61,3769,,1.130244186242635e-06,,
61,3770,,8.639357247375301e-07,,
61,3771,,3.058468337258091e-06,,
61,3772,,1.319150783274381e-06,,
61,3773,,2.5312665457022376e-06,,
61,3774,,1.3909434528613929e-06,,
61,3775,,1.0197677511314396e-06,,
61,3776,,2.9164641546230996e-06,,
61,3777,,8.80086020060844e-07,,
61,3778,,6.423139211619855e-07,,
61,3779,,3.431307777645998e-05,,
61,3780,,1.942259132192703e-06,,
61,3781,,7.712278033977782e-07,,
61,3781,,,8.209598541259766,4.019828793389024e-06
62,3782,,1.2893276561953826e-06,,
62,3783,,2.0709987893496873e-06,,
62,3784,,3.349283360876143e-06,,
62,3785,,1.847260250542604e-06,,
62,3786,,1.0394212495157262e-06,,
62,3787,,7.184269747995131e-07,,
62,3788,,1.3363268180910381e-06,,
62,3789,,1.389752833347302e-05,,
62,3790,,1.3659335991178523e-06,,
62,3791,,1.6718894357836689e-06,,
62,3792,,7.905756547188503e-07,,
62,3793,,3.3685171274555614e-07,,
62,3794,,7.663807650715171e-07,,
62,3795,,8.765961183598847e-07,,
62,3796,,8.694071311765583e-07,,
62,3797,,0.00010777913848869503,,
62,3798,,1.3632128457174986e-06,,
62,3799,,9.067061910172924e-07,,
62,3800,,2.2727472241967916e-06,,
62,3801,,2.9277102839841973e-06,,
62,3802,,3.81657991965767e-06,,
62,3803,,1.1526240086823236e-06,,
62,3804,,3.0942305784265045e-06,,
62,3805,,5.899919983676227e-07,,
62,3806,,1.0048210015156656e-06,,
62,3807,,1.2657555998885073e-06,,
62,3808,,8.607091785961529e-07,,
62,3809,,1.3536637197830714e-06,,
62,3810,,1.3794798405797337e-06,,
62,3811,,9.216735179506941e-07,,
62,3812,,1.2146373364885221e-06,,
62,3813,,2.149648707927554e-06,,
62,3814,,1.5063786804603296e-06,,
62,3815,,9.986003988160519e-07,,
62,3816,,9.622643801776576e-07,,
62,3817,,7.38533685762377e-07,,
62,3818,,2.258836684632115e-05,,
62,3819,,7.44656119877618e-07,,
62,3820,,1.166162064691889e-06,,
62,3821,,1.4007157460582675e-06,,
62,3822,,5.152336939318047e-07,,
62,3823,,6.20414652985346e-07,,
62,3824,,7.104594601514691e-07,,
62,3825,,1.0900905635935487e-06,,
62,3826,,6.477197302956483e-07,,
62,3827,,6.209198772921809e-07,,
62,3828,,5.669788833984057e-07,,
62,3829,,1.1683629281833419e-06,,
62,3830,,3.4954044281221286e-07,,
62,3831,,7.316994583561609e-07,,
62,3832,,3.1643835995964764e-07,,
62,3833,,1.5465360547750606e-06,,
62,3834,,1.7576144273334648e-06,,
62,3835,,7.606834060425172e-07,,
62,3836,,2.101145037158858e-05,,
62,3837,,9.615988574296352e-07,,
62,3838,,1.0259605005558114e-06,,
62,3839,,6.920490136508306e-07,,
62,3840,,1.8222111748400494e-06,,
62,3841,,3.525411784721655e-06,,
62,3842,,1.22786241263384e-06,,
62,3842,,,13.521035194396973,1.0903945621976163e-05
63,3843,,1.1474633083707886e-06,,
63,3844,,2.9251430078147678e-06,,
63,3845,,6.992499947955366e-06,,
63,3846,,1.3993367247167043e-06,,
63,3847,,5.124528570377151e-07,,
63,3848,,9.124721032094385e-07,,
63,3849,,2.0573595520545496e-06,,
63,3850,,3.840561362267181e-07,,
63,3851,,1.2513355613918975e-06,,
63,3852,,9.368489486405451e-07,,
63,3853,,6.942939307919005e-07,,
63,3854,,1.05382412129984e-06,,
63,3855,,8.791875529823301e-07,,
63,3856,,7.279901410583989e-07,,
63,3857,,1.0668400136637501e-06,,
63,3858,,3.979265272846533e-07,,
63,3859,,1.0679732440621592e-06,,
63,3860,,4.7086700760701206e-07,,
63,3861,,8.237178121817124e-07,,
63,3862,,1.5027932249722653e-06,,
63,3863,,6.734218231940758e-07,,
63,3864,,1.5297696336347144e-06,,
63,3865,,7.351541739808454e-07,,
63,3866,,6.844123845439753e-07,,
63,3867,,7.867735689615074e-07,,
63,3868,,4.135586664233415e-07,,
63,3869,,6.243149073270615e-07,,
63,3870,,1.6661527979522361e-06,,
63,3871,,4.433928779690177e-07,,
63,3872,,8.967747362476075e-07,,
63,3873,,4.548813876681379e-07,,
63,3874,,1.1052452464355156e-06,,
63,3875,,1.0372004908276722e-06,,
63,3876,,1.4091835964791244e-06,,
63,3877,,5.111266432322736e-07,,
63,3878,,3.030664572634123e-07,,
63,3879,,4.260465971128724e-07,,
63,3880,,2.1682881197193637e-06,,
63,3881,,1.3337619293452008e-06,,
63,3882,,1.2790831078746123e-06,,
63,3883,,3.141093429803732e-07,,
63,3884,,9.660061550675891e-07,,
63,3885,,1.5276403928510263e-06,,
63,3886,,1.0665303307177965e-06,,
63,3887,,2.5698627723613754e-06,,
63,3888,,1.4185000054567354e-06,,
63,3889,,3.477906034277112e-07,,
63,3890,,1.1057713891204912e-06,,
63,3891,,1.589155772308004e-06,,
63,3892,,0.00016924922238104045,,
63,3893,,6.475302143371664e-07,,
63,3894,,1.515097096671525e-06,,
63,3895,,8.141208240886044e-07,,
63,3896,,1.8974552631334518e-06,,
63,3897,,2.1466614725795807e-06,,
63,3898,,1.2574936363307643e-06,,
63,3899,,1.3809083156957058e-06,,
63,3900,,2.1355247099563712e-06,,
63,3901,,6.080974230826541e-07,,
63,3902,,7.814326750121836e-07,,
63,3903,,8.395797522098292e-06,,
63,3903,,,11.94851303100586,8.515134140907321e-06
64,3904,,1.3964529443910578e-06,,
64,3905,,8.439311045549402e-07,,
64,3906,,7.071398613334168e-07,,
64,3907,,6.921796966707916e-07,,
64,3908,,1.014850681713142e-06,,
64,3909,,6.151181537461525e-07,,
64,3910,,1.9433452962402953e-06,,
64,3911,,2.1413823105831398e-06,,
64,3912,,1.6494649344167556e-06,,
64,3913,,8.845710794957995e-07,,
64,3914,,1.345523628515366e-06,,
64,3915,,4.371128306956962e-05,,
64,3916,,6.353549451887375e-06,,
64,3917,,1.2129468132116017e-06,,
64,3918,,1.2934146980114747e-06,,
64,3919,,9.535283425066154e-07,,
64,3920,,1.914013864734443e-06,,
64,3921,,8.684293106853147e-07,,
64,3922,,6.888624284329126e-07,,
64,3923,,1.1795319778684643e-06,,
64,3924,,6.271303050198185e-07,,
64,3925,,1.3052779195277253e-06,,
64,3926,,8.963197046796267e-07,,
64,3927,,1.0789160569402156e-06,,
64,3928,,3.7033591979707126e-06,,
64,3929,,7.053689046188083e-07,,
64,3930,,9.592125024937559e-06,,
64,3931,,2.56465767733971e-07,,
64,3932,,1.2486963214541902e-06,,
64,3933,,1.7263141671719495e-06,,
64,3934,,2.146118276868947e-06,,
64,3935,,6.917264840922144e-07,,
64,3936,,1.3292514040585957e-06,,
64,3937,,6.045981422175828e-07,,
64,3938,,1.914367885547108e-06,,
64,3939,,9.640381222197902e-07,,
64,3940,,7.062999998197483e-07,,
64,3941,,4.7222357579812524e-07,,
64,3942,,1.1628171705524437e-06,,
64,3943,,7.537125929957256e-05,,
64,3944,,4.831563273910433e-07,,
64,3945,,1.6232428379225894e-06,,
64,3946,,4.133727998123504e-06,,
64,3947,,7.516188702538784e-07,,
64,3948,,6.104910426074639e-07,,
64,3949,,1.0160548526982893e-06,,
64,3950,,1.815440327845863e-06,,
64,3951,,7.042809215818124e-07,,
64,3952,,1.2467057786125224e-05,,
64,3953,,2.4441110326733906e-06,,
64,3954,,1.1914904689547257e-06,,
64,3955,,1.236356752087886e-06,,
64,3956,,4.339958650234621e-06,,
64,3957,,1.2460033076422405e-06,,
64,3958,,1.9889728264388395e-06,,
64,3959,,2.5740509954630397e-06,,
64,3960,,1.3829392173647648e-06,,
64,3961,,6.176506417432392e-07,,
64,3962,,3.335481778776739e-06,,
64,3963,,1.164247237284144e-06,,
64,3964,,9.450880043004872e-07,,
64,3964,,,7.171633243560791,3.0676085316372337e-06
65,3965,,1.1681662499540835e-06,,
65,3966,,3.6363135222927667e-06,,
65,3967,,8.135185112223553e-07,,
65,3968,,1.7493456425654585e-06,,
65,3969,,1.0007520359067712e-06,,
65,3970,,2.3496043013437884e-06,,
65,3971,,1.0495457445358625e-06,,
65,3972,,8.191475444618845e-07,,
65,3973,,9.141298278336762e-07,,
65,3974,,7.24746314517688e-07,,
65,3975,,7.332224072342797e-07,,
65,3976,,5.55125097889686e-07,,
65,3977,,1.3660169315699022e-06,,
65,3978,,1.16770536351396e-06,,
65,3979,,5.411341135186376e-07,,
65,3980,,7.660697178835107e-07,,
65,3981,,8.688463708494965e-07,,
65,3982,,1.8493434481570148e-06,,
65,3983,,6.966518526496657e-07,,
65,3984,,1.3559857734435354e-06,,
65,3985,,7.389108418465185e-07,,
65,3986,,1.5695776482971269e-06,,
65,3987,,3.604388666644809e-06,,
65,3988,,4.7084924403861805e-07,,
65,3989,,6.834220016571635e-07,,
65,3990,,8.266634381470794e-07,,
65,3991,,1.1664482144624344e-06,,
65,3992,,3.2661338877915114e-07,,
65,3993,,4.5746980958938366e-07,,
65,3994,,1.0229980489384616e-06,,
65,3995,,3.3042226732504787e-06,,
65,3996,,1.4937106698198477e-06,,
65,3997,,6.803618930462108e-07,,
65,3998,,1.331018324890465e-06,,
65,3999,,1.4402919532585656e-06,,
65,4000,,2.0761897303600563e-06,,
65,4001,,4.3598330989880196e-07,,
65,4002,,1.4002829402670613e-06,,
65,4003,,9.376095704283216e-07,,
65,4004,,3.172448032273678e-06,,
65,4005,,5.042996917836717e-07,,
65,4006,,7.793119038979057e-07,,
65,4007,,9.71547137851303e-07,,
65,4008,,9.06518494048214e-07,,
65,4009,,5.656743269355502e-07,,
65,4010,,6.538420507240517e-07,,
65,4011,,9.368216637994919e-07,,
65,4012,,5.812163976770535e-07,,
65,4013,,6.36964330169576e-07,,
65,4014,,7.001710287113383e-07,,
65,4015,,1.5626374079147354e-06,,
65,4016,,0.00020886417769361287,,
65,4017,,4.488987315198756e-07,,
65,4018,,3.1246945582097396e-06,,
65,4019,,1.0473977454239503e-06,,
65,4020,,1.3121464235155145e-06,,
65,4021,,7.08049640252284e-07,,
65,4022,,8.623531471130264e-07,,
65,4023,,4.955004442308564e-07,,
65,4024,,1.845827569013636e-06,,
65,4025,,2.854151944120531e-06,,
65,4025,,,7.7525200843811035,3.5846728678734507e-06
66,4026,,6.292751209002745e-07,,
66,4027,,1.1673671451717382e-06,,
66,4028,,6.448109388657031e-07,,
66,4029,,7.589638926219777e-07,,
66,4030,,5.093785375720472e-07,,
66,4031,,7.326277682295768e-07,,
66,4032,,5.748438525188249e-07,,
66,4033,,5.273537340144685e-07,,
66,4034,,2.825156798280659e-06,,
66,4035,,2.748914630501531e-05,,
66,4036,,6.107964054535842e-07,,
66,4037,,2.571112190707936e-06,,
66,4038,,3.1596533744959743e-07,,
66,4039,,9.258674981538206e-05,,
66,4040,,6.647229042755498e-07,,
66,4041,,1.4231111435947241e-06,,
66,4042,,6.920196256032796e-07,,
66,4043,,5.390900810198218e-07,,
66,4044,,1.8118013258572319e-06,,
66,4045,,1.036094658957154e-06,,
66,4046,,1.2470010005927179e-05,,
66,4047,,5.94008724874584e-07,,
66,4048,,1.6730294873923413e-06,,
66,4049,,9.342278417534544e-07,,
66,4050,,2.0400846096890746e-06,,
66,4051,,1.417481053067604e-05,,
66,4052,,2.0734171357617015e-06,,
66,4053,,4.984206611879927e-07,,
66,4054,,2.0946138192812214e-06,,
66,4055,,1.505535237811273e-06,,
66,4056,,1.4810419770583394e-06,,
66,4057,,1.1369372714398196e-06,,
66,4058,,1.4775433783142944e-06,,
66,4059,,1.363398041576147e-06,,
66,4060,,1.823303364290041e-06,,
66,4061,,1.1803261941167875e-06,,
66,4062,,3.277139512647409e-06,,
66,4063,,1.4602603641833412e-06,,
66,4064,,4.019820153189357e-06,,
66,4065,,3.3294618333457038e-06,,
66,4066,,2.1520461359614274e-06,,
66,4067,,4.935455763188656e-06,,
66,4068,,9.680278481027926e-07,,
66,4069,,9.368492897010583e-07,,
66,4070,,1.6015999335650122e-06,,
66,4071,,2.133636826329166e-06,,
66,4072,,1.3736032542510657e-06,,
66,4073,,5.255046744423453e-07,,
66,4074,,8.030566505112802e-07,,
66,4075,,7.756214017717866e-07,,
66,4076,,9.022692779581121e-07,,
66,4077,,5.8352435416964e-07,,
66,4078,,5.323926757228037e-07,,
66,4079,,6.79319612117979e-07,,
66,4080,,2.0497791410889477e-06,,
66,4081,,7.415780487463053e-07,,
66,4082,,5.332222485776583e-07,,
66,4083,,5.376750209507009e-07,,
66,4084,,1.3532565390050877e-05,,
66,4085,,8.416084710916039e-06,,
66,4086,,1.9474898635962745e-06,,
66,4086,,,11.244915962219238,7.541821560153039e-06
67,4087,,5.298398946251837e-07,,
67,4088,,3.011471108038677e-07,,
67,4089,,1.5784899005666375e-06,,
67,4090,,8.213796718337107e-07,,
67,4091,,5.986864834994776e-07,,
67,4092,,5.477407967191539e-07,,
67,4093,,8.961447406363732e-07,,
67,4094,,6.884174013066513e-07,,
67,4095,,7.517351718888676e-07,,
67,4096,,8.321961217916396e-07,,
67,4097,,2.030087671300862e-06,,
67,4098,,1.8076347032547346e-06,,
67,4099,,4.962076332049037e-07,,
67,4100,,9.081210805561568e-07,,
67,4101,,2.1790142454847228e-06,,
67,4102,,3.588072843285772e-07,,
67,4103,,1.2806405038645607e-06,,
67,4104,,6.169020707602613e-07,,
67,4105,,2.7444241368357325e-06,,
67,4106,,4.306043877022603e-07,,
67,4107,,2.4118162400554866e-07,,
67,4108,,7.826157570889336e-07,,
67,4109,,6.077096941226046e-07,,
67,4110,,1.415167730556277e-06,,
67,4111,,1.1938233228647732e-06,,
67,4112,,1.0109503136845888e-06,,
67,4113,,9.928905910783214e-07,,
67,4114,,0.00013268348993733525,,
67,4115,,1.1614672530413372e-06,,
67,4116,,8.618250149083906e-07,,
67,4117,,1.4333760418594466e-06,,
67,4118,,9.443498356631608e-07,,
67,4119,,9.620397349863197e-07,,
67,4120,,3.0492244604829466e-06,,
67,4121,,9.209920222019718e-07,,
67,4122,,3.199969432898797e-05,,
67,4123,,6.008289119563415e-07,,
67,4124,,5.372635882849863e-07,,
67,4125,,2.888163635361707e-06,,
67,4126,,1.4153550864648423e-06,,
67,4127,,1.728339157125447e-05,,
67,4128,,1.0495801916476921e-06,,
67,4129,,1.2344562492216937e-06,,
67,4130,,8.164244604813575e-07,,
67,4131,,7.314055778806505e-07,,
67,4132,,1.3685844351130072e-06,,
67,4133,,2.491800842108205e-06,,
67,4134,,5.72304884371988e-07,,
67,4135,,2.015081690842635e-06,,
67,4136,,1.1450607644292177e-06,,
67,4137,,9.452979270463402e-07,,
67,4138,,4.029612057365739e-07,,
67,4139,,8.995567668534932e-07,,
67,4140,,9.555755013934686e-07,,
67,4141,,2.390546796959825e-06,,
67,4142,,9.091774586522661e-07,,
67,4143,,6.130136398496688e-07,,
67,4144,,1.4250969115892076e-06,,
67,4145,,1.1353142781445058e-06,,
67,4146,,8.850383892422542e-07,,
67,4147,,7.770472620904911e-07,,
67,4147,,,6.653389930725098,2.6402783532830654e-06
68,4148,,9.08260687992879e-07,,
68,4149,,1.3163547691874555e-06,,
68,4150,,6.972501296331757e-07,,
68,4151,,4.416791909989115e-07,,
68,4152,,5.256164854472445e-07,,
68,4153,,1.1574286418181146e-06,,
68,4154,,2.833450707839802e-06,,
68,4155,,6.39924678580428e-07,,
68,4156,,1.0195316235694918e-06,,
68,4157,,2.531101017666515e-06,,
68,4158,,9.1179441596978e-07,,
68,4159,,7.947385824991215e-07,,
68,4160,,4.923594474348647e-07,,
68,4161,,6.407427122212539e-07,,
68,4162,,5.842939572175965e-07,,
68,4163,,8.763331607042346e-07,,
68,4164,,8.095114480966004e-07,,
68,4165,,2.465413217578316e-06,,
68,4166,,2.0375682652229443e-06,,
68,4167,,6.32354499430221e-07,,
68,4168,,1.1014456049451837e-06,,
68,4169,,9.695679636934074e-07,,
68,4170,,6.739785476383986e-07,,
68,4171,,7.800678645253356e-07,,
68,4172,,3.6203715580995777e-07,,
68,4173,,9.114421004596807e-07,,
68,4174,,8.792110861577385e-07,,
68,4175,,6.024975391483167e-06,,
68,4176,,1.1344449148964486e-06,,
68,4177,,1.0162156058868277e-06,,
68,4178,,7.262119652295951e-07,,
68,4179,,4.0762546404948807e-07,,
68,4180,,1.7635262565818266e-06,,
68,4181,,4.955898589287244e-07,,
68,4182,,2.1124449176568305e-06,,
68,4183,,2.52866425398679e-06,,
68,4184,,5.617193892248906e-07,,
68,4185,,2.079170144497766e-06,,
68,4186,,1.2434904874680797e-06,,
68,4187,,9.341254667560861e-07,,
68,4188,,1.0308632454325561e-06,,
68,4189,,8.172904131242831e-07,,
68,4190,,4.586765669500892e-07,,
68,4191,,1.0676435522327665e-06,,
68,4192,,3.700366733028204e-07,,
68,4193,,4.6116562657516624e-07,,
68,4194,,8.852231871969707e-07,,
68,4195,,4.366127370758477e-07,,
68,4196,,4.971839189238381e-07,,
68,4197,,4.596613223384338e-07,,
68,4198,,4.1689912677611574e-07,,
68,4199,,0.00014903749979566783,,
68,4200,,1.916301926030428e-06,,
68,4201,,1.589194994267018e-06,,
68,4202,,1.257202143278846e-06,,
68,4203,,1.0272655117660179e-06,,
68,4204,,1.796282390387205e-06,,
68,4205,,1.8589594219520222e-06,,
68,4206,,2.8218271381774684e-06,,
68,4207,,1.2706683492069715e-06,,
68,4208,,1.0440763844599132e-06,,
68,4208,,,6.804269790649414,2.7613841666607186e-06
69,4209,,8.587344382249285e-07,,
69,4210,,2.1660314359905897e-06,,
69,4211,,9.61518935582717e-07,,
69,4212,,9.021724167723733e-07,,
69,4213,,8.249189704656601e-07,,
69,4214,,2.296993807249237e-05,,
69,4215,,1.2274579148652265e-06,,
69,4216,,1.113020289267297e-06,,
69,4217,,1.616567146811576e-06,,
69,4218,,1.033592525345739e-06,,
69,4219,,7.511882245125889e-07,,
69,4220,,1.1292564749965095e-06,,
69,4221,,1.4582514040739625e-06,,
69,4222,,4.28748444392113e-06,,
69,4223,,6.273883172980277e-07,,
69,4224,,1.8901907878898783e-06,,
69,4225,,1.2382344038996962e-06,,
69,4226,,9.393030495630228e-07,,
69,4227,,7.778504027555755e-07,,
69,4228,,8.532602464583761e-07,,
69,4229,,8.027736839721911e-07,,
69,4230,,1.8525088307796977e-06,,
69,4231,,7.50761842027714e-07,,
69,4232,,1.4211890402293648e-06,,
69,4233,,7.913503736745042e-07,,
69,4234,,7.143460152292391e-07,,
69,4235,,1.1411460718591115e-06,,
69,4236,,5.752468860009685e-05,,
69,4237,,7.270232913469954e-07,,
69,4238,,1.092535399038752e-06,,
69,4239,,7.92124751569645e-07,,
69,4240,,5.615617055809707e-07,,
69,4241,,1.1548942211447866e-06,,
69,4242,,1.177269268737291e-06,,
69,4243,,1.133365799432795e-06,,
69,4244,,1.4256249869504245e-06,,
69,4245,,3.5828506952384487e-06,,
69,4246,,1.0328139978810214e-06,,
69,4247,,1.1910800594705506e-06,,
69,4248,,2.318989345440059e-06,,
69,4249,,8.741537840251112e-07,,
69,4250,,2.882263288483955e-06,,
69,4251,,6.862319423817098e-07,,
69,4252,,1.4591403214581078e-06,,
69,4253,,4.489791649575636e-07,,
69,4254,,1.8021721643890487e-06,,
69,4255,,8.20015266072005e-05,,
69,4256,,4.7725829972478095e-06,,
69,4257,,1.0998570587616996e-06,,
69,4258,,1.1614598633968853e-06,,
69,4259,,1.379713694404927e-06,,
69,4260,,1.292293177357351e-06,,
69,4261,,1.2013762216156465e-06,,
69,4262,,1.013098312796501e-06,,
69,4263,,5.046505862082995e-07,,
69,4264,,1.3564545042754617e-06,,
69,4265,,8.373663149541244e-07,,
69,4266,,4.99219709126919e-07,,
69,4267,,4.205234745313646e-06,,
69,4268,,9.968759968614904e-07,,
69,4269,,6.006109174450103e-07,,
69,4269,,,7.2824931144714355,3.1631800538889365e-06
70,4270,,2.1570797343883896e-06,,
70,4271,,1.0102779697263031e-06,,
70,4272,,6.446311999752652e-07,,
70,4273,,2.8974768611078616e-06,,
70,4274,,7.175707992246316e-07,,
70,4275,,1.3285429076859145e-06,,
70,4276,,0.0001480056525906548,,
70,4277,,1.547830493109359e-06,,
70,4278,,4.495009761740221e-06,,
70,4279,,9.188704552798299e-07,,
70,4280,,2.4239182039309526e-06,,
70,4281,,6.497432423202554e-07,,
70,4282,,1.6759307754909969e-06,,
70,4283,,6.717753535667725e-07,,
70,4284,,7.245694177981932e-07,,
70,4285,,8.649286087347718e-07,,
70,4286,,5.26789165178343e-07,,
70,4287,,1.6061716223703115e-06,,
70,4288,,6.120608873061428e-07,,
70,4289,,1.0797095910675125e-06,,
70,4290,,1.4109053836364183e-06,,
70,4291,,6.720713940921996e-07,,
70,4292,,1.2605767096829368e-06,,
70,4293,,1.1118194152004435e-06,,
70,4294,,3.2893234447328723e-07,,
70,4295,,4.588013098327792e-07,,
70,4296,,1.2524618568932055e-06,,
70,4297,,8.141101943692775e-07,,
70,4298,,1.2908877806694363e-06,,
70,4299,,4.1991276589214976e-07,,
70,4300,,5.692182298844273e-07,,
70,4301,,1.5908225350358407e-06,,
70,4302,,5.875562010260182e-07,,
70,4303,,4.584078112657153e-07,,
70,4304,,8.340110184690275e-07,,
70,4305,,2.443317725919769e-06,,
70,4306,,1.274976966669783e-06,,
70,4307,,6.437848014684278e-07,,
70,4308,,1.55339955654199e-06,,
70,4309,,9.82854430731095e-07,,
70,4310,,5.743364681620733e-07,,
70,4311,,3.8229748611229297e-07,,
70,4312,,7.131216079869773e-07,,
70,4313,,1.1765101817218238e-06,,
70,4314,,6.338951834550244e-07,,
70,4315,,1.2293668305574101e-06,,
70,4316,,1.3607597111331415e-06,,
70,4317,,7.837212478989386e-07,,
70,4318,,4.096969234979042e-07,,
70,4319,,1.219031560140138e-06,,
70,4320,,5.242828819973511e-07,,
70,4321,,9.068217536878365e-07,,
70,4322,,2.5142962840618566e-06,,
70,4323,,1.734075681270042e-06,,
70,4324,,1.5351018873843714e-06,,
70,4325,,7.305295071091678e-07,,
70,4326,,1.4323583172881627e-06,,
70,4327,,1.2027452612528577e-05,,
70,4328,,2.0575758753693663e-05,,
70,4329,,7.110839419510739e-07,,
70,4330,,4.065911127781874e-07,,
70,4330,,,7.153706073760986,3.0522910492436495e-06
71,4331,,6.001905603625346e-07,,
71,4332,,1.996404762394377e-06,,
71,4333,,1.2952497172591393e-06,,
71,4334,,9.80477580014849e-07,,
71,4335,,1.5449895727215335e-06,,
71,4336,,1.5341479411290493e-06,,
71,4337,,9.4383193527392e-07,,
71,4338,,1.4649596096205642e-06,,
71,4339,,9.092447612601973e-07,,
71,4340,,6.071884968150698e-07,,
71,4341,,7.644905508641386e-07,,
71,4342,,2.7001792659575585e-06,,
71,4343,,9.612450639906456e-07,,
71,4344,,8.874075660969538e-07,,
71,4345,,4.4682465727419185e-07,,
71,4346,,6.455765060309204e-07,,
71,4347,,1.513597112534626e-06,,
71,4348,,9.412588042323478e-07,,
71,4349,,1.1540539617271861e-06,,
71,4350,,1.6675006691002636e-06,,
71,4351,,1.2300358775974018e-06,,
71,4352,,6.894837270010612e-07,,
71,4353,,1.699710765024065e-06,,
71,4354,,7.243561981340463e-07,,
71,4355,,1.2249874998815358e-06,,
71,4356,,1.0744021210484789e-06,,
71,4357,,1.7033181620718096e-06,,
71,4358,,6.147180897642102e-07,,
71,4359,,8.516640264133457e-07,,
71,4360,,1.1743837831090786e-06,,
71,4361,,8.859283866513579e-07,,
71,4362,,3.2270545489154756e-06,,
71,4363,,3.212784349670983e-06,,
71,4364,,2.827202479238622e-06,,
71,4365,,1.4494282822852256e-06,,
71,4366,,4.133534901029634e-07,,
71,4367,,7.437679414579179e-07,,
71,4368,,1.3706304571314831e-06,,
71,4369,,4.034166067867773e-06,,
71,4370,,8.218211746680026e-07,,
71,4371,,1.547719421068905e-06,,
71,4372,,3.021299107786035e-06,,
71,4373,,7.532095196438604e-07,,
71,4374,,3.296103443517495e-07,,
71,4375,,9.172772479359992e-07,,
71,4376,,3.8378942690542317e-07,,
71,4377,,5.477156150845985e-07,,
71,4378,,1.3062460766377626e-06,,
71,4379,,6.176504712129827e-07,,
71,4380,,8.412406486968393e-07,,
71,4381,,1.0455006531628896e-06,,
71,4382,,1.0225606956737465e-06,,
71,4383,,4.745593287225347e-07,,
71,4384,,3.8712460082024336e-07,,
71,4385,,5.283808377498644e-07,,
71,4386,,1.7811485122365411e-06,,
71,4387,,0.00014490890316665173,,
71,4388,,7.58685246182722e-07,,
71,4389,,1.9269637050456367e-06,,
71,4390,,1.1590943813644117e-06,,
71,4391,,1.3078509937258787e-06,,
71,4391,,,7.753721237182617,3.585784043025342e-06
72,4392,,7.263052452799457e-07,,
72,4393,,1.6550819736949052e-06,,
72,4394,,4.607696610037237e-06,,
72,4395,,1.911066283355467e-05,,
72,4396,,1.9464787328615785e-06,,
72,4397,,1.5746106782899005e-06,,
72,4398,,8.372027764380618e-07,,
72,4399,,1.920982867886778e-06,,
72,4400,,2.161915972465067e-06,,
72,4401,,2.0703150767076295e-06,,
72,4402,,2.1596947590296622e-06,,
72,4403,,1.4149297840049258e-06,,
72,4404,,3.6262522371544037e-06,,
72,4405,,1.3258918443170842e-06,,
72,4406,,1.1146511269544135e-06,,
72,4407,,3.0776891435380094e-06,,
72,4408,,1.829879920478561e-06,,
72,4409,,1.1509590649438906e-06,,
72,4410,,7.06723199073167e-07,,
72,4411,,3.598891998990439e-05,,
72,4412,,7.22320123713871e-07,,
72,4413,,6.723738010805391e-07,,
72,4414,,1.7776451386453118e-06,,
72,4415,,1.2939218549945508e-06,,
72,4416,,1.8808741515385918e-06,,
72,4417,,2.0676209260273026e-06,,
72,4418,,1.2485670595197007e-06,,
72,4419,,5.808605578749848e-07,,
72,4420,,1.6359033452317817e-06,,
72,4421,,1.0789691486934316e-06,,
72,4422,,1.2023543831674033e-06,,
72,4423,,1.2228377954670577e-06,,
72,4424,,4.2048691284435336e-07,,
72,4425,,9.318954994341766e-07,,
72,4426,,1.2813400189770618e-06,,
72,4427,,6.561298846463615e-07,,
72,4428,,1.5351851061495836e-06,,
72,4429,,1.2434735481292591e-06,,
72,4430,,4.504327648646722e-07,,
72,4431,,2.2901847387402086e-06,,
72,4432,,0.00010262995783705264,,
72,4433,,1.6958296100710868e-06,,
72,4434,,9.792563560040435e-07,,
72,4435,,1.2795832162737497e-06,,
72,4436,,1.1620051054705982e-06,,
72,4437,,1.7976048184209503e-05,,
72,4438,,5.752957576987683e-07,,
72,4439,,1.9045506860493333e-06,,
72,4440,,1.5168958498179563e-06,,
72,4441,,7.319210908462992e-07,,
72,4442,,2.733269411692163e-06,,
72,4443,,9.178095297102118e-07,,
72,4444,,1.4208285392669495e-06,,
72,4445,,1.798329549274058e-06,,
72,4446,,1.4572100326404325e-06,,
72,4447,,8.480835731461411e-07,,
72,4448,,3.129899141640635e-06,,
72,4449,,1.4094720199864241e-06,,
72,4450,,6.960028713365318e-07,,
72,4451,,8.269941531580116e-07,,
72,4452,,1.1744754147002823e-06,,
72,4452,,,14.49377727508545,1.2529303603514563e-05
73,4453,,1.399607640450995e-06,,
73,4454,,1.6909208397919429e-06,,
73,4455,,1.682275751591078e-06,,
73,4456,,4.914702458336251e-07,,
73,4457,,1.6245568303929758e-06,,
73,4458,,1.7872430362331215e-06,,
73,4459,,2.8497743187472224e-06,,
73,4460,,7.399360129056731e-07,,
73,4461,,7.276242399711919e-07,,
73,4462,,5.364805133467598e-07,,
73,4463,,4.0394803590970696e-07,,
73,4464,,9.68149834079668e-07,,
73,4465,,2.3587217583553866e-06,,
73,4466,,9.788233228391618e-07,,
73,4467,,3.4140743082389235e-05,,
73,4468,,1.703438101685606e-06,,
73,4469,,1.4923132312105736e-06,,
73,4470,,1.0307447837476502e-06,,
73,4471,,1.1137725550725008e-06,,
73,4472,,9.689290436654119e-07,,
73,4473,,1.7331051367364125e-06,,
73,4474,,1.1736267424566904e-06,,
73,4475,,6.120250759522605e-07,,
73,4476,,6.091116233619687e-07,,
73,4477,,8.599767511441314e-07,,
73,4478,,2.946859467556351e-06,,
73,4479,,8.398986392421648e-05,,
73,4480,,6.665158025498386e-07,,
73,4481,,5.125375537318178e-07,,
73,4482,,9.599332315701758e-07,,
73,4483,,2.227620598205249e-06,,
73,4484,,7.559277150903654e-07,,
73,4485,,9.150692790171888e-07,,
73,4486,,1.108086621570692e-06,,
73,4487,,1.8052817267744103e-06,,
73,4488,,1.7486963770352304e-05,,
73,4489,,1.943427832884481e-06,,
73,4490,,1.369971414533211e-06,,
73,4491,,1.2464341807572055e-06,,
73,4492,,2.5329763957415707e-06,,
73,4493,,9.092668733501341e-07,,
73,4494,,2.0457443952182075e-06,,
73,4495,,1.7490258414909476e-06,,
73,4496,,1.411113771609962e-06,,
73,4497,,7.247692224154889e-07,,
73,4498,,2.0668892375397263e-06,,
73,4499,,1.3028998182562646e-06,,
73,4500,,1.7625008013055776e-06,,
73,4501,,1.456688323742128e-06,,
73,4502,,9.961062232832774e-07,,
73,4503,,1.0244001487080823e-06,,
73,4504,,4.000958711003477e-07,,
73,4505,,1.4988487464506761e-06,,
73,4506,,8.501888828504889e-07,,
73,4507,,1.002188014354033e-06,,
73,4508,,2.0378900444484316e-05,,
73,4509,,6.9321765749919e-07,,
73,4510,,1.0252042557112873e-06,,
73,4511,,1.2615961395567865e-06,,
73,4512,,1.0657626035026624e-06,,
73,4513,,1.8219510593553423e-06,,
73,4513,,,10.859271049499512,7.033395831967937e-06
74,4514,,1.6533632560822298e-06,,
74,4515,,8.188842457457213e-07,,
74,4516,,1.0567667914074264e-06,,
74,4517,,4.958578188052343e-07,,
74,4518,,6.689339215881773e-07,,
74,4519,,7.680570206503035e-07,,
74,4520,,3.720450649780105e-07,,
74,4521,,8.310874477501784e-07,,
74,4522,,1.1186785968675395e-06,,
74,4523,,1.1167702496095444e-06,,
74,4524,,1.5030666418169858e-06,,
74,4525,,4.2269866185051796e-07,,
74,4526,,1.0554815617069835e-06,,
74,4527,,1.2815341960958904e-06,,
74,4528,,1.335157662651909e-06,,
74,4529,,4.686339991621935e-07,,
74,4530,,1.0515688018131186e-06,,
74,4531,,9.40134839311213e-07,,
74,4532,,6.134968089099857e-07,,
74,4533,,2.037407512034406e-06,,
74,4534,,9.815850035010953e-07,,
74,4535,,2.2820277081336826e-06,,
74,4536,,6.346024861159094e-07,,
74,4537,,3.7312713629944483e-07,,
74,4538,,1.1328156688250601e-06,,
74,4539,,6.926342166480026e-07,,
74,4540,,5.660271540364192e-07,,
74,4541,,5.40650034963619e-07,,
74,4542,,7.03067371432553e-07,,
74,4543,,6.629745712416479e-07,,
74,4544,,1.5672005702072056e-06,,
74,4545,,1.454890252716723e-06,,
74,4546,,3.3176226565956313e-07,,
74,4547,,9.271162184631976e-07,,
74,4548,,1.0162968919757986e-06,,
74,4549,,8.047081223594432e-07,,
74,4550,,1.1095180525444448e-06,,
74,4551,,9.403575518263096e-07,,
74,4552,,1.6159798406079062e-06,,
74,4553,,5.714833264391928e-07,,
74,4554,,6.943751600374526e-07,,
74,4555,,5.803345288768469e-07,,
74,4556,,9.216958574143064e-07,,
74,4557,,9.934644822351402e-07,,
74,4558,,3.7015908560533717e-07,,
74,4559,,6.895292585795687e-07,,
74,4560,,1.4240787322705728e-06,,
74,4561,,7.364732823589293e-07,,
74,4562,,4.3561536244851595e-07,,
74,4563,,4.7446710027543304e-07,,
74,4564,,2.2424828785005957e-06,,
74,4565,,7.739320153632434e-07,,
74,4566,,2.4432890768366633e-06,,
74,4567,,1.0234583669443964e-06,,
74,4568,,1.0427016832181835e-06,,
74,4569,,1.6639277191643487e-06,,
74,4570,,1.0471666200828622e-06,,
74,4571,,1.0342266705265502e-06,,
74,4572,,0.00011505208385642618,,
74,4573,,1.1176697398695978e-06,,
74,4574,,3.7030297335149953e-06,,
74,4574,,,18.81850814819336,2.1121957615832798e-05
75,4575,,1.6744858157835552e-06,,
75,4576,,2.3716352188785095e-06,,
75,4577,,2.725753120103036e-06,,
75,4578,,2.320889961993089e-06,,
75,4579,,1.8848712670660461e-06,,
75,4580,,1.5059389397720224e-06,,
75,4581,,1.052693733072374e-06,,
75,4582,,1.2258880133231287e-06,,
75,4583,,2.8522874799818965e-06,,
75,4584,,1.1438821729825577e-06,,
75,4585,,1.8619448383105919e-06,,
75,4586,,3.0742864964850014e-06,,
75,4587,,1.3103630180921755e-06,,
75,4588,,1.6691354858267005e-06,,
75,4589,,1.495284891461779e-06,,
75,4590,,8.795648682280444e-06,,
75,4591,,1.8442995042278199e-06,,
75,4592,,1.7014293689499027e-06,,
75,4593,,9.63984689406061e-07,,
75,4594,,8.346182198692986e-07,,
75,4595,,1.4140811117613339e-06,,
75,4596,,8.166119368979707e-05,,
75,4597,,9.688096724858042e-07,,
75,4598,,2.4149778710125247e-06,,
75,4599,,2.0813556602661265e-06,,
75,4600,,1.1334252576489234e-06,,
75,4601,,2.4477080842189025e-06,,
75,4602,,2.1567786916421028e-06,,
75,4603,,1.8619308548295521e-06,,
75,4604,,2.0322636373748537e-06,,
75,4605,,2.6862612685363274e-06,,
75,4606,,5.758857923865435e-07,,
75,4607,,9.375360718877346e-07,,
75,4608,,9.968301810658886e-07,,
75,4609,,2.7812968710350106e-06,,
75,4610,,9.89873228718352e-07,,
75,4611,,8.932619266488473e-07,,
75,4612,,8.73057786066056e-07,,
75,4613,,1.6730342622395256e-06,,
75,4614,,1.372647943753691e-06,,
75,4615,,8.347284392584697e-07,,
75,4616,,7.014903644630976e-07,,
75,4617,,9.5687926204846e-07,,
75,4618,,1.8868615825340385e-06,,
75,4619,,6.297677259681222e-07,,
75,4620,,7.88085060321464e-07,,
75,4621,,0.00012000449351035058,,
75,4622,,1.3229871456132969e-06,,
75,4623,,1.6228789263550425e-06,,
75,4624,,9.759779686646652e-07,,
75,4625,,3.5816688068734948e-06,,
75,4626,,1.1593775752771762e-06,,
75,4627,,1.4319376759885927e-06,,
75,4628,,1.0397493497293908e-06,,
75,4629,,1.3673886769538512e-06,,
75,4630,,1.8617682826516102e-06,,
75,4631,,2.160269104933832e-05,,
75,4632,,4.655736347558559e-07,,
75,4633,,1.3087449133308837e-06,,
75,4634,,9.199027772410773e-06,,
75,4635,,4.632258878700668e-07,,
75,4635,,,12.241788864135742,8.938272003433667e-06
76,4636,,1.301580596191343e-06,,
76,4637,,1.8711118627834367e-06,,
76,4638,,1.7140040426966152e-06,,
76,4639,,6.020516707394563e-07,,
76,4640,,1.5514553524553776e-05,,
76,4641,,5.6564378610346466e-05,,
76,4642,,5.334695742931217e-07,,
76,4643,,1.4694799119752133e-06,,
76,4644,,8.939890108194959e-07,,
76,4645,,2.5083465970965335e-06,,
76,4646,,1.4278156186264823e-06,,
76,4647,,1.0250640798403765e-06,,
76,4648,,1.4638392258348176e-06,,
76,4649,,1.1980920362475445e-06,,
76,4650,,1.1498943877086276e-06,,
76,4651,,6.478830414380354e-07,,
76,4652,,8.436363145847281e-07,,
76,4653,,6.203096631907101e-07,,
76,4654,,6.491601425295812e-07,,
76,4655,,6.611246021748229e-07,,
76,4656,,4.2507238617872645e-07,,
76,4657,,1.1840428442155826e-06,,
76,4658,,8.721310678083682e-07,,
76,4659,,5.455447080748854e-07,,
76,4660,,2.291307282575872e-06,,
76,4661,,7.689253038734023e-07,,
76,4662,,7.598292768307147e-07,,
76,4663,,6.792899966967525e-07,,
76,4664,,4.171411376319156e-07,,
76,4665,,2.2235851702134823e-06,,
76,4666,,5.888873602089006e-07,,
76,4667,,1.365651542073465e-06,,
76,4668,,1.7386149693265907e-06,,
76,4669,,6.643344931944739e-07,,
76,4670,,6.543788913404569e-06,,
76,4671,,2.1664798168785637e-06,,
76,4672,,3.506536643271829e-07,,
76,4673,,9.147433956968598e-07,,
76,4674,,1.388285227221786e-06,,
76,4675,,6.040808671059494e-07,,
76,4676,,3.249641054026142e-07,,
76,4677,,1.2169736010037013e-06,,
76,4678,,6.616521091018512e-07,,
76,4679,,7.967385045049014e-07,,
76,4680,,1.0103227623403654e-06,,
76,4681,,9.124386792791483e-07,,
76,4682,,5.636977675749222e-07,,
76,4683,,2.7058868568019534e-07,,
76,4684,,5.257480211184884e-07,,
76,4685,,3.811136650710978e-07,,
76,4686,,1.0706846296670847e-05,,
76,4687,,7.085815809659834e-07,,
76,4688,,7.529156960117689e-07,,
76,4689,,9.391262096869468e-07,,
76,4690,,2.0811862668779213e-06,,
76,4691,,7.702025186517858e-07,,
76,4692,,1.0742357972048922e-06,,
76,4693,,1.2955308648088248e-06,,
76,4694,,1.068353526534338e-06,,
76,4695,,4.746203501326818e-07,,
76,4696,,4.1439096776230144e-07,,
76,4696,,,11.404328346252441,7.757167622912675e-06
77,4697,,1.4871228586343932e-06,,
77,4698,,1.1466746627775137e-06,,
77,4699,,2.2443296074925456e-06,,
77,4700,,9.81917537501431e-07,,
77,4701,,5.321844582795165e-07,,
77,4702,,3.2263349680761166e-07,,
77,4703,,1.163374122370442e-06,,
77,4704,,8.635496442366275e-07,,
77,4705,,5.428761369330459e-07,,
77,4706,,9.471330031374237e-07,,
77,4707,,4.6581450874327857e-07,,
77,4708,,8.458867455374275e-07,,
77,4709,,1.8882880112869316e-06,,
77,4710,,6.632039912801702e-07,,
77,4711,,6.371891458911705e-07,,
77,4712,,1.4516523378915736e-06,,
77,4713,,8.100594186544186e-07,,
77,4714,,5.218924457039975e-07,,
77,4715,,5.894100922887446e-07,,
77,4716,,7.846250582588254e-07,,
77,4717,,1.6944673006946687e-06,,
77,4718,,1.6928149761952227e-06,,
77,4719,,6.374215786308923e-07,,
77,4720,,3.09221741190413e-06,,
77,4721,,4.041557701839338e-07,,
77,4722,,6.046860789865605e-07,,
77,4723,,8.941756846070348e-07,,
77,4724,,1.0106469972015475e-06,,
77,4725,,3.646623838449159e-07,,
77,4726,,3.4897013279078237e-07,,
77,4727,,7.325573960770271e-07,,
77,4728,,6.675646773146582e-07,,
77,4729,,4.4011099475937954e-07,,
77,4730,,8.519131711182126e-07,,
77,4731,,6.315702307801985e-07,,
77,4732,,9.559244062984362e-07,,
77,4733,,4.3466403099046147e-07,,
77,4734,,1.0457644066264038e-06,,
77,4735,,8.406111646763748e-07,,
77,4736,,8.204072514672589e-07,,
77,4737,,1.2690674111581757e-06,,
77,4738,,3.746989705177839e-07,,
77,4739,,1.311947357862664e-06,,
77,4740,,6.61289163872425e-07,,
77,4741,,1.0183709946431918e-06,,
77,4742,,9.104758191824658e-07,,
77,4743,,7.56027930037817e-07,,
77,4744,,5.089899786980823e-06,,
77,4745,,9.677878551883623e-07,,
77,4746,,1.1064206546507194e-06,,
77,4747,,9.607980609871447e-05,,
77,4748,,5.986036057947786e-07,,
77,4749,,9.509350888947665e-07,,
77,4750,,2.5469712454651017e-06,,
77,4751,,7.596236173412763e-07,,
77,4752,,1.2850716757384362e-06,,
77,4753,,4.85543864670035e-07,,
77,4754,,9.337089181826741e-07,,
77,4755,,2.044292386926827e-06,,
77,4756,,5.066647190687945e-07,,
77,4757,,1.3570727332989918e-06,,
77,4757,,,15.490291595458984,1.4311427548818756e-05
78,4758,,5.123226856085239e-07,,
78,4759,,1.1635579539870378e-06,,
78,4760,,2.001821485464461e-06,,
78,4761,,1.738248101901263e-06,,
78,4762,,1.188743567581696e-06,,
78,4763,,2.4830094389471924e-06,,
78,4764,,0.00010628620657371357,,
78,4765,,1.5040452581160935e-06,,
78,4766,,1.1137531146232504e-06,,
78,4767,,2.580219415904139e-06,,
78,4768,,1.0048428293885081e-06,,
78,4769,,1.7754630334820831e-06,,
78,4770,,1.1241030506425886e-06,,
78,4771,,7.086586037985398e-07,,
78,4772,,1.4928648397471989e-06,,
78,4773,,8.402180355915334e-07,,
78,4774,,1.0261973102387856e-06,,
78,4775,,1.042983626575733e-06,,
78,4776,,1.2356521210676874e-06,,
78,4777,,2.6551767859928077e-06,,
78,4778,,7.25725612937822e-07,,
78,4779,,6.321695877886668e-07,,
78,4780,,5.874577482245513e-07,,
78,4781,,1.3681391237696516e-06,,
78,4782,,6.313555331871612e-07,,
78,4783,,6.248474164749496e-07,,
78,4784,,7.128153811208904e-05,,
78,4785,,5.332574346539332e-07,,
78,4786,,5.702952989850019e-07,,
78,4787,,1.2933552397953463e-06,,
78,4788,,6.626658546338149e-07,,
78,4789,,9.308249104833521e-07,,
78,4790,,7.421386385431106e-07,,
78,4791,,9.48190177041397e-07,,
78,4792,,3.4853587749239523e-07,,
78,4793,,9.675957244326128e-07,,
78,4794,,3.1415612511409563e-07,,
78,4795,,5.268196900942712e-07,,
78,4796,,9.452298286305449e-07,,
78,4797,,4.4220223571755923e-07,,
78,4798,,3.8814457070657227e-07,,
78,4799,,1.6617085520920227e-06,,
78,4800,,9.821080766414525e-07,,
78,4801,,1.8286052636540262e-06,,
78,4802,,3.798156831180677e-05,,
78,4803,,1.0226893891740474e-06,,
78,4804,,1.181718971565715e-06,,
78,4805,,9.499776751908939e-07,,
78,4806,,1.555110657136538e-06,,
78,4807,,1.306182980442827e-06,,
78,4808,,1.466168100705545e-06,,
78,4809,,1.2339833119767718e-06,,
78,4810,,9.238983693649061e-07,,
78,4811,,1.2354882983345306e-06,,
78,4812,,5.3188739457255e-07,,
78,4813,,1.6747279687479022e-06,,
78,4814,,5.680823278453317e-07,,
78,4815,,2.920969564002007e-07,,
78,4816,,1.6195878060898394e-06,,
78,4817,,5.69063558941707e-07,,
78,4818,,9.386669148625515e-07,,
78,4818,,,6.769382476806641,2.7331398086971603e-06
79,4819,,5.839054324496828e-07,,
79,4820,,1.2445797210602905e-06,,
79,4821,,6.686307187919738e-07,,
79,4822,,3.9116957850637846e-06,,
79,4823,,1.1643249990811455e-06,,
79,4824,,1.0648789157130523e-06,,
79,4825,,3.9775758864379895e-07,,
79,4826,,2.1867078885406954e-06,,
79,4827,,7.507458121835953e-07,,
79,4828,,9.774975069376524e-07,,
79,4829,,3.228921059417189e-07,,
79,4830,,5.197865107220423e-07,,
79,4831,,1.7368721501043183e-06,,
79,4832,,6.359434223668359e-07,,
79,4833,,6.839438242423057e-07,,
79,4834,,6.103693408476829e-07,,
79,4835,,1.9188685200788314e-06,,
79,4836,,8.501958177475899e-07,,
79,4837,,4.844960130867548e-07,,
79,4838,,4.48809942099615e-07,,
79,4839,,1.096928826882504e-06,,
79,4840,,7.409598197227751e-07,,
79,4841,,5.448694651022379e-07,,
79,4842,,2.868465287519939e-07,,
79,4843,,3.46108151916269e-07,,
79,4844,,3.9735542145535874e-07,,
79,4845,,4.4610627014662896e-07,,
79,4846,,5.674735348293325e-07,,
79,4847,,9.680915127319167e-07,,
79,4848,,3.549409939296311e-07,,
79,4849,,5.591003287008789e-07,,
79,4850,,5.512124516826589e-07,,
79,4851,,5.308637582857045e-07,,
79,4852,,7.671266075703898e-07,,
79,4853,,1.4709331708218087e-06,,
79,4854,,2.0148895600868855e-06,,
79,4855,,6.299788424257713e-07,,
79,4856,,3.936570465157274e-07,,
79,4857,,3.6929243378835963e-06,,
79,4858,,8.9492988308848e-07,,
79,4859,,9.508978837402537e-05,,
79,4860,,9.90257490229851e-07,,
79,4861,,1.0053634014184354e-06,,
79,4862,,1.086334123101551e-06,,
79,4863,,4.026451563277078e-07,,
79,4864,,8.603927881267737e-07,,
79,4865,,7.124812668735103e-07,,
79,4866,,1.3317735465534497e-06,,
79,4867,,2.7752917048928794e-06,,
79,4868,,9.089951049645606e-07,,
79,4869,,7.885250283834466e-07,,
79,4870,,5.874096586921951e-07,,
79,4871,,8.620160656391818e-07,,
79,4872,,1.369289407193719e-06,,
79,4873,,1.3190449408284621e-06,,
79,4874,,1.974615543076652e-06,,
79,4875,,1.347806460216816e-06,,
79,4876,,1.7759540469342028e-06,,
79,4877,,1.0191380397372996e-06,,
79,4878,,5.632895181406639e-07,,
79,4879,,6.491355861726333e-07,,
79,4879,,,13.041975021362305,1.0144962288904935e-05
80,4880,,1.6547577388337231e-06,,
80,4881,,1.6656293837513658e-06,,
80,4882,,1.4892210629113833e-06,,
80,4883,,2.0344539279903984e-06,,
80,4884,,4.550127414404415e-06,,
80,4885,,2.1592588836938376e-06,,
80,4886,,1.0902924714173423e-06,,
80,4887,,6.664428724434401e-07,,
80,4888,,6.553188427460555e-07,,
80,4889,,6.69194605507073e-07,,
80,4890,,5.690091597898572e-07,,
80,4891,,2.5068013655982213e-06,,
80,4892,,6.103810505919682e-07,,
80,4893,,5.384842438616033e-07,,
80,4894,,3.9267945339815924e-07,,
80,4895,,3.860281140077859e-06,,
80,4896,,6.902460881974548e-05,,
80,4897,,5.771294127043802e-07,,
80,4898,,8.660992989462102e-07,,
80,4899,,2.6679876100388356e-05,,
80,4900,,1.1028823792003095e-06,,
80,4901,,7.884310093686508e-07,,
80,4902,,5.285520501274732e-07,,
80,4903,,7.455305421899538e-07,,
80,4904,,2.069619313260773e-06,,
80,4905,,1.6643299431962078e-06,,
80,4906,,5.375851515054819e-07,,
80,4907,,5.321946900949115e-07,,
80,4908,,6.785745654269704e-07,,
80,4909,,7.051629040688567e-07,,
80,4910,,6.240707648430543e-07,,
80,4911,,1.0873412747969269e-06,,
80,4912,,8.932155992624757e-07,,
80,4913,,2.4830346774251666e-06,,
80,4914,,3.305217433080543e-06,,
80,4915,,1.2562328493004316e-06,,
80,4916,,4.32456914722934e-07,,
80,4917,,1.3955439044366358e-06,,
80,4918,,1.3689270872419002e-06,,
80,4919,,7.203071277217532e-07,,
80,4920,,9.533163165542646e-07,,
80,4921,,6.297189543147397e-07,,
80,4922,,1.330336772298324e-06,,
80,4923,,6.596409889425559e-07,,
80,4924,,2.22129597204912e-06,,
80,4925,,4.0535422840548563e-07,,
80,4926,,1.116782300414343e-06,,
80,4927,,8.369138981834112e-07,,
80,4928,,1.3092030712869018e-06,,
80,4929,,1.439140987713472e-06,,
80,4930,,1.7991502545555704e-06,,
80,4931,,3.196798616045271e-06,,
80,4932,,3.7168987887525873e-07,,
80,4933,,1.050679202307947e-06,,
80,4934,,2.0882298485958017e-06,,
80,4935,,4.778253810400201e-07,,
80,4936,,7.17314605935826e-07,,
80,4937,,1.567683511893847e-06,,
80,4938,,1.2986703268325073e-06,,
80,4939,,3.9567120779793186e-07,,
80,4940,,5.649063723467407e-07,,
80,4940,,,6.537931442260742,2.5494382498436607e-06
81,4941,,4.3524323700694367e-07,,
81,4942,,1.7074244169634767e-06,,
81,4943,,5.466056336445035e-07,,
81,4944,,1.620062903384678e-06,,
81,4945,,1.2253425438757404e-06,,
81,4946,,7.081179091983358e-07,,
81,4947,,1.0062323099191417e-06,,
81,4948,,9.47018520491838e-07,,
81,4949,,1.3428875718091149e-06,,
81,4950,,9.831342140387278e-07,,
81,4951,,1.407407694387075e-06,,
81,4952,,1.5986124708433636e-06,,
81,4953,,9.188239573632018e-07,,
81,4954,,5.109607172926189e-07,,
81,4955,,4.0822840219334466e-07,,
81,4956,,9.826246696320595e-07,,
81,4957,,1.808252022783563e-06,,
81,4958,,2.193927457483369e-06,,
81,4959,,2.2308649931801483e-06,,
81,4960,,0.00020751581178046763,,
81,4961,,9.873527915260638e-07,,
81,4962,,2.1209732494753553e-06,,
81,4963,,1.7450241784899845e-06,,
81,4964,,1.899985932141135e-06,,
81,4965,,1.2029676099700737e-06,,
81,4966,,4.867615189141361e-06,,
81,4967,,6.890096301503945e-06,,
81,4968,,1.1072594134020619e-05,,
81,4969,,1.4385386748472229e-06,,
81,4970,,8.63995808231266e-07,,
81,4971,,1.1057139090553392e-05,,
81,4972,,1.9058447833231185e-06,,
81,4973,,1.7610711893212283e-06,,
81,4974,,1.8755804376269225e-06,,
81,4975,,7.264983423738158e-07,,
81,4976,,3.4019533359241905e-06,,
81,4977,,2.668194156285608e-06,,
81,4978,,1.3811732060275972e-06,,
81,4979,,2.2141709905554308e-06,,
81,4980,,2.0907054931740277e-06,,
81,4981,,1.5425304127347772e-06,,
81,4982,,1.78599566424964e-06,,
81,4983,,1.2852315194322728e-06,,
81,4984,,5.435717298496456e-07,,
81,4985,,6.064107083147974e-07,,
81,4986,,1.0268470305163646e-06,,
81,4987,,7.326873401325429e-07,,
81,4988,,2.12986333281151e-06,,
81,4989,,8.928179795475444e-07,,
81,4990,,8.041863566177199e-07,,
81,4991,,8.596265956839488e-07,,
81,4992,,1.8527114207245177e-06,,
81,4993,,4.787812599715835e-07,,
81,4994,,8.617436719760008e-07,,
81,4995,,7.782988973303873e-07,,
81,4996,,6.223291620699456e-06,,
81,4997,,7.203757945717371e-07,,
81,4998,,4.931915214001492e-07,,
81,4999,,1.022394712890673e-06,,
81,5000,,7.562572932329203e-07,,
81,5001,,5.588282760982111e-07,,
81,5001,,,12.45749282836914,9.256038538296707e-06
82,5002,,5.522882702280185e-07,,
82,5003,,8.550235293114383e-07,,
82,5004,,5.605545538855949e-07,,
82,5005,,7.292824193427805e-07,,
82,5006,,3.149304347971338e-06,,
82,5007,,1.0428911991766654e-06,,
82,5008,,8.608083135186462e-07,,
82,5009,,7.877397933953034e-07,,
82,5010,,9.468086545894039e-07,,
82,5011,,9.262806770493626e-07,,
82,5012,,9.345629905510577e-07,,
82,5013,,8.879871415956586e-07,,
82,5014,,6.341673497445299e-07,,
82,5015,,1.4010415725351777e-06,,
82,5016,,1.1309540468573687e-06,,
82,5017,,5.666357765221619e-07,,
82,5018,,9.119711990024371e-07,,
82,5019,,5.965463856227871e-07,,
82,5020,,7.787431854922033e-07,,
82,5021,,9.794928246265044e-07,,
82,5022,,3.727167268152698e-07,,
82,5023,,1.2237940154591342e-06,,
82,5024,,4.864194806941669e-07,,
82,5025,,5.497219035532908e-07,,
82,5026,,5.165212542124209e-07,,
82,5027,,5.909219567001855e-07,,
82,5028,,7.35505921056756e-07,,
82,5029,,5.348651370695734e-07,,
82,5030,,5.906302931180107e-07,,
82,5031,,6.7563109951152e-06,,
82,5032,,5.050381446380925e-07,,
82,5033,,7.541169111391355e-07,,
82,5034,,2.25468920689309e-06,,
82,5035,,1.7771416196410428e-06,,
82,5036,,4.75777824249235e-07,,
82,5037,,1.086448492060299e-06,,
82,5038,,7.826023988855013e-07,,
82,5039,,7.681639431211806e-07,,
82,5040,,4.035993697470985e-06,,
82,5041,,1.0862219141927199e-06,,
82,5042,,1.2750855375998071e-06,,
82,5043,,7.891435984674899e-07,,
82,5044,,9.034073400471243e-07,,
82,5045,,7.977912173373625e-05,,
82,5046,,8.526886290383118e-07,,
82,5047,,1.0332736337659298e-06,,
82,5048,,2.0749719169543823e-06,,
82,5049,,1.259991790902859e-06,,
82,5050,,5.984353492749506e-07,,
82,5051,,1.2686963373198523e-06,,
82,5052,,1.001295231617405e-06,,
82,5053,,1.3835704066877952e-06,,
82,5054,,5.267984874990361e-07,,
82,5055,,5.076055344943597e-07,,
82,5056,,7.296810053958325e-07,,
82,5057,,7.782940087963652e-07,,
82,5058,,2.2598624127567746e-06,,
82,5059,,6.645153121098701e-07,,
82,5060,,5.059395675743872e-07,,
82,5061,,7.038595981612161e-07,,
82,5062,,3.0369898240678594e-07,,
82,5062,,,11.799083709716797,8.303482900373638e-06
83,5063,,8.421991992690891e-07,,
83,5064,,8.797659347692388e-07,,
83,5065,,5.711088419957377e-07,,
83,5066,,1.993050318560563e-06,,
83,5067,,7.147134510887554e-07,,
83,5068,,7.005816655691888e-07,,
83,5069,,1.3502479987437255e-06,,
83,5070,,6.989188818806724e-07,,
83,5071,,5.921438059885986e-07,,
83,5072,,7.952583018777659e-07,,
83,5073,,3.890681909979321e-05,,
83,5074,,1.8665948573470814e-06,,
83,5075,,6.700770427414682e-07,,
83,5076,,5.814377459500975e-07,,
83,5077,,4.27030357741387e-07,,
83,5078,,7.380173201454454e-07,,
83,5079,,1.2516940159912338e-06,,
83,5080,,7.879228292040352e-07,,
83,5081,,4.837561959902814e-07,,
83,5082,,6.473795792771853e-07,,
83,5083,,5.602290116257791e-07,,
83,5084,,5.866814944965881e-07,,
83,5085,,5.30304475887533e-07,,
83,5086,,5.70120448628586e-07,,
83,5087,,5.539780545404938e-07,,
83,5088,,8.801140438663424e-07,,
83,5089,,1.8051333654511836e-06,,
83,5090,,3.3662493592601095e-07,,
83,5091,,3.9920800531945133e-07,,
83,5092,,3.721180291904602e-06,,
83,5093,,4.715754187145649e-07,,
83,5094,,1.0777913530546357e-06,,
83,5095,,7.171438483055681e-07,,
83,5096,,7.981410021784541e-07,,
83,5097,,4.812450811186864e-07,,
83,5098,,8.496781447320245e-07,,
83,5099,,1.1243674862271291e-06,,
83,5100,,7.942667821225768e-07,,
83,5101,,1.4485499377769884e-06,,
83,5102,,7.275292546182754e-07,,
83,5103,,5.070164093012863e-07,,
83,5104,,9.797463462746236e-07,,
83,5105,,1.7510545831100899e-06,,
83,5106,,6.826392677794502e-07,,
83,5107,,9.316329396824585e-07,,
83,5108,,5.692797344636347e-07,,
83,5109,,7.63352659305383e-07,,
83,5110,,8.872489729583322e-07,,
83,5111,,1.672904659244523e-06,,
83,5112,,4.414594059198862e-07,,
83,5113,,6.211230356711894e-05,,
83,5114,,1.1913750768144382e-06,,
83,5115,,4.506176765062264e-07,,
83,5116,,6.691150247206679e-07,,
83,5117,,7.192361408669967e-07,,
83,5118,,1.0733396038631327e-06,,
83,5119,,8.895905239114654e-07,,
83,5120,,1.334533294539142e-06,,
83,5121,,6.848852649454784e-07,,
83,5122,,1.0807909802679205e-06,,
83,5123,,6.468139326898381e-05,,
83,5123,,,9.413769721984863,5.285559382173233e-06
84,5124,,1.3569216434916598e-06,,
84,5125,,1.9336468540132046e-05,,
84,5126,,1.0932393479379243e-06,,
84,5127,,8.817947673378512e-06,,
84,5128,,1.294453909395088e-06,,
84,5129,,2.1315568119462114e-06,,
84,5130,,2.4298651624121703e-06,,
84,5131,,1.2184229944978142e-06,,
84,5132,,1.5850794170546578e-06,,
84,5133,,8.461586844532576e-07,,
84,5134,,1.4334863180920365e-06,,
84,5135,,8.799173087936651e-07,,
84,5136,,8.254436920651642e-07,,
84,5137,,5.236465767666232e-07,,
84,5138,,8.822224231153086e-07,,
84,5139,,6.656139817096118e-07,,
84,5140,,1.06932793642045e-06,,
84,5141,,8.066849659371655e-07,,
84,5142,,1.5844882454985054e-06,,
84,5143,,8.653768190924893e-07,,
84,5144,,1.2610056501216604e-06,,
84,5145,,4.908982873530476e-07,,
84,5146,,1.0236465186608257e-06,,
84,5147,,4.1643724557616224e-07,,
84,5148,,7.701533490944712e-07,,
84,5149,,3.034292603842914e-06,,
84,5150,,4.092543690603634e-07,,
84,5151,,1.1298833442197065e-06,,
84,5152,,7.988666652636311e-07,,
84,5153,,4.347361368672864e-07,,
84,5154,,2.054755896097049e-06,,
84,5155,,6.301490884652594e-07,,
84,5156,,7.067844194352801e-07,,
84,5157,,1.7873850310934358e-06,,
84,5158,,2.478968212926702e-07,,
84,5159,,2.1636003566527506e-06,,
84,5160,,1.5036775948829018e-06,,
84,5161,,1.590445094734605e-06,,
84,5162,,6.00691066665604e-07,,
84,5163,,8.681171266289311e-07,,
84,5164,,7.762102995911846e-07,,
84,5165,,1.1777852932937094e-06,,
84,5166,,9.664630624683923e-07,,
84,5167,,9.369475151288498e-07,,
84,5168,,8.115154059851193e-07,,
84,5169,,1.3339674751478015e-06,,
84,5170,,1.90935952559812e-06,,
84,5171,,9.941286407411098e-07,,
84,5172,,5.63896321637003e-07,,
84,5173,,1.380679918838723e-06,,
84,5174,,1.049755042004108e-06,,
84,5175,,1.2252921806066297e-06,,
84,5176,,6.876918519083119e-07,,
84,5177,,2.2681945210933918e-07,,
84,5178,,5.3967846724845e-07,,
84,5179,,3.7689486021008634e-07,,
84,5180,,1.069814288712223e-06,,
84,5181,,6.224748290151183e-07,,
84,5182,,4.3035262820012576e-07,,
84,5183,,5.511054723683628e-07,,
84,5184,,6.186836003507779e-07,,
84,5184,,,11.335972785949707,7.664455552003346e-06
85,5185,,3.8967530713307497e-07,,
85,5186,,7.201476250884298e-07,,
85,5187,,1.3186297564971028e-06,,
85,5188,,6.859698373773426e-07,,
85,5189,,7.358750053754193e-07,,
85,5190,,5.248483603281784e-07,,
85,5191,,6.551670139742782e-07,,
85,5192,,8.645878892821202e-07,,
85,5193,,7.261546670633834e-07,,
85,5194,,4.751753408527293e-07,,
85,5195,,1.0347395118515124e-06,,
85,5196,,4.6131921749292815e-07,,
85,5197,,9.156904638984997e-07,,
85,5198,,1.1153434797961381e-06,,
85,5199,,1.0342337191104889e-06,,
85,5200,,6.041573215043172e-07,,
85,5201,,4.981511096957547e-07,,
85,5202,,7.090848157531582e-07,,
85,5203,,8.151537258527242e-07,,
85,5204,,1.9240389974584104e-06,,
85,5205,,2.138331183232367e-06,,
85,5206,,3.962888683872734e-07,,
85,5207,,5.463325010168774e-07,,
85,5208,,6.682824960080325e-07,,
85,5209,,5.081200242784689e-07,,
85,5210,,5.589761826740869e-07,,
85,5211,,3.573771323317487e-07,,
85,5212,,4.7465474040109257e-07,,
85,5213,,7.522413943661377e-05,,
85,5214,,1.1790597227445687e-06,,
85,5215,,5.890148031539866e-07,,
85,5216,,5.076384468338802e-07,,
85,5217,,7.241972070914926e-07,,
85,5218,,9.440595363230386e-07,,
85,5219,,2.3705852072453126e-06,,
85,5220,,1.0560646614976577e-06,,
85,5221,,6.137692594165856e-07,,
85,5222,,2.872048071367317e-06,,
85,5223,,3.2178597848542267e-06,,
85,5224,,9.915140708471881e-07,,
85,5225,,9.067989026334544e-07,,
85,5226,,2.1912160264037084e-06,,
85,5227,,7.533869847975438e-07,,
85,5228,,1.2051099247400998e-06,,
85,5229,,9.054944030140177e-07,,
85,5230,,9.640539246902335e-07,,
85,5231,,3.7247625073177915e-07,,
85,5232,,1.6169466334758908e-06,,
85,5233,,1.3403893035501824e-06,,
85,5234,,2.4869748358469224e-06,,
85,5235,,1.0431190275994595e-06,,
85,5236,,4.502465458244842e-07,,
85,5237,,1.5130267456697766e-05,,
85,5238,,4.875141712545883e-07,,
85,5239,,0.00010731678048614413,,
85,5240,,9.299292855757813e-07,,
85,5241,,2.6057425202452578e-05,,
85,5242,,3.1148608741204953e-06,,
85,5243,,2.9040722893114435e-06,,
85,5244,,1.1766110219468828e-06,,
85,5245,,4.4989735670242226e-07,,
85,5245,,,6.5659637451171875,2.571347067714669e-06
86,5246,,8.88587294411991e-07,,
86,5247,,1.6390944210797898e-06,,
86,5248,,1.037207539411611e-06,,
86,5249,,1.2462934364521061e-06,,
86,5250,,8.346390814040205e-07,,
86,5251,,3.7218637771729846e-06,,
86,5252,,3.1064228096511215e-06,,
86,5253,,2.8869508241768926e-06,,
86,5254,,1.0432038379803998e-06,,
86,5255,,1.2658462082981714e-06,,
86,5256,,8.395359145652037e-07,,
86,5257,,1.0986148026859155e-06,,
86,5258,,6.801371341680351e-07,,
86,5259,,2.486253379174741e-06,,
86,5260,,1.9018131069969968e-06,,
86,5261,,8.444928312201228e-07,,
86,5262,,2.0186585061310325e-06,,
86,5263,,1.2108948794775642e-06,,
86,5264,,7.132084078875778e-07,,
86,5265,,1.0943825827780529e-06,,
86,5266,,5.642046971843229e-07,,
86,5267,,0.0002376661723246798,,
86,5268,,1.3772190641248017e-06,,
86,5269,,4.3232462303421926e-06,,
86,5270,,2.5514100343571045e-06,,
86,5271,,1.3452920939016622e-05,,
86,5272,,1.7694705093163066e-05,,
86,5273,,2.363260364290909e-06,,
86,5274,,3.0400789910345338e-05,,
86,5275,,1.5147011254157405e-06,,
86,5276,,1.54065560309391e-06,,
86,5277,,2.0445158952497877e-06,,
86,5278,,4.399974841362564e-06,,
86,5279,,1.611887273611501e-05,,
86,5280,,3.401227786525851e-06,,
86,5281,,5.219286322244443e-06,,
86,5282,,1.6952348005361273e-06,,
86,5283,,4.333358447183855e-06,,
86,5284,,4.773057298734784e-06,,
86,5285,,2.3157613213697914e-06,,
86,5286,,5.164597496332135e-06,,
86,5287,,6.509560535050696e-07,,
86,5288,,1.112846689466096e-06,,
86,5289,,1.1214963251404697e-06,,
86,5290,,1.048174567586102e-06,,
86,5291,,2.498676394679933e-06,,
86,5292,,1.1948743122047745e-05,,
86,5293,,1.3909710105508566e-05,,
86,5294,,4.280502253095619e-06,,
86,5295,,2.12823965739517e-06,,
86,5296,,2.8621780074900016e-06,,
86,5297,,9.95719233287673e-07,,
86,5298,,2.380022806391935e-06,,
86,5299,,2.6515026547713205e-06,,
86,5300,,2.044612983809202e-06,,
86,5301,,1.6165148508662242e-06,,
86,5302,,1.5569322613373515e-06,,
86,5303,,8.253299483840237e-07,,
86,5304,,2.630066546771559e-06,,
86,5305,,1.1929244010389084e-06,,
86,5306,,4.6747834403504385e-07,,
86,5306,,,12.258702278137207,8.962986612459645e-06
87,5307,,1.0607006970531074e-06,,
87,5308,,1.3349545042729005e-06,,
87,5309,,4.0106229448610975e-07,,
87,5310,,2.0829668301303172e-06,,
87,5311,,1.0618413170959684e-06,,
87,5312,,8.401140121350181e-07,,
87,5313,,2.8684025892289355e-06,,
87,5314,,1.110826815420296e-06,,
87,5315,,1.7941941905519343e-06,,
87,5316,,1.4171196198731195e-06,,
87,5317,,3.3639628327364335e-06,,
87,5318,,1.0179276159760775e-06,,
87,5319,,1.0817919928740594e-06,,
87,5320,,9.682950121714384e-07,,
87,5321,,4.3455969489514246e-07,,
87,5322,,6.813035611230589e-07,,
87,5323,,2.760966708592605e-06,,
87,5324,,6.233307203729055e-07,,
87,5325,,9.609730113879777e-07,,
87,5326,,8.752757594265859e-07,,
87,5327,,2.4827088509482564e-06,,
87,5328,,8.554623605050438e-07,,
87,5329,,1.337415596935898e-06,,
87,5330,,3.164138661304605e-06,,
87,5331,,1.0041757150247577e-06,,
87,5332,,2.352140427319682e-06,,
87,5333,,1.372508677377482e-06,,
87,5334,,8.247085929724562e-07,,
87,5335,,7.41426674721879e-07,,
87,5336,,4.830479838346946e-07,,
87,5337,,8.205525432458671e-07,,
87,5338,,8.372933280043071e-07,,
87,5339,,1.0423783578517032e-06,,
87,5340,,1.5578226566503872e-06,,
87,5341,,8.748504569666693e-07,,
87,5342,,9.674056400399422e-07,,
87,5343,,1.3397026350503438e-06,,
87,5344,,5.329543455445673e-06,,
87,5345,,9.170163366434281e-07,,
87,5346,,7.476365908587468e-07,,
87,5347,,5.69175881537376e-07,,
87,5348,,5.187168881093385e-07,,
87,5349,,4.929189003632928e-07,,
87,5350,,7.716585059824865e-07,,
87,5351,,4.553412509267218e-06,,
87,5352,,6.631607334384171e-07,,
87,5353,,1.033930630001123e-06,,
87,5354,,1.2881694146926748e-06,,
87,5355,,1.2543714547064155e-06,,
87,5356,,1.1653606861727894e-06,,
87,5357,,5.678613774762198e-07,,
87,5358,,6.114400434853451e-07,,
87,5359,,0.00016235878865700215,,
87,5360,,1.2129848983022384e-06,,
87,5361,,1.0646516557244468e-06,,
87,5362,,1.814230699892505e-06,,
87,5363,,3.974977516918443e-06,,
87,5364,,8.595762324148382e-07,,
87,5365,,9.73019382399798e-07,,
87,5366,,1.1808174349425826e-06,,
87,5367,,1.319376224273583e-06,,
87,5367,,,9.801941871643066,5.730440534534864e-06
88,5368,,2.047951966233086e-06,,
88,5369,,1.4303544730864814e-06,,
88,5370,,3.385988384252414e-05,,
88,5371,,1.575732312630862e-06,,
88,5372,,8.188634978978371e-07,,
88,5373,,1.4874268572384608e-06,,
88,5374,,9.754296570463339e-07,,
88,5375,,1.274296209885506e-06,,
88,5376,,7.666100145797827e-07,,
88,5377,,4.028426701552235e-06,,
88,5378,,1.264957745661377e-06,,
88,5379,,1.0088451745104976e-05,,
88,5380,,2.2335880203172565e-06,,
88,5381,,7.728435207354778e-07,,
88,5382,,7.127779895199637e-07,,
88,5383,,1.2116972357034683e-05,,
88,5384,,1.162207354354905e-06,,
88,5385,,1.5902157883829204e-06,,
88,5386,,2.2305409856926417e-06,,
88,5387,,9.748947195475921e-05,,
88,5388,,1.2382425893520121e-06,,
88,5389,,1.3771747262580902e-06,,
88,5390,,1.0135314596482203e-06,,
88,5391,,5.1381207413214725e-06,,
88,5392,,1.4316527767732623e-06,,
88,5393,,1.7795392750485917e-06,,
88,5394,,3.85262273994158e-06,,
88,5395,,5.500087809195975e-06,,
88,5396,,6.141216317701037e-07,,
88,5397,,2.209891135862563e-06,,
88,5398,,2.002273959078593e-06,,
88,5399,,9.62460262599052e-07,,
88,5400,,1.2092153838239028e-06,,
88,5401,,1.4190504771249834e-06,,
88,5402,,3.753930570837838e-07,,
88,5403,,1.2369453088467708e-06,,
88,5404,,8.30445230803889e-07,,
88,5405,,1.3303972536959918e-06,,
88,5406,,4.346932200860465e-06,,
88,5407,,1.1802020480899955e-06,,
88,5408,,1.7007330370688578e-06,,
88,5409,,9.751023526405334e-07,,
88,5410,,2.86930253423634e-06,,
88,5411,,2.177211172238458e-06,,
88,5412,,7.974765026119712e-07,,
88,5413,,4.287120987100934e-07,,
88,5414,,6.995205126258952e-07,,
88,5415,,1.6374164033550187e-06,,
88,5416,,1.0996864148182794e-06,,
88,5417,,1.9032678437724826e-06,,
88,5418,,1.0512446806387743e-06,,
88,5419,,8.852682071847084e-07,,
88,5420,,6.10996153227461e-07,,
88,5421,,1.591496243236179e-06,,
88,5422,,9.739898132465896e-07,,
88,5423,,9.278036827709002e-07,,
88,5424,,1.0522454658712377e-06,,
88,5425,,8.959624437920866e-07,,
88,5426,,3.2878479032660834e-06,,
88,5427,,1.3806409242533846e-06,,
88,5428,,1.0999184496540693e-06,,
88,5428,,,10.143623352050781,6.136913270893274e-06
89,5429,,5.663645197273581e-07,,
89,5430,,6.285822564677801e-07,,
89,5431,,3.81848303732113e-06,,
89,5432,,5.223119501351903e-07,,
89,5433,,1.9681094727275195e-06,,
89,5434,,6.107442800384888e-07,,
89,5435,,5.006703531762469e-07,,
89,5436,,3.2860330634321144e-07,,
89,5437,,6.9655533252444e-07,,
89,5438,,2.909352770075202e-05,,
89,5439,,7.575518452540564e-07,,
89,5440,,5.932553222010029e-07,,
89,5441,,1.1215299764444353e-06,,
89,5442,,4.884740337729454e-05,,
89,5443,,1.366765263810521e-05,,
89,5444,,5.441844450615463e-07,,
89,5445,,7.634649250576331e-07,,
89,5446,,5.542397047975101e-07,,
89,5447,,1.157557903752604e-06,,
89,5448,,3.0726656063961855e-07,,
89,5449,,1.2561263247334864e-06,,
89,5450,,8.881828534867964e-07,,
89,5451,,1.0469783546795952e-06,,
89,5452,,8.64423782331869e-07,,
89,5453,,7.087419930940086e-07,,
89,5454,,7.618398285558214e-07,,
89,5455,,8.881208941602381e-07,,
89,5456,,1.8671244106371887e-06,,
89,5457,,1.1959488119828166e-06,,
89,5458,,4.986049475519394e-07,,
89,5459,,4.891244316240773e-07,,
89,5460,,7.869585374464805e-07,,
89,5461,,8.63005482187873e-07,,
89,5462,,2.0311097159719793e-06,,
89,5463,,1.1489051985336118e-06,,
89,5464,,2.169251729355892e-06,,
89,5465,,5.957185180704982e-07,,
89,5466,,6.7100006617693e-07,,
89,5467,,4.646545335162955e-07,,
89,5468,,9.848380386756617e-07,,
89,5469,,1.3431579191092169e-06,,
89,5470,,7.381763111879991e-07,,
89,5471,,7.147652354433376e-07,,
89,5472,,2.7409223548602313e-06,,
89,5473,,5.749153615397518e-07,,
89,5474,,5.651156129715673e-07,,
89,5475,,3.3136424804069975e-07,,
89,5476,,4.371511749923229e-06,,
89,5477,,3.013633431692142e-06,,
89,5478,,5.215564442551113e-07,,
89,5479,,4.5198476072982885e-07,,
89,5480,,1.5345513020292856e-06,,
89,5481,,7.904617973508721e-07,,
89,5482,,8.618355309408798e-07,,
89,5483,,3.607515566272923e-07,,
89,5484,,6.5783996205937e-07,,
89,5485,,4.609455572790466e-07,,
89,5486,,4.7339852926597814e-07,,
89,5487,,4.670613691359904e-07,,
89,5488,,9.769760254130233e-07,,
89,5489,,2.8592846774699865e-06,,
89,5489,,,9.121736526489258,4.962708771927282e-06
90,5490,,7.511209219046577e-07,,
90,5491,,1.3758057093582465e-06,,
90,5492,,2.4591116698502447e-07,,
90,5493,,1.55963232373324e-06,,
90,5494,,5.210054041526746e-07,,
90,5495,,5.313570454745786e-07,,
90,5496,,1.2354739737929776e-06,,
90,5497,,2.2437166080635507e-07,,
90,5498,,8.957648560681264e-07,,
90,5499,,9.855677944869967e-07,,
90,5500,,6.4230022189804e-07,,
90,5501,,7.482178148165985e-07,,
90,5502,,5.693106004400761e-07,,
90,5503,,7.342761705331213e-07,,
90,5504,,9.38353878154885e-07,,
90,5505,,7.090006306498253e-07,,
90,5506,,6.075931651139399e-07,,
90,5507,,7.204841381280858e-07,,
90,5508,,8.517376954841893e-07,,
90,5509,,1.076283069778583e-06,,
90,5510,,4.971127509634243e-07,,
90,5511,,6.501145435322542e-07,,
90,5512,,6.253292781366326e-07,,
90,5513,,7.521855422965018e-07,,
90,5514,,5.196579309085791e-07,,
90,5515,,5.237625941845181e-07,,
90,5516,,6.720756573486142e-07,,
90,5517,,7.662799816898769e-07,,
90,5518,,7.843848948141385e-07,,
90,5519,,7.778163535476779e-07,,
90,5520,,2.250634906886262e-06,,
90,5521,,6.185107395140221e-07,,
90,5522,,4.723121378447104e-07,,
90,5523,,6.463528734457213e-07,,
90,5524,,2.4600572032795753e-06,,
90,5525,,8.050805035964004e-07,,
90,5526,,7.293566000043938e-07,,
90,5527,,6.164457886370656e-07,,
90,5528,,1.2170304444225621e-06,,
90,5529,,7.246496238622058e-07,,
90,5530,,2.209427520938334e-06,,
90,5531,,1.5532604038526188e-06,,
90,5532,,2.587613607829553e-06,,
90,5533,,8.316603725688765e-07,,
90,5534,,1.2340323110038298e-06,,
90,5535,,1.7084377077480895e-06,,
90,5536,,4.231499417528539e-07,,
90,5537,,5.341975111150532e-07,,
90,5538,,6.732744282089698e-07,,
90,5539,,1.3686167221749201e-06,,
90,5540,,1.7626047110752552e-06,,
90,5541,,2.1050964278401807e-06,,
90,5542,,8.348957294401771e-07,,
90,5543,,4.213614374748431e-05,,
90,5544,,6.747083602931525e-07,,
90,5545,,1.206835440825671e-05,,
90,5546,,1.6313146034008241e-06,,
90,5547,,1.4692550394102e-06,,
90,5548,,1.6272989569188212e-06,,
90,5549,,2.04248044610722e-05,,
90,5550,,6.573795303665975e-07,,
90,5550,,,11.189495086669922,7.467663181159878e-06
91,5551,,3.1539093470200896e-06,,
91,5552,,9.608551181372604e-07,,
91,5553,,1.7134451582023758e-06,,
91,5554,,1.1246989970459254e-06,,
91,5555,,7.442268383783812e-07,,
91,5556,,1.1490355973364785e-06,,
91,5557,,8.647220965940505e-07,,
91,5558,,1.8025209556071786e-06,,
91,5559,,4.352180985733867e-05,,
91,5560,,1.2061249208272784e-06,,
91,5561,,1.3109793144394644e-06,,
91,5562,,1.36730591293599e-06,,
91,5563,,1.5750035800010664e-06,,
91,5564,,1.2384375622787047e-06,,
91,5565,,1.041614177665906e-05,,
91,5566,,9.752169489729567e-07,,
91,5567,,1.5050886759127025e-06,,
91,5568,,1.445640350539179e-06,,
91,5569,,1.2890604921267368e-06,,
91,5570,,1.318935119343223e-06,,
91,5571,,2.189898395954515e-06,,
91,5572,,8.170496812454076e-07,,
91,5573,,4.000206899945624e-06,,
91,5574,,1.248704165845993e-06,,
91,5575,,8.61629246173834e-07,,
91,5576,,9.465547918807715e-07,,
91,5577,,1.7772919136405108e-06,,
91,5578,,1.0849654472622206e-06,,
91,5579,,0.00014596551773138344,,
91,5580,,1.5947881593092461e-06,,
91,5581,,2.1611306237900862e-06,,
91,5582,,6.837271939730272e-07,,
91,5583,,1.0959354312944924e-06,,
91,5584,,1.6228151480390807e-06,,
91,5585,,1.438654976482212e-06,,
91,5586,,3.903026481566485e-06,,
91,5587,,1.5996150750652305e-06,,
91,5588,,2.5264248506573495e-06,,
91,5589,,1.7333301229882636e-06,,
91,5590,,7.277976692421362e-07,,
91,5591,,8.528916737304826e-07,,
91,5592,,9.425426128473191e-07,,
91,5593,,1.3645990293298382e-06,,
91,5594,,1.2186125104562961e-06,,
91,5595,,1.3514359125110786e-06,,
91,5596,,6.929822120582685e-07,,
91,5597,,3.912301167474652e-07,,
91,5598,,1.5730911400169134e-06,,
91,5599,,1.323690753451956e-06,,
91,5600,,1.0536759873502888e-06,,
91,5601,,1.1086855238318094e-06,,
91,5602,,1.8229851548312581e-06,,
91,5603,,9.306948527409986e-07,,
91,5604,,4.902018986285839e-07,,
91,5605,,6.866721378173679e-07,,
91,5606,,2.6526583951635985e-06,,
91,5607,,1.2322258271524333e-06,,
91,5608,,7.53323206481582e-07,,
91,5609,,8.232629511439882e-07,,
91,5610,,1.643602445255965e-06,,
91,5611,,3.039945113414433e-07,,
91,5611,,,9.351451873779297,5.215810688241618e-06
92,5612,,4.6405884290834365e-07,,
92,5613,,5.821246418236115e-07,,
92,5614,,6.939554850760032e-07,,
92,5615,,1.5370444543805206e-06,,
92,5616,,3.2554657991568092e-06,,
92,5617,,1.1353160971339094e-06,,
92,5618,,5.265740696813737e-07,,
92,5619,,3.7015954035268805e-07,,
92,5620,,9.446545163882547e-07,,
92,5621,,1.8983059817401227e-06,,
92,5622,,8.245642106885498e-07,,
92,5623,,7.607689553879027e-07,,
92,5624,,6.344799317048455e-07,,
92,5625,,8.140499971887039e-07,,
92,5626,,5.002109446650138e-07,,
92,5627,,1.9650135527626844e-06,,
92,5628,,5.032717353969929e-07,,
92,5629,,0.00019281018467154354,,
92,5630,,5.36874949830235e-07,,
92,5631,,4.9192676669918e-06,,
92,5632,,1.5342704955401132e-06,,
92,5633,,2.2981539586908184e-06,,
92,5634,,1.1118022484879475e-06,,
92,5635,,2.3388920453726314e-06,,
92,5636,,1.011041263154766e-06,,
92,5637,,1.2635641724045854e-06,,
92,5638,,1.6021670035115676e-06,,
92,5639,,1.2382344038996962e-06,,
92,5640,,1.2219226164233987e-06,,
92,5641,,1.8037020481642685e-06,,
92,5642,,9.625171060179127e-07,,
92,5643,,9.45625117765303e-07,,
92,5644,,7.854327463974187e-07,,
92,5645,,1.736407966745901e-06,,
92,5646,,1.5296031051548198e-05,,
92,5647,,1.17309684810607e-06,,
92,5648,,8.532394986104919e-07,,
92,5649,,7.42434963285632e-07,,
92,5650,,8.893101949070115e-06,,
92,5651,,7.431589210682432e-07,,
92,5652,,6.224905746421427e-07,,
92,5653,,1.4210415884008398e-06,,
92,5654,,1.1640765933407238e-06,,
92,5655,,8.883689019967278e-07,,
92,5656,,1.078280092770001e-06,,
92,5657,,8.267743396572769e-07,,
92,5658,,1.5452751540578902e-06,,
92,5659,,6.760656674487109e-07,,
92,5660,,7.338632599385164e-07,,
92,5661,,6.61027399928571e-07,,
92,5662,,6.387444955180399e-07,,
92,5663,,5.428096301329788e-06,,
92,5664,,1.5921942804197897e-06,,
92,5665,,6.997043442424911e-07,,
92,5666,,5.917424005019711e-06,,
92,5667,,7.166203204178601e-07,,
92,5668,,9.183323186334746e-07,,
92,5669,,2.834920849181799e-07,,
92,5670,,1.1089149438703316e-06,,
92,5671,,2.474622306181118e-06,,
92,5672,,2.0063271222170442e-06,,
92,5672,,,5.915912628173828,2.087407665385399e-06
93,5673,,2.660091467987513e-06,,
93,5674,,1.0417224984848872e-06,,
93,5675,,9.504547051619738e-07,,
93,5676,,7.521082352468511e-07,,
93,5677,,1.2573595995490905e-06,,
93,5678,,8.586706030655478e-07,,
93,5679,,6.976259214752645e-07,,
93,5680,,1.4050939398657647e-06,,
93,5681,,1.5450766568392282e-06,,
93,5682,,2.89838908429374e-06,,
93,5683,,1.5300149698305177e-06,,
93,5684,,5.532530167329242e-07,,
93,5685,,1.3561193554778583e-06,,
93,5686,,4.8513556976104155e-06,,
93,5687,,1.3759389503320563e-06,,
93,5688,,1.8618019339555758e-06,,
93,5689,,5.091796992928721e-07,,
93,5690,,1.0019834917329717e-06,,
93,5691,,6.42686586616037e-07,,
93,5692,,1.082058020074328e-06,,
93,5693,,4.907874426862691e-07,,
93,5694,,1.0531232419452863e-06,,
93,5695,,8.591057394369273e-07,,
93,5696,,0.0001257670664926991,,
93,5697,,2.6608036023390014e-06,,
93,5698,,1.1116545692857471e-06,,
93,5699,,9.84390339908714e-07,,
93,5700,,6.930859512976895e-07,,
93,5701,,1.5218714679576806e-06,,
93,5702,,9.586065061739646e-07,,
93,5703,,9.165081564788125e-07,,
93,5704,,1.440370169802918e-06,,
93,5705,,9.733126944411197e-07,,
93,5706,,4.467502208171936e-07,,
93,5707,,7.661346330678498e-07,,
93,5708,,3.1625079373043263e-06,,
93,5709,,4.348106813267805e-06,,
93,5710,,4.27841996497591e-07,,
93,5711,,5.267852429824416e-07,,
93,5712,,1.121652644542337e-06,,
93,5713,,1.1532080179676996e-06,,
93,5714,,1.2549154462249135e-06,,
93,5715,,1.149947706835519e-06,,
93,5716,,6.769202514078643e-07,,
93,5717,,8.165840199580998e-07,,
93,5718,,2.365168711548904e-06,,
93,5719,,1.2059767868777271e-06,,
93,5720,,9.905272690957645e-07,,
93,5721,,7.826943715372181e-07,,
93,5722,,3.1676029266236583e-06,,
93,5723,,1.461614101572195e-05,,
93,5724,,1.5068678749230457e-06,,
93,5725,,3.839124474325217e-06,,
93,5726,,8.279175176539866e-07,,
93,5727,,7.073523988765373e-07,,
93,5728,,2.269715196234756e-06,,
93,5729,,8.509020403835166e-07,,
93,5730,,1.2842463547713123e-05,,
93,5731,,8.263090762739012e-07,,
93,5732,,1.693934677859943e-06,,
93,5733,,2.2140122837299714e-06,,
93,5733,,,7.71211576461792,3.547405867720954e-06
94,5734,,2.2334331788442796e-06,,
94,5735,,1.1719426993295201e-06,,
94,5736,,2.284440597577486e-06,,
94,5737,,1.360967416985659e-06,,
94,5738,,2.8291494800214423e-06,,
94,5739,,1.1803069810412126e-06,,
94,5740,,7.394201588795113e-07,,
94,5741,,2.669576588232303e-06,,
94,5742,,5.83925384489703e-07,,
94,5743,,1.8229036413686117e-06,,
94,5744,,1.3650281289301347e-05,,
94,5745,,7.07690674062178e-07,,
94,5746,,8.69664120273228e-07,,
94,5747,,4.2154306356678717e-07,,
94,5748,,6.085438144509681e-07,,
94,5749,,4.941206270814291e-07,,
94,5750,,1.1498204912641086e-06,,
94,5751,,5.026607823310769e-07,,
94,5752,,1.6998160390357953e-06,,
94,5753,,4.865714231527818e-07,,
94,5754,,1.3039232271694345e-06,,
94,5755,,3.159875177516369e-06,,
94,5756,,4.830280886380933e-06,,
94,5757,,1.1810486739705084e-06,,
94,5758,,9.686367548056296e-07,,
94,5759,,1.947162900250987e-06,,
94,5760,,1.7778514802557766e-06,,
94,5761,,3.5415601473687275e-07,,
94,5762,,1.4161350918584503e-06,,
94,5763,,1.6008266356948297e-06,,
94,5764,,2.3451279957953375e-06,,
94,5765,,1.6864868257471244e-06,,
94,5766,,8.796832275947963e-07,,
94,5767,,1.0918058706010925e-06,,
94,5768,,1.405830516887363e-06,,
94,5769,,7.429842980855028e-07,,
94,5770,,2.875185600714758e-06,,
94,5771,,5.892320587008726e-07,,
94,5772,,3.091900907747913e-06,,
94,5773,,3.4496179068810306e-06,,
94,5774,,1.5397209836010006e-06,,
94,5775,,2.0952541035512695e-06,,
94,5776,,1.0308390301361214e-06,,
94,5777,,8.500480817019707e-07,,
94,5778,,1.4318394505608012e-06,,
94,5779,,1.2444513686205028e-06,,
94,5780,,1.62100138823007e-06,,
94,5781,,1.0041026143881027e-06,,
94,5782,,5.8377634104545e-07,,
94,5783,,1.1874722076754551e-06,,
94,5784,,4.0293423353432445e-07,,
94,5785,,0.0001216122109326534,,
94,5786,,1.6437118119938532e-06,,
94,5787,,1.4066652056499152e-06,,
94,5788,,1.7006012740239385e-06,,
94,5789,,1.1722279396053636e-06,,
94,5790,,2.540158448027796e-06,,
94,5791,,1.6116500773932785e-06,,
94,5792,,1.7507932170701679e-06,,
94,5793,,4.5275223214957805e-07,,
94,5794,,1.5433228099936969e-06,,
94,5794,,,6.825928688049316,2.778991756713367e-06
95,5795,,3.2092480068968143e-06,,
95,5796,,2.0261372810637113e-06,,
95,5797,,8.912637667890522e-07,,
95,5798,,5.857912128703902e-07,,
95,5799,,1.1265433386142831e-06,,
95,5800,,8.675105505062675e-07,,
95,5801,,1.1491031273180852e-06,,
95,5802,,1.1302348639219417e-06,,
95,5803,,4.47637248726096e-05,,
95,5804,,1.5796235857123975e-06,,
95,5805,,2.0140714696026407e-05,,
95,5806,,7.77808509155875e-06,,
95,5807,,1.024064204102615e-06,,
95,5808,,7.655000899831066e-07,,
95,5809,,1.2964583220309578e-06,,
95,5810,,1.3015596778132021e-06,,
95,5811,,2.4350304101972142e-06,,
95,5812,,1.1539286788320169e-06,,
95,5813,,3.640579677721689e-07,,
95,5814,,2.073334826491191e-06,,
95,5815,,1.1238764727750095e-06,,
95,5816,,1.312934386987763e-06,,
95,5817,,1.2049132465108414e-06,,
95,5818,,1.7572895103512565e-06,,
95,5819,,1.0168188282477786e-06,,
95,5820,,2.0445156678761123e-06,,
95,5821,,3.32072377204895e-05,,
95,5822,,2.2470596832135925e-06,,
95,5823,,8.589302069594851e-07,,
95,5824,,8.670302236168936e-07,,
95,5825,,4.492285825108411e-06,,
95,5826,,1.92388233699603e-06,,
95,5827,,1.499601808063744e-06,,
95,5828,,7.933148253869149e-07,,
95,5829,,7.925265208541532e-07,,
95,5830,,3.3597614219615934e-06,,
95,5831,,8.460216349703842e-07,,
95,5832,,6.67005679133581e-07,,
95,5833,,1.2198269132568385e-06,,
95,5834,,1.529219730400655e-06,,
95,5835,,9.906701734507806e-07,,
95,5836,,1.231175588145561e-06,,
95,5837,,1.0184668326473911e-06,,
95,5838,,6.99335600984341e-07,,
95,5839,,1.015102611745533e-06,,
95,5840,,8.49741638830892e-07,,
95,5841,,3.7804825296916533e-06,,
95,5842,,5.624344794341596e-07,,
95,5843,,5.556615292334754e-07,,
95,5844,,8.298732609546278e-06,,
95,5845,,7.201642233667371e-07,,
95,5846,,1.4097928442424745e-06,,
95,5847,,1.7611711200515856e-06,,
95,5848,,8.811788916318619e-07,,
95,5849,,7.689404242228193e-07,,
95,5850,,5.182719178264961e-07,,
95,5851,,4.724100108433049e-06,,
95,5852,,6.346910481624946e-07,,
95,5853,,9.334364108326554e-07,,
95,5854,,2.001257598749362e-06,,
95,5855,,8.333860819220718e-07,,
95,5855,,,8.108314514160156,3.921253210137365e-06
96,5856,,1.9119929675071035e-06,,
96,5857,,8.30376222893392e-07,,
96,5858,,5.989271585349343e-07,,
96,5859,,1.8469605720383697e-06,,
96,5860,,1.4848104683551355e-06,,
96,5861,,6.330714654723124e-07,,
96,5862,,7.194835802692978e-07,,
96,5863,,8.44616863560077e-07,,
96,5864,,1.2641249895750661e-06,,
96,5865,,2.8196716357342666e-06,,
96,5866,,5.165977086107887e-07,,
96,5867,,7.307874057005392e-07,,
96,5868,,6.659341806880548e-07,,
96,5869,,7.285174774551706e-07,,
96,5870,,1.4771447922612424e-06,,
96,5871,,6.335038165161677e-07,,
96,5872,,1.3629203294840408e-06,,
96,5873,,9.630941804061877e-07,,
96,5874,,6.279722128965659e-07,,
96,5875,,5.4912216000957415e-06,,
96,5876,,9.627319741412066e-07,,
96,5877,,9.519307013761136e-07,,
96,5878,,8.449732717963343e-07,,
96,5879,,5.533586318051675e-07,,
96,5880,,6.741333322679566e-07,,
96,5881,,9.339427151644486e-07,,
96,5882,,2.8219262730999617e-06,,
96,5883,,5.274756063045061e-07,,
96,5884,,1.3173590787118883e-06,,
96,5885,,2.620142822706839e-06,,
96,5886,,6.274728434618737e-07,,
96,5887,,1.4386076827577199e-06,,
96,5888,,1.8682468407860142e-06,,
96,5889,,8.019941333259339e-07,,
96,5890,,1.0898484106292017e-06,,
96,5891,,7.380090778497106e-07,,
96,5892,,6.483334118456696e-07,,
96,5893,,8.816273293632548e-07,,
96,5894,,1.187606244457129e-06,,
96,5895,,1.3598569239547942e-06,,
96,5896,,1.3610348332804278e-06,,
96,5897,,9.744193221195019e-07,,
96,5898,,7.201713856375136e-07,,
96,5899,,8.531478101758694e-07,,
96,5900,,5.32927515450865e-07,,
96,5901,,6.986023777244554e-07,,
96,5902,,7.97009420239192e-07,,
96,5903,,8.155790283126407e-07,,
96,5904,,5.78865126499295e-07,,
96,5905,,5.91948435157974e-07,,
96,5906,,7.879435770519194e-07,,
96,5907,,2.41508837461879e-06,,
96,5908,,9.906851801133598e-07,,
96,5909,,1.1792154737122473e-06,,
96,5910,,5.263320304038643e-07,,
96,5911,,0.00010157496581086889,,
96,5912,,7.610126999679778e-07,,
96,5913,,4.095311396667967e-06,,
96,5914,,2.392775741100195e-06,,
96,5915,,8.326071565534221e-07,,
96,5916,,2.1150976863282267e-06,,
96,5916,,,8.613585472106934,4.425188308232464e-06
97,5917,,1.3049883818894159e-05,,
97,5918,,1.1692220596160041e-06,,
97,5919,,2.34255662689975e-06,,
97,5920,,7.855659305278095e-07,,
97,5921,,1.5964687918312848e-06,,
97,5922,,1.0577683724477538e-06,,
97,5923,,1.3565272638516035e-06,,
97,5924,,1.4518761872750474e-06,,
97,5925,,6.426458867281326e-07,,
97,5926,,8.143752552314254e-07,,
97,5927,,1.128093231272942e-06,,
97,5928,,3.80753590434324e-06,,
97,5929,,5.689003614861576e-07,,
97,5930,,7.112042794688023e-07,,
97,5931,,7.960405810081284e-07,,
97,5932,,8.865152381076769e-07,,
97,5933,,5.629450470223674e-07,,
97,5934,,4.412454188695847e-07,,
97,5935,,5.99911061271996e-07,,
97,5936,,1.1550982890184969e-06,,
97,5937,,2.5322431156382663e-06,,
97,5938,,2.2748504306946415e-06,,
97,5939,,9.758081205291091e-07,,
97,5940,,1.5560276551696006e-06,,
97,5941,,8.919611786950554e-07,,
97,5942,,9.492684966971865e-07,,
97,5943,,2.0452805529203033e-06,,
97,5944,,5.226904704613844e-07,,
97,5945,,7.12332735020027e-07,,
97,5946,,7.690347274547094e-07,,
97,5947,,5.481408607010962e-07,,
97,5948,,1.623346747692267e-06,,
97,5949,,7.966531256897724e-07,,
97,5950,,2.710636363190133e-05,,
97,5951,,6.916370693943463e-07,,
97,5952,,6.597892365789448e-07,,
97,5953,,1.5244629594235448e-06,,
97,5954,,9.425104394722439e-07,,
97,5955,,4.826697477255948e-07,,
97,5956,,7.571409241791116e-07,,
97,5957,,1.47917376125406e-06,,
97,5958,,1.0145621445190045e-06,,
97,5959,,5.344110149962944e-07,,
97,5960,,7.608852570228919e-07,,
97,5961,,5.812953531858511e-07,,
97,5962,,7.802643722243374e-07,,
97,5963,,5.187636816117447e-06,,
97,5964,,6.880204068693274e-07,,
97,5965,,5.903392548134434e-07,,
97,5966,,2.2965007246966707e-06,,
97,5967,,4.591283584431949e-07,,
97,5968,,6.201581186360272e-07,,
97,5969,,3.18327181503264e-07,,
97,5970,,2.1873518562642857e-05,,
97,5971,,8.972958198683045e-07,,
97,5972,,1.1529222092576674e-06,,
97,5973,,1.7289240759055247e-06,,
97,5974,,7.326167406063178e-07,,
97,5975,,3.3024929280145443e-07,,
97,5976,,2.181883428420406e-05,,
97,5977,,4.6681418552907417e-07,,
97,5977,,,11.379168510437012,7.722978807578329e-06
98,5978,,8.995342568596243e-07,,
98,5979,,3.2129971714311978e-06,,
98,5980,,2.1643436411977746e-05,,
98,5981,,8.992771540761169e-07,,
98,5982,,2.685010940695065e-06,,
98,5983,,9.752626283443533e-06,,
98,5984,,1.2991696394237806e-06,,
98,5985,,8.613887416686339e-07,,
98,5986,,8.046997095334518e-07,,
98,5987,,8.579706332056958e-07,,
98,5988,,1.0610037861624733e-06,,
98,5989,,1.792779698917002e-06,,
98,5990,,4.217501100356458e-06,,
98,5991,,9.842683539318386e-07,,
98,5992,,9.352655183647585e-07,,
98,5993,,2.536087322368985e-06,,
98,5994,,1.1801047321569058e-06,,
98,5995,,5.321820708559244e-07,,
98,5996,,2.0948791643604636e-06,,
98,5997,,5.823412152494711e-07,,
98,5998,,6.690679583698511e-07,,
98,5999,,1.1570336937438697e-06,,
98,6000,,5.330522299118456e-07,,
98,6001,,1.4434394870477263e-06,,
98,6002,,2.9615250696224393e-06,,
98,6003,,5.047248805567506e-07,,
98,6004,,8.364697805518517e-07,,
98,6005,,9.659296438258025e-07,,
98,6006,,3.908539270014444e-07,,
98,6007,,6.522387252516637e-07,,
98,6008,,1.645797510718694e-06,,
98,6009,,5.484471898853371e-07,,
98,6010,,5.26842256931559e-07,,
98,6011,,7.585569505863532e-07,,
98,6012,,1.737405568746908e-06,,
98,6013,,3.540245359090477e-07,,
98,6014,,7.329438744818617e-07,,
98,6015,,5.594025083155429e-07,,
98,6016,,1.5940501043587574e-06,,
98,6017,,1.5658305301258224e-06,,
98,6018,,1.1431529856054112e-06,,
98,6019,,9.222973744726914e-07,,
98,6020,,5.478746061271522e-06,,
98,6021,,6.758081667612714e-07,,
98,6022,,2.7353425480214355e-07,,
98,6023,,1.1859523283419549e-06,,
98,6024,,1.1217357496207114e-06,,
98,6025,,5.627508699035388e-07,,
98,6026,,5.431751333162538e-07,,
98,6027,,3.2085292787087383e-06,,
98,6028,,9.286949307352188e-07,,
98,6029,,9.193380492433789e-07,,
98,6030,,1.7559982552484144e-06,,
98,6031,,5.49003061678377e-07,,
98,6032,,7.247392090903304e-07,,
98,6033,,1.315744043495215e-06,,
98,6034,,5.966515459476796e-07,,
98,6035,,1.0562051784290816e-06,,
98,6036,,7.678569886593323e-07,,
98,6037,,5.734136721002869e-07,,
98,6038,,5.11468726926978e-07,,
98,6038,,,8.416635513305664,4.225136763125192e-06
99,6039,,1.3660286413141876e-06,,
99,6040,,1.055471557265264e-06,,
99,6041,,6.751945988980879e-07,,
99,6042,,9.730595138535136e-07,,
99,6043,,2.8288418434385676e-06,,
99,6044,,1.1744753010134446e-06,,
99,6045,,7.919939548628463e-07,,
99,6046,,1.0987874929924146e-06,,
99,6047,,7.548423468506371e-07,,
99,6048,,6.23565313162544e-07,,
99,6049,,4.364481469565362e-07,,
99,6050,,7.915287483228894e-07,,
99,6051,,7.270782589330338e-07,,
99,6052,,6.829487233517284e-07,,
99,6053,,6.347323164845875e-07,,
99,6054,,4.2373480368951277e-07,,
99,6055,,4.935956212648307e-07,,
99,6056,,5.846445674251299e-07,,
99,6057,,1.3955134363641264e-06,,
99,6058,,1.22181677397748e-06,,
99,6059,,1.44729142448341e-06,,
99,6060,,7.177566772043065e-07,,
99,6061,,5.356051246963034e-07,,
99,6062,,5.836775471834699e-07,,
99,6063,,3.106665644736495e-07,,
99,6064,,2.342552033951506e-05,,
99,6065,,9.6545124961267e-07,,
99,6066,,2.082048467855202e-06,,
99,6067,,5.356113206289592e-07,,
99,6068,,1.651282900638762e-06,,
99,6069,,5.321425078363973e-07,,
99,6070,,8.578376196055615e-07,,
99,6071,,1.0103080967382994e-06,,
99,6072,,2.5471008484601043e-06,,
99,6073,,5.086109240437509e-07,,
99,6074,,1.0181628340433235e-06,,
99,6075,,4.632637455870281e-07,,
99,6076,,8.864425922183727e-07,,
99,6077,,2.102319740515668e-06,,
99,6078,,3.45403691426327e-07,,
99,6079,,8.761831850279123e-05,,
99,6080,,2.774185531961848e-06,,
99,6081,,1.8657922282727668e-06,,
99,6082,,1.2572319292303291e-06,,
99,6083,,3.4656329717108747e-06,,
99,6084,,1.459238660572737e-06,,
99,6085,,9.408091727891588e-07,,
99,6086,,1.3857065823685843e-06,,
99,6087,,8.917252785067831e-07,,
99,6088,,9.507659797236556e-07,,
99,6089,,2.2800986698712222e-06,,
99,6090,,5.40061932952085e-07,,
99,6091,,1.6349167708540335e-06,,
99,6092,,5.567139851336833e-07,,
99,6093,,5.193255674385e-07,,
99,6094,,4.4534587573252793e-07,,
99,6095,,8.940451721173304e-07,,
99,6096,,1.7574332105141366e-06,,
99,6097,,9.302124794885458e-07,,
99,6098,,9.75840862338373e-07,,
99,6099,,1.0832143289007945e-06,,
99,6099,,,15.304352760314941,1.3969914107292425e-05
100,6100,19.603145599365234,,,
