,RevIN-CNN-iTransformer-BiLSTM,RevIN-CNN-Transformer-BiLSTM,CNN-BiLSTM-Attention,SCINet,GAN,Transformer,iTransformer,CNN-iTransformer-BiLSTM,RevIN-iTransformer-BiLSTM,RevIN-CNN-iTransformer,CNN-Transformer-BiLSTM,RevIN-Transformer-BiLSTM,RevIN-CNN-Transformer
RMSE,4.810676314795202,5.925581677100517,15.143476658822047,6.745528583515456,13.250827488437055,13.15958754005992,10.885358184470626,22.00515038964433,6.455952533063957,6.005082238326703,5.42440579470107,5.378393263323822,5.335559004998953
MAPE,0.017945242310322,0.0216282687727106,0.0530446913085015,0.0278243664045922,0.0477651966925399,0.0530706007016431,0.0440625589768639,0.0873920301329695,0.0246518891696912,0.0214903637458802,0.0203012830359052,0.0207563964880055,0.0198469673671397
R^2,0.9645212740901586,0.946170825487784,0.648433951756006,0.9302430126408006,0.730820648632692,0.7345148111653816,0.8183475788848007,0.2576573304069288,0.9361035986183204,0.9447167379620128,0.9548913235154176,0.955653346668224,0.9563568994767788
