,RevIN-CNN-iTransformer-BiLSTM,RevIN-CNN-Transformer-BiLSTM,CNN-BiLSTM-Attention,SCINet,GAN,Transformer,iTransformer,CNN-iTransformer-BiLSTM,RevIN-iTransformer-BiLSTM,RevIN-CNN-iTransformer,CNN-Transformer-BiLSTM,RevIN-Transformer-BiLSTM,RevIN-CNN-Transformer
RMSE,1.2857738343783738,1.8800596852623213,10.587314879543571,5.9318565989641465,5.432363962426727,6.743683071019736,4.266827556863117,4.596934728580803,1.811466691280952,1.8412498238725357,6.309825879275205,1.712005546902797,2.043313328998915
MAPE,0.0182873167203755,0.0268494688547352,0.1567178381245581,0.0892758011730822,0.0762655482193804,0.1145515079763566,0.0604403548607015,0.053250482376671,0.026186332887864,0.0259140182596815,0.1038264513281465,0.0245114704974511,0.0293739529454162
R^2,0.9881406056902232,0.9746442409872148,0.1959093700726469,0.7475853084792978,0.7883047756316603,0.6737671835535759,0.8693998955040539,0.8484101872638317,0.9764606727073472,0.9756802683509928,0.7143934969134713,0.978974628565122,0.9700495551075572
