,RevIN-CNN-iTransformer-BiLSTM,RevIN-CNN-Transformer-BiLSTM,CNN-BiLSTM-Attention,SCINet,GAN,Transformer,iTransformer,CNN-iTransformer-BiLSTM,RevIN-iTransformer-BiLSTM,RevIN-CNN-iTransformer,CNN-Transformer-BiLSTM,RevIN-Transformer-BiLSTM,RevIN-CNN-Transformer
RMSE,40.75487891626286,58.86636350510439,368.0331363657725,190.82265531571943,147.7137734478099,191.1403921187351,85.0867934371049,158.05797190570158,62.17779219932606,43.85360255808165,174.47074072611733,83.97849670137916,70.48944849824828
MAPE,0.0234439538177276,0.0369470034537346,0.215302778030157,0.1656723398545283,0.1205271937213368,0.2302257517290425,0.0473923682816008,0.1018349194828177,0.0385139281607554,0.0267183894865218,0.1589464608272367,0.0597599571164823,0.0490569332438899
R^2,0.9959594612802584,0.9915702542826952,0.6705011493819479,0.9114191327053914,0.9469210841404316,0.9111238969657722,0.9823881745309972,0.9392266930856774,0.9905951764310744,0.9953216726032827,0.92594996496619,0.9828439915817296,0.9879127283117108
