,RevIN-CNN-iTransformer-BiLSTM,RevIN-CNN-Transformer-BiLSTM,CNN-BiLSTM-Attention,SCINet,GAN,Transformer,iTransformer,CNN-iTransformer-BiLSTM,RevIN-iTransformer-BiLSTM,RevIN-CNN-iTransformer,CNN-Transformer-BiLSTM,RevIN-Transformer-BiLSTM,RevIN-CNN-Transformer
RMSE,5.231069616277361,6.471191145570364,76.39874321795841,45.99211052011946,34.282106481804725,49.53181604671595,14.331385726265896,38.58182787017239,7.99653461627987,6.035437369045066,38.62622197440328,10.89808503305186,8.338302227398367
MAPE,0.0171920842829089,0.022447353149322,0.2553854584166757,0.1973161873090843,0.1462081736558553,0.2947762315678008,0.0412976557554208,0.0987263074458314,0.0264718947002762,0.0201439311919587,0.1832468609689446,0.0447638896364985,0.0351524913865819
R^2,0.9981564821771984,0.9971787940086932,0.6067771288984136,0.8574940427866229,0.920822581088148,0.8347144665291927,0.9861629754542544,0.8997159327649898,0.9956920566429828,0.9975459475749356,0.8994850166609988,0.9919985862992196,0.9953159490987268
