epoch,step,test_RMSE,train_loss,val_RMSE,val_loss
0,9,,0.00024242352810688317,,
0,19,,0.0002676241856534034,,
0,29,,0.00023043036344461143,,
0,39,,0.0001643381401663646,,
0,49,,0.00025357570848427713,,
0,59,,0.0001775555865606293,,
0,60,,,200.90609741210938,0.00012416350364219397
1,69,,0.00011527726746862754,,
1,79,,0.0001771910028764978,,
1,89,,0.00010354569531045854,,
1,99,,9.253884491045028e-05,,
1,109,,0.00015858086408115923,,
1,119,,0.00011806248949142173,,
1,121,,,160.12913513183594,9.898423741105944e-05
2,129,,0.00012919849541503936,,
2,139,,0.00012969356612302363,,
2,149,,0.00011952549539273605,,
2,159,,9.978565503843129e-05,,
2,169,,9.859452984528616e-05,,
2,179,,0.00014846718113403767,,
2,182,,,128.17599487304688,7.919298514025286e-05
3,189,,9.71125191426836e-05,,
3,199,,8.224789053201675e-05,,
3,209,,8.265413634944707e-05,,
3,219,,7.318292045965791e-05,,
3,229,,9.079426672542468e-05,,
3,239,,8.093433280009776e-05,,
3,243,,,89.8033447265625,5.530699127120897e-05
4,249,,8.937302482081577e-05,,
4,259,,6.913494144100696e-05,,
4,269,,0.00011522975546540692,,
4,279,,6.900788866914809e-05,,
4,289,,6.624833622481674e-05,,
4,299,,5.9772515669465065e-05,,
4,304,,,72.21983337402344,4.441007331479341e-05
5,309,,8.290830737678334e-05,,
5,319,,6.991974805714563e-05,,
5,329,,0.00010244897566735744,,
5,339,,5.7511650084052235e-05,,
5,349,,5.494528522831388e-05,,
5,359,,7.264162559295073e-05,,
5,365,,,69.66155242919922,4.280418943380937e-05
6,369,,5.593863170361146e-05,,
6,379,,7.337080751312897e-05,,
6,389,,6.438362470362335e-05,,
6,399,,0.00011001357779605314,,
6,409,,0.00016847024380695075,,
6,419,,5.6657270761206746e-05,,
6,426,,,84.25001525878906,5.19705681654159e-05
7,429,,6.741222750861198e-05,,
7,439,,5.6278535339515656e-05,,
7,449,,5.7469467719784006e-05,,
7,459,,5.046334626968019e-05,,
7,469,,4.957042619935237e-05,,
7,479,,7.548119901912287e-05,,
7,487,,,60.653961181640625,3.727973671630025e-05
8,489,,6.002122609061189e-05,,
8,499,,5.513149153557606e-05,,
8,509,,3.931988976546563e-05,,
8,519,,6.398492405423895e-05,,
8,529,,6.45680192974396e-05,,
8,539,,6.283383845584467e-05,,
8,548,,,46.73677444458008,2.855916682165116e-05
9,549,,3.46289889421314e-05,,
9,559,,6.066199784982018e-05,,
9,569,,4.70801314804703e-05,,
9,579,,5.308711843099445e-05,,
9,589,,4.191200059722178e-05,,
9,599,,6.237908382900059e-05,,
9,609,,5.028188388678245e-05,,
9,609,,,37.92451095581055,2.3035445337882265e-05
10,619,,6.744696293026209e-05,,
10,629,,6.0122467402834445e-05,,
10,639,,7.629644096596166e-05,,
10,649,,5.499270628206432e-05,,
10,659,,5.489018440130167e-05,,
10,669,,4.598189116222784e-05,,
10,670,,,52.55038833618164,3.22755440720357e-05
11,679,,6.8622590333689e-05,,
11,689,,6.0738810134353116e-05,,
11,699,,4.245419768267311e-05,,
11,709,,4.991616151528433e-05,,
11,719,,4.139119482715614e-05,,
11,729,,7.77839741203934e-05,,
11,731,,,81.98020935058594,5.0654674851102754e-05
12,739,,3.3413805795134977e-05,,
12,749,,6.381126149790362e-05,,
12,759,,6.693820614600554e-05,,
12,769,,8.771823922870681e-05,,
12,779,,5.647058424074203e-05,,
12,789,,5.5757536756573245e-05,,
12,792,,,77.28623962402344,4.776521382154897e-05
13,799,,6.40520520391874e-05,,
13,809,,5.163664172869176e-05,,
13,819,,4.6278673835331574e-05,,
13,829,,4.8352590965805575e-05,,
13,839,,2.821165071509313e-05,,
13,849,,5.437957952381112e-05,,
13,853,,,24.117876052856445,1.4508297681459226e-05
14,859,,5.435349157778546e-05,,
14,869,,5.3386040235636756e-05,,
14,879,,4.123923645238392e-05,,
14,889,,4.625481597031467e-05,,
14,899,,4.4932188757229596e-05,,
14,909,,3.814619412878528e-05,,
14,914,,,48.870155334472656,3.007479608641006e-05
15,919,,4.834133869735524e-05,,
15,929,,5.285175939206965e-05,,
15,939,,5.418343789642677e-05,,
15,949,,4.514989268500358e-05,,
15,959,,3.693355029099621e-05,,
15,969,,3.797855242737569e-05,,
15,975,,,15.760050773620605,9.194959602609742e-06
16,979,,3.3378055377397686e-05,,
16,989,,3.669631769298576e-05,,
16,999,,4.5760512875858694e-05,,
16,1009,,4.399461977300234e-05,,
16,1019,,2.881251748476643e-05,,
16,1029,,3.01919317280408e-05,,
16,1036,,,32.85868453979492,2.011411743296776e-05
17,1039,,3.102473419858143e-05,,
17,1049,,3.303725679870695e-05,,
17,1059,,3.2807769457576796e-05,,
17,1069,,4.065762914251536e-05,,
17,1079,,3.2903302781051025e-05,,
17,1089,,4.070138675160706e-05,,
17,1097,,,10.55994987487793,7.2220955189550295e-06
18,1099,,9.25831773201935e-05,,
18,1109,,7.039403135422617e-05,,
18,1119,,2.404689439572394e-05,,
18,1129,,4.431795241544023e-05,,
18,1139,,5.244240310275927e-05,,
18,1149,,4.316218110034242e-05,,
18,1158,,,22.65727996826172,1.3685770682059228e-05
19,1159,,2.6352203349233605e-05,,
19,1169,,2.9849537895643152e-05,,
19,1179,,2.959004632430151e-05,,
19,1189,,4.020839332952164e-05,,
19,1199,,4.109931251150556e-05,,
19,1209,,8.657870785100386e-05,,
19,1219,,2.004148882406298e-05,,
19,1219,,,24.70676040649414,1.4988392649684101e-05
20,1229,,4.503236777964048e-05,,
20,1239,,2.5818484573392197e-05,,
20,1249,,3.6822686524828896e-05,,
20,1259,,2.6191228243988007e-05,,
20,1269,,3.2150699553312734e-05,,
20,1279,,0.00010641189874149859,,
20,1280,,,39.396244049072266,2.422281431790907e-05
21,1289,,5.239433448878117e-05,,
21,1299,,3.392201324459165e-05,,
21,1309,,3.547714004525915e-05,,
21,1319,,3.127715172013268e-05,,
21,1329,,3.234154428355396e-05,,
21,1339,,5.4379543144023046e-05,,
21,1341,,,37.872493743896484,2.3244785552378744e-05
22,1349,,3.2294712582370266e-05,,
22,1359,,3.133742939098738e-05,,
22,1369,,3.437637860770337e-05,,
22,1379,,2.5354545869049616e-05,,
22,1389,,2.569900607340969e-05,,
22,1399,,3.092588303843513e-05,,
22,1402,,,29.065933227539062,1.76745616045082e-05
23,1409,,2.839812259480823e-05,,
23,1419,,2.7631729608401656e-05,,
23,1429,,2.9412898584268987e-05,,
23,1439,,2.7261587092652917e-05,,
23,1449,,2.6922854885924608e-05,,
23,1459,,8.50279611768201e-05,,
23,1463,,,32.36396408081055,1.9812583559541963e-05
24,1469,,2.531390418880619e-05,,
24,1479,,3.08210619550664e-05,,
24,1489,,2.1237541659502313e-05,,
24,1499,,4.071793591720052e-05,,
24,1509,,3.187550828442909e-05,,
24,1519,,2.1631018171319738e-05,,
24,1524,,,11.605737686157227,7.528801234002458e-06
25,1529,,4.5420030801324174e-05,,
25,1539,,4.916621037409641e-05,,
25,1549,,2.2727985196979716e-05,,
25,1559,,2.976370342366863e-05,,
25,1569,,2.2654379790765233e-05,,
25,1579,,3.440598811721429e-05,,
25,1585,,,20.444522857666016,1.2302336472203024e-05
26,1589,,2.9011016522417776e-05,,
26,1599,,1.4785261555516627e-05,,
26,1609,,3.4616350603755563e-05,,
26,1619,,4.0028920921031386e-05,,
26,1629,,4.770225132233463e-05,,
26,1639,,4.062874359078705e-05,,
26,1646,,,11.593810081481934,9.658263479650486e-06
27,1649,,2.9579654437839054e-05,,
27,1659,,3.10386749333702e-05,,
27,1669,,2.1416462914203294e-05,,
27,1679,,2.6182737201452255e-05,,
27,1689,,2.3601340217282996e-05,,
27,1699,,1.2725945452984888e-05,,
27,1707,,,34.9320182800293,2.1387484594015405e-05
28,1709,,3.0639235774287954e-05,,
28,1719,,2.382308230153285e-05,,
28,1729,,2.1521580492844805e-05,,
28,1739,,3.480375016806647e-05,,
28,1749,,3.636315886978991e-05,,
28,1759,,1.6647461961838417e-05,,
28,1768,,,10.023712158203125,8.994617928692605e-06
29,1769,,2.9693750548176467e-05,,
29,1779,,2.46348117798334e-05,,
29,1789,,2.4743718313402496e-05,,
29,1799,,3.341359843034297e-05,,
29,1809,,2.833869439200498e-05,,
29,1819,,2.591697557363659e-05,,
29,1829,,1.9289109332021326e-05,,
29,1829,,,20.505064010620117,1.2327179319981951e-05
30,1839,,1.6642377886455506e-05,,
30,1849,,1.779182639438659e-05,,
30,1859,,1.6336834960384294e-05,,
30,1869,,2.712318928388413e-05,,
30,1879,,1.6065792806330137e-05,,
30,1889,,2.80893400486093e-05,,
30,1890,,,14.181324005126953,9.142460839939304e-06
31,1899,,2.6816489480552264e-05,,
31,1909,,1.8332541003474034e-05,,
31,1919,,2.071388007607311e-05,,
31,1929,,3.145348819089122e-05,,
31,1939,,2.1836873202119023e-05,,
31,1949,,2.0350156773929484e-05,,
31,1951,,,5.571347713470459,3.2118037779582664e-05
32,1959,,3.212756564607844e-05,,
32,1969,,1.2861026334576309e-05,,
32,1979,,4.165229620411992e-05,,
32,1989,,2.6544861611910164e-05,,
32,1999,,6.063968248781748e-05,,
32,2009,,2.8978842237847857e-05,,
32,2012,,,17.499530792236328,1.1243539120187052e-05
33,2019,,1.8852184439310804e-05,,
33,2029,,2.424281592539046e-05,,
33,2039,,2.6464405891601928e-05,,
33,2049,,1.819017961679492e-05,,
33,2059,,2.592592136352323e-05,,
33,2069,,2.3223594325827435e-05,,
33,2073,,,20.69611930847168,1.2422447071003262e-05
34,2079,,3.30638576997444e-05,,
34,2089,,1.8559238014859147e-05,,
34,2099,,1.7078387827496044e-05,,
34,2109,,2.079208570648916e-05,,
34,2119,,1.38529394462239e-05,,
34,2129,,2.1994535927660763e-05,,
34,2134,,,5.670021057128906,6.304270209511742e-05
35,2139,,2.7033151127398014e-05,,
35,2149,,1.5204421288217418e-05,,
35,2159,,2.128089363395702e-05,,
35,2169,,5.1193976105423644e-05,,
35,2179,,2.4532919269404374e-05,,
35,2189,,1.776333010639064e-05,,
35,2195,,,18.01403045654297,1.0795177331601735e-05
36,2199,,2.720415432122536e-05,,
36,2209,,1.3873712305212393e-05,,
36,2219,,1.994950980588328e-05,,
36,2229,,2.204608972533606e-05,,
36,2239,,2.6144971343455836e-05,,
36,2249,,2.215897256974131e-05,,
36,2256,,,17.868389129638672,1.0637702871463262e-05
37,2259,,2.126011168002151e-05,,
37,2269,,1.1863889085361734e-05,,
37,2279,,3.093137638643384e-05,,
37,2289,,2.358537858526688e-05,,
37,2299,,2.8302205464569852e-05,,
37,2309,,2.495218359399587e-05,,
37,2317,,,20.182279586791992,1.2176697055110708e-05
38,2319,,1.6257761672022752e-05,,
38,2329,,2.625276829348877e-05,,
38,2339,,1.3990891602588817e-05,,
38,2349,,1.595703542989213e-05,,
38,2359,,2.6300769604858942e-05,,
38,2369,,3.6231598642189056e-05,,
38,2378,,,5.385169982910156,2.1715419279644266e-05
39,2379,,5.3536998166237026e-05,,
39,2389,,2.6839066777029075e-05,,
39,2399,,2.052978379651904e-05,,
39,2409,,1.3281682186061516e-05,,
39,2419,,2.5492981876595877e-05,,
39,2429,,1.4560471754521132e-05,,
39,2439,,1.4907999684510287e-05,,
39,2439,,,12.250079154968262,8.811803127173334e-06
40,2449,,1.91736216947902e-05,,
40,2459,,1.732122473185882e-05,,
40,2469,,1.5376188457594253e-05,,
40,2479,,2.2375770640792325e-05,,
40,2489,,2.2504218577523716e-05,,
40,2499,,2.712701643758919e-05,,
40,2500,,,22.997493743896484,1.3945222235633992e-05
41,2509,,2.0268224034225568e-05,,
41,2519,,2.1853844373254105e-05,,
41,2529,,1.6718342521926388e-05,,
41,2539,,2.966173087770585e-05,,
41,2549,,2.4415727239102125e-05,,
41,2559,,4.3094540160382167e-05,,
41,2561,,,17.507646560668945,1.0399713573860936e-05
42,2569,,1.7989761545322835e-05,,
42,2579,,1.7634671166888438e-05,,
42,2589,,0.00010002555063692853,,
42,2599,,3.375334199517965e-05,,
42,2609,,1.8101751265930943e-05,,
42,2619,,2.1203228243393824e-05,,
42,2622,,,22.421457290649414,1.3609057532448787e-05
43,2629,,1.843674181145616e-05,,
43,2639,,2.6775820515467785e-05,,
43,2649,,1.640320806473028e-05,,
43,2659,,1.807030821510125e-05,,
43,2669,,2.9950910175102763e-05,,
43,2679,,1.8230613932246342e-05,,
43,2683,,,15.075417518615723,8.937056009017397e-06
44,2689,,1.6646066796965897e-05,,
44,2699,,1.8192957213614136e-05,,
44,2709,,2.2177518985699862e-05,,
44,2719,,1.8290296793566085e-05,,
44,2729,,2.060253063973505e-05,,
44,2739,,1.8239081327919848e-05,,
44,2744,,,16.041135787963867,9.508726179774385e-06
45,2749,,1.7768179532140493e-05,,
45,2759,,2.055192817351781e-05,,
45,2769,,1.4389595889952034e-05,,
45,2779,,1.3816978025715798e-05,,
45,2789,,2.0380386558827013e-05,,
45,2799,,1.5328107110690325e-05,,
45,2805,,,21.896869659423828,1.3223656424088404e-05
46,2809,,2.5606737835914828e-05,,
46,2819,,5.823296669404954e-05,,
46,2829,,4.177733353571966e-05,,
46,2839,,3.192524309270084e-05,,
46,2849,,2.2507092580781318e-05,,
46,2859,,1.9347373381606303e-05,,
46,2866,,,6.125673770904541,7.054570596665144e-05
47,2869,,1.3922786820330657e-05,,
47,2879,,1.9094017261522822e-05,,
47,2889,,2.012584991462063e-05,,
47,2899,,1.4972000826674048e-05,,
47,2909,,1.548484397062566e-05,,
47,2919,,1.7007319911499508e-05,,
47,2927,,,17.302820205688477,1.0356600796512794e-05
48,2928,,1.6453626813017763e-05,,
48,2929,,1.3066452993371058e-05,,
48,2930,,1.806046384444926e-05,,
48,2931,,1.4498024029307999e-05,,
48,2932,,1.7538637621328235e-05,,
48,2933,,2.003959525609389e-05,,
48,2934,,1.5060690202517435e-05,,
48,2935,,2.4876711904653348e-05,,
48,2936,,0.00015117258590180427,,
48,2937,,1.4051624020794407e-05,,
48,2938,,1.8580971300252713e-05,,
48,2939,,2.7500571377458982e-05,,
48,2940,,1.629478720133193e-05,,
48,2941,,1.574243106006179e-05,,
48,2942,,1.3013931493333075e-05,,
48,2943,,1.2249484825588297e-05,,
48,2944,,1.3734728781855665e-05,,
48,2945,,2.6470397642697208e-05,,
48,2946,,1.760038867359981e-05,,
48,2947,,1.2199759112263564e-05,,
48,2948,,1.2030450307065621e-05,,
48,2949,,1.64039374794811e-05,,
48,2950,,1.1193104910489637e-05,,
48,2951,,1.3780359950033017e-05,,
48,2952,,1.5606423403369263e-05,,
48,2953,,1.2910912118968554e-05,,
48,2954,,1.8431092030368745e-05,,
48,2955,,2.0721981854876503e-05,,
48,2956,,1.3488939657690935e-05,,
48,2957,,1.3158196452422999e-05,,
48,2958,,1.414918642694829e-05,,
48,2959,,2.213801781181246e-05,,
48,2960,,1.716304905130528e-05,,
48,2961,,1.8563714547781274e-05,,
48,2962,,1.5640744095435366e-05,,
48,2963,,1.3348327229323331e-05,,
48,2964,,2.394184411969036e-05,,
48,2965,,1.558991971251089e-05,,
48,2966,,1.0911000572377816e-05,,
48,2967,,1.938599416462239e-05,,
48,2968,,1.4566146091965493e-05,,
48,2969,,1.8695560356718488e-05,,
48,2970,,2.0685451090685092e-05,,
48,2971,,1.987848008866422e-05,,
48,2972,,1.870411324489396e-05,,
48,2973,,2.0239280274836347e-05,,
48,2974,,1.6078089174698107e-05,,
48,2975,,1.2237434020789806e-05,,
48,2976,,1.3244208275864366e-05,,
48,2977,,1.4193195056577679e-05,,
48,2978,,3.9321512304013595e-05,,
48,2979,,1.3513518752006348e-05,,
48,2980,,2.0833682356169447e-05,,
48,2981,,1.8462091247783974e-05,,
48,2982,,1.9600231098593213e-05,,
48,2983,,1.5718442227807827e-05,,
48,2984,,1.9474293367238715e-05,,
48,2985,,1.6110287106130272e-05,,
48,2986,,1.3204733477323316e-05,,
48,2987,,1.364539366477402e-05,,
48,2988,,1.2736843018501531e-05,,
48,2988,,,7.121471405029297,1.2582369890878908e-05
49,2989,,2.1469384591910057e-05,,
49,2990,,2.6539166356087662e-05,,
49,2991,,2.2213507691049017e-05,,
49,2992,,1.3554970792029053e-05,,
49,2993,,1.9741053620236926e-05,,
49,2994,,2.291237615281716e-05,,
49,2995,,1.8011312931776047e-05,,
49,2996,,1.9504297597450204e-05,,
49,2997,,1.726664777379483e-05,,
49,2998,,2.2569445718545467e-05,,
49,2999,,1.585638165124692e-05,,
49,3000,,1.503088788012974e-05,,
49,3001,,1.6047273675212637e-05,,
49,3002,,1.1303495739412028e-05,,
49,3003,,1.1311092748655938e-05,,
49,3004,,5.4077125241747126e-05,,
49,3005,,3.130338154733181e-05,,
49,3006,,1.7396416296833195e-05,,
49,3007,,2.836442581610754e-05,,
49,3008,,3.299872696516104e-05,,
49,3009,,3.1683750421507284e-05,,
49,3010,,3.603570075938478e-05,,
49,3011,,3.3436535886721686e-05,,
49,3012,,3.205059329047799e-05,,
49,3013,,3.7247617001412436e-05,,
49,3014,,3.872192246490158e-05,,
49,3015,,3.310489046270959e-05,,
49,3016,,3.2819305488374084e-05,,
49,3017,,2.775975917757023e-05,,
49,3018,,2.8081909476895817e-05,,
49,3019,,2.1767360522062518e-05,,
49,3020,,2.132824192813132e-05,,
49,3021,,1.8453723896527663e-05,,
49,3022,,1.7531769117340446e-05,,
49,3023,,2.0568239051499404e-05,,
49,3024,,2.661790858837776e-05,,
49,3025,,3.0225508453440852e-05,,
49,3026,,1.355921722279163e-05,,
49,3027,,1.7813512386055663e-05,,
49,3028,,1.8610402548802085e-05,,
49,3029,,2.371711343585048e-05,,
49,3030,,2.4893151930882595e-05,,
49,3031,,2.295942249475047e-05,,
49,3032,,2.8148549972684123e-05,,
49,3033,,2.6383528165752068e-05,,
49,3034,,2.303989094798453e-05,,
49,3035,,2.0717678125947714e-05,,
49,3036,,1.6775822587078437e-05,,
49,3037,,1.734369470796082e-05,,
49,3038,,2.173854227294214e-05,,
49,3039,,1.8846936654881574e-05,,
49,3040,,1.3622628102893941e-05,,
49,3041,,2.5295546947745606e-05,,
49,3042,,1.2582671843119897e-05,,
49,3043,,2.4518145437468775e-05,,
49,3044,,1.7549327822052874e-05,,
49,3045,,1.4175607248034794e-05,,
49,3046,,1.3243268767837435e-05,,
49,3047,,0.0001469402341172099,,
49,3048,,1.4341861060529482e-05,,
49,3049,,1.1401464689697605e-05,,
49,3049,,,10.16706371307373,8.04492174211191e-06
50,3050,,1.2003780284430832e-05,,
50,3051,,1.722761408018414e-05,,
50,3052,,1.776069802872371e-05,,
50,3053,,1.4310990081867203e-05,,
50,3054,,1.752167554514017e-05,,
50,3055,,1.5912475646473467e-05,,
50,3056,,1.9815144696622156e-05,,
50,3057,,1.8812344933394343e-05,,
50,3058,,1.5020626051409636e-05,,
50,3059,,1.6175330529222265e-05,,
50,3060,,1.5958939911797643e-05,,
50,3061,,1.359582347504329e-05,,
50,3062,,4.278517735656351e-05,,
50,3063,,1.0811905667651445e-05,,
50,3064,,1.546888415759895e-05,,
50,3065,,1.3031525668338872e-05,,
50,3066,,1.7377491531078704e-05,,
50,3067,,2.5851646569208242e-05,,
50,3068,,1.936603439389728e-05,,
50,3069,,2.104518898704555e-05,,
50,3070,,2.0284114725654945e-05,,
50,3071,,2.1245485186227597e-05,,
50,3072,,1.7081660189433023e-05,,
50,3073,,2.0891091480734758e-05,,
50,3074,,1.4223791367840022e-05,,
50,3075,,1.5985586287570186e-05,,
50,3076,,1.1370483662176412e-05,,
50,3077,,1.8757018551696092e-05,,
50,3078,,1.6854653949849308e-05,,
50,3079,,9.30268652155064e-06,,
50,3080,,1.4901467693562154e-05,,
50,3081,,1.0426276276120916e-05,,
50,3082,,1.1993053703918122e-05,,
50,3083,,2.2895455913385376e-05,,
50,3084,,9.353650057164486e-06,,
50,3085,,1.7489610399934463e-05,,
50,3086,,2.1897334590903483e-05,,
50,3087,,2.0820907593588345e-05,,
50,3088,,1.926966433529742e-05,,
50,3089,,0.0001421392080374062,,
50,3090,,2.1370813556131907e-05,,
50,3091,,2.0493513147812337e-05,,
50,3092,,2.2431373508879915e-05,,
50,3093,,2.518203473300673e-05,,
50,3094,,2.048241913144011e-05,,
50,3095,,1.7352709619444795e-05,,
50,3096,,1.769585651345551e-05,,
50,3097,,1.638400681258645e-05,,
50,3098,,2.1342746549635194e-05,,
50,3099,,1.6873847926035523e-05,,
50,3100,,1.2972982403880451e-05,,
50,3101,,2.2195716155692935e-05,,
50,3102,,2.594526631582994e-05,,
50,3103,,1.7222906535607763e-05,,
50,3104,,1.8845434169634245e-05,,
50,3105,,2.4289933207910508e-05,,
50,3106,,2.2107367840362713e-05,,
50,3107,,2.9665032343473285e-05,,
50,3108,,2.773003507172689e-05,,
50,3109,,2.549989403632935e-05,,
50,3110,,2.7163385311723687e-05,,
50,3110,,,30.710054397583008,1.8808361346600577e-05
51,3111,,2.43701615545433e-05,,
51,3112,,2.292985300300643e-05,,
51,3113,,1.893843727884814e-05,,
51,3114,,1.7487996956333518e-05,,
51,3115,,1.7862666936707683e-05,,
51,3116,,1.5528639778494835e-05,,
51,3117,,2.6881592930294573e-05,,
51,3118,,1.2672419870796148e-05,,
51,3119,,2.973218579427339e-05,,
51,3120,,2.185983794333879e-05,,
51,3121,,1.8579967218101956e-05,,
51,3122,,2.4532759198336862e-05,,
51,3123,,1.965347837540321e-05,,
51,3124,,2.4592214685981162e-05,,
51,3125,,0.0001351216487819329,,
51,3126,,2.2159514628583565e-05,,
51,3127,,2.3321103071793914e-05,,
51,3128,,1.9781555238296278e-05,,
51,3129,,2.235624924651347e-05,,
51,3130,,2.244625284220092e-05,,
51,3131,,2.2505351807922125e-05,,
51,3132,,1.719720421533566e-05,,
51,3133,,1.5532241377513856e-05,,
51,3134,,1.8721608284977265e-05,,
51,3135,,2.3470636733691208e-05,,
51,3136,,3.9463800931116566e-05,,
51,3137,,2.272557139804121e-05,,
51,3138,,2.2489684852189384e-05,,
51,3139,,3.2362338970415294e-05,,
51,3140,,2.3113507268135436e-05,,
51,3141,,2.5485795049462467e-05,,
51,3142,,2.421775570837781e-05,,
51,3143,,2.7145915737492032e-05,,
51,3144,,2.4082406525849365e-05,,
51,3145,,2.4030941858654842e-05,,
51,3146,,3.080884926021099e-05,,
51,3147,,2.0341078197816387e-05,,
51,3148,,1.6839516320033e-05,,
51,3149,,2.331233372387942e-05,,
51,3150,,1.7116461094701663e-05,,
51,3151,,2.340992978133727e-05,,
51,3152,,3.197892874595709e-05,,
51,3153,,1.644049734750297e-05,,
51,3154,,1.8285752958036028e-05,,
51,3155,,1.9225612049922347e-05,,
51,3156,,1.7765765733201988e-05,,
51,3157,,1.5337893273681402e-05,,
51,3158,,1.7940892576007172e-05,,
51,3159,,1.7652815586188808e-05,,
51,3160,,1.7483358533354476e-05,,
51,3161,,2.1026946342317387e-05,,
51,3162,,1.5518067812081426e-05,,
51,3163,,1.807726403058041e-05,,
51,3164,,1.6735886674723588e-05,,
51,3165,,1.331403836957179e-05,,
51,3166,,2.299619882251136e-05,,
51,3167,,2.2769614588469267e-05,,
51,3168,,1.4810028005740605e-05,,
51,3169,,1.8549182641436346e-05,,
51,3170,,1.774743213900365e-05,,
51,3171,,2.9383138098637573e-05,,
51,3171,,,19.885677337646484,1.1966129022766836e-05
52,3172,,1.976596649910789e-05,,
52,3173,,2.1226051103440113e-05,,
52,3174,,2.4691096768947318e-05,,
52,3175,,2.1453974113683216e-05,,
52,3176,,2.464833050908055e-05,,
52,3177,,2.561955261626281e-05,,
52,3178,,2.2051108317100443e-05,,
52,3179,,2.171857704524882e-05,,
52,3180,,1.8368809833191335e-05,,
52,3181,,1.4710779396409635e-05,,
52,3182,,1.546952989883721e-05,,
52,3183,,2.08627443498699e-05,,
52,3184,,2.8385136829456314e-05,,
52,3185,,1.460245948692318e-05,,
52,3186,,1.8167373127653264e-05,,
52,3187,,1.506671560491668e-05,,
52,3188,,0.0001470482675358653,,
52,3189,,2.1920353901805356e-05,,
52,3190,,2.0272520487196743e-05,,
52,3191,,1.8440598068991676e-05,,
52,3192,,1.965449337149039e-05,,
52,3193,,2.0710287572001107e-05,,
52,3194,,1.2456633157853503e-05,,
52,3195,,1.7280997781199403e-05,,
52,3196,,2.171714550058823e-05,,
52,3197,,3.1719511753180996e-05,,
52,3198,,1.6851096006575972e-05,,
52,3199,,2.3161002900451422e-05,,
52,3200,,2.9745400752290152e-05,,
52,3201,,2.094855335599277e-05,,
52,3202,,1.1736673513951246e-05,,
52,3203,,1.355778567813104e-05,,
52,3204,,2.224839226983022e-05,,
52,3205,,1.561315730214119e-05,,
52,3206,,1.3268355360196438e-05,,
52,3207,,1.3966262486064807e-05,,
52,3208,,1.695829450909514e-05,,
52,3209,,1.6606663848506287e-05,,
52,3210,,1.5023980267869774e-05,,
52,3211,,2.4020848286454566e-05,,
52,3212,,1.5630428606527857e-05,,
52,3213,,1.6577023416175507e-05,,
52,3214,,1.8772410840028897e-05,,
52,3215,,1.3667573512066156e-05,,
52,3216,,1.3654618669534102e-05,,
52,3217,,1.5452656953129917e-05,,
52,3218,,1.1395261935831513e-05,,
52,3219,,1.1808592716988642e-05,,
52,3220,,1.3896693417336792e-05,,
52,3221,,1.383211747452151e-05,,
52,3222,,2.7135791242471896e-05,,
52,3223,,3.030395419045817e-05,,
52,3224,,1.638382309465669e-05,,
52,3225,,2.2555184841621667e-05,,
52,3226,,2.5013601771206595e-05,,
52,3227,,1.3261560525279492e-05,,
52,3228,,1.5312045434257016e-05,,
52,3229,,1.825163053581491e-05,,
52,3230,,2.25131880142726e-05,,
52,3231,,1.4716336409037467e-05,,
52,3232,,1.1363014891685452e-05,,
52,3232,,,8.048699378967285,9.331790352007374e-06
53,3233,,1.3352659152587876e-05,,
53,3234,,1.6734629753045738e-05,,
53,3235,,1.034720571624348e-05,,
53,3236,,3.031321830349043e-05,,
53,3237,,1.3607144865090959e-05,,
53,3238,,1.2844684533774853e-05,,
53,3239,,1.2387125934765209e-05,,
53,3240,,2.2784555767429993e-05,,
53,3241,,1.7360111087327823e-05,,
53,3242,,1.9557332052499987e-05,,
53,3243,,1.657742541283369e-05,,
53,3244,,1.5870544302742928e-05,,
53,3245,,1.7096203009714372e-05,,
53,3246,,1.978442378458567e-05,,
53,3247,,1.544119731988758e-05,,
53,3248,,1.7875174307846464e-05,,
53,3249,,1.588481063663494e-05,,
53,3250,,1.701323526503984e-05,,
53,3251,,1.3339360521058552e-05,,
53,3252,,1.1653569345071446e-05,,
53,3253,,2.7883952498086728e-05,,
53,3254,,2.964806481031701e-05,,
53,3255,,1.417575367668178e-05,,
53,3256,,2.0074568965355866e-05,,
53,3257,,2.6500134481466375e-05,,
53,3258,,2.49760541919386e-05,,
53,3259,,2.4170580218196847e-05,,
53,3260,,2.5677776648080908e-05,,
53,3261,,2.6845375032280572e-05,,
53,3262,,2.6228255592286587e-05,,
53,3263,,2.8456843210733496e-05,,
53,3264,,2.4246270186267793e-05,,
53,3265,,2.5982732040574774e-05,,
53,3266,,1.8404120055492967e-05,,
53,3267,,1.4169743735692464e-05,,
53,3268,,1.8618804460857064e-05,,
53,3269,,2.1722478777519427e-05,,
53,3270,,1.3892407878302038e-05,,
53,3271,,3.6979236028855667e-05,,
53,3272,,1.8369579265709035e-05,,
53,3273,,1.3935722563473973e-05,,
53,3274,,1.89641687029507e-05,,
53,3275,,1.3786017007078044e-05,,
53,3276,,1.68193564604735e-05,,
53,3277,,1.4223182915884536e-05,,
53,3278,,1.8777558580040932e-05,,
53,3279,,1.1867484317917842e-05,,
53,3280,,1.1800754691648763e-05,,
53,3281,,1.1271333278273232e-05,,
53,3282,,1.1970135346928146e-05,,
53,3283,,1.4571824976883363e-05,,
53,3284,,2.3419439457939006e-05,,
53,3285,,2.678864257177338e-05,,
53,3286,,1.7046368157025427e-05,,
53,3287,,1.960174813575577e-05,,
53,3288,,2.3341890482697636e-05,,
53,3289,,0.00015136027650441974,,
53,3290,,1.8458731574355625e-05,,
53,3291,,1.9052542484132573e-05,,
53,3292,,1.827109736041166e-05,,
53,3293,,1.5078152500791475e-05,,
53,3293,,,17.456727981567383,1.0452909918967634e-05
54,3294,,1.6064033843576908e-05,,
54,3295,,1.4172237570164725e-05,,
54,3296,,1.42458902701037e-05,,
54,3297,,2.074782423733268e-05,,
54,3298,,1.5148943930398673e-05,,
54,3299,,2.9987424568389542e-05,,
54,3300,,1.7820249922806397e-05,,
54,3301,,2.124809725501109e-05,,
54,3302,,1.7252021280000918e-05,,
54,3303,,1.736444937705528e-05,,
54,3304,,1.6766791304689832e-05,,
54,3305,,1.8772241674014367e-05,,
54,3306,,2.0898667571600527e-05,,
54,3307,,1.708609670458827e-05,,
54,3308,,2.1632005882565863e-05,,
54,3309,,1.4996847312431782e-05,,
54,3310,,1.3845778994436841e-05,,
54,3311,,2.1388146706158295e-05,,
54,3312,,2.0047724319738336e-05,,
54,3313,,1.0119486432813574e-05,,
54,3314,,1.7388425476383418e-05,,
54,3315,,1.5921837984933518e-05,,
54,3316,,1.769089612935204e-05,,
54,3317,,1.942979361047037e-05,,
54,3318,,1.6843054254422896e-05,,
54,3319,,2.0813475202885456e-05,,
54,3320,,1.3077167750452645e-05,,
54,3321,,1.1066057595598977e-05,,
54,3322,,1.649853766139131e-05,,
54,3323,,2.3972836061147973e-05,,
54,3324,,1.4120421838015318e-05,,
54,3325,,1.4775382624065969e-05,,
54,3326,,2.171852975152433e-05,,
54,3327,,2.077561293845065e-05,,
54,3328,,2.227375443908386e-05,,
54,3329,,0.00012720574159175158,,
54,3330,,3.0084165700827725e-05,,
54,3331,,2.7903517548111267e-05,,
54,3332,,2.7050802600570023e-05,,
54,3333,,3.0139346563373692e-05,,
54,3334,,2.8137563276686706e-05,,
54,3335,,2.5783774617593735e-05,,
54,3336,,2.5847513825283386e-05,,
54,3337,,2.227090772066731e-05,,
54,3338,,2.1820791516802274e-05,,
54,3339,,1.8383485439699143e-05,,
54,3340,,1.1554300726857036e-05,,
54,3341,,2.171708365494851e-05,,
54,3342,,4.2952466174028814e-05,,
54,3343,,3.1802283046999946e-05,,
54,3344,,1.2369800060696434e-05,,
54,3345,,1.4883436961099505e-05,,
54,3346,,2.53800844802754e-05,,
54,3347,,2.4245055101346225e-05,,
54,3348,,2.201869028795045e-05,,
54,3349,,3.381154965609312e-05,,
54,3350,,2.3974109353730455e-05,,
54,3351,,2.8468057280406356e-05,,
54,3352,,2.3725600840407424e-05,,
54,3353,,2.1864592781639658e-05,,
54,3354,,1.777216857590247e-05,,
54,3354,,,18.80880355834961,1.1349195119692013e-05
55,3355,,1.634782165638171e-05,,
55,3356,,1.2613481885637157e-05,,
55,3357,,1.1966270903940313e-05,,
55,3358,,2.151319495169446e-05,,
55,3359,,1.2568822057801299e-05,,
55,3360,,1.6323509044013917e-05,,
55,3361,,1.160436568170553e-05,,
55,3362,,1.4142396139504854e-05,,
55,3363,,1.723714012769051e-05,,
55,3364,,2.6657869966584258e-05,,
55,3365,,0.00013443711213767529,,
55,3366,,1.7111846318584867e-05,,
55,3367,,1.4850134903099388e-05,,
55,3368,,1.585423706274014e-05,,
55,3369,,2.119764576491434e-05,,
55,3370,,1.549300941405818e-05,,
55,3371,,1.5104201338544954e-05,,
55,3372,,1.743746361171361e-05,,
55,3373,,1.489254009356955e-05,,
55,3374,,1.1137694855278824e-05,,
55,3375,,2.555114588176366e-05,,
55,3376,,1.7350404959870502e-05,,
55,3377,,1.4545016711053904e-05,,
55,3378,,1.1994703527307138e-05,,
55,3379,,1.7787648175726645e-05,,
55,3380,,1.429879466741113e-05,,
55,3381,,1.5874000382609665e-05,,
55,3382,,1.3267242138681468e-05,,
55,3383,,1.1424932381487451e-05,,
55,3384,,1.4557394933945034e-05,,
55,3385,,2.9798902687616646e-05,,
55,3386,,1.696862636890728e-05,,
55,3387,,1.9899069229722954e-05,,
55,3388,,2.2755013560527004e-05,,
55,3389,,2.421724821033422e-05,,
55,3390,,3.139323598588817e-05,,
55,3391,,2.536085776227992e-05,,
55,3392,,3.1129275157582015e-05,,
55,3393,,2.7300424335408024e-05,,
55,3394,,2.9465683837770484e-05,,
55,3395,,3.2130847102962434e-05,,
55,3396,,2.812316051858943e-05,,
55,3397,,2.2686426746076904e-05,,
55,3398,,2.0444276742637157e-05,,
55,3399,,1.807075932447333e-05,,
55,3400,,1.5414254448842257e-05,,
55,3401,,2.087883694912307e-05,,
55,3402,,1.06026855064556e-05,,
55,3403,,1.1818619896075688e-05,,
55,3404,,2.6583142243907787e-05,,
55,3405,,2.176625821448397e-05,,
55,3406,,1.552854519104585e-05,,
55,3407,,1.9861201508319937e-05,,
55,3408,,1.380987396260025e-05,,
55,3409,,1.7454352928325534e-05,,
55,3410,,1.71406427398324e-05,,
55,3411,,1.7198695786646567e-05,,
55,3412,,2.157184644602239e-05,,
55,3413,,1.733073077048175e-05,,
55,3414,,1.2777612937497906e-05,,
55,3415,,3.9347942220047116e-05,,
55,3415,,,7.3172101974487305,9.952448635885958e-06
56,3416,,1.8572742192191072e-05,,
56,3417,,1.7671034584054723e-05,,
56,3418,,1.4681978427688591e-05,,
56,3419,,1.550275737827178e-05,,
56,3420,,2.020473766606301e-05,,
56,3421,,2.2743373847333714e-05,,
56,3422,,2.2494470613310114e-05,,
56,3423,,1.8712118617258966e-05,,
56,3424,,1.8606924641062506e-05,,
56,3425,,1.9957966287620366e-05,,
56,3426,,1.613120548427105e-05,,
56,3427,,1.4901336726325098e-05,,
56,3428,,1.2393426914059091e-05,,
56,3429,,1.1806289876403753e-05,,
56,3430,,1.729650466586463e-05,,
56,3431,,1.2594934560183901e-05,,
56,3432,,1.8595570509205572e-05,,
56,3433,,1.9269753465778194e-05,,
56,3434,,1.7718220988172106e-05,,
56,3435,,1.821152909542434e-05,,
56,3436,,1.921921648317948e-05,,
56,3437,,1.860031443357002e-05,,
56,3438,,2.1456849935930222e-05,,
56,3439,,1.9095323295914568e-05,,
56,3440,,2.314038465556223e-05,,
56,3441,,1.984131995413918e-05,,
56,3442,,2.087671418848913e-05,,
56,3443,,2.3681817765464075e-05,,
56,3444,,2.0314939320087433e-05,,
56,3445,,1.897842412290629e-05,,
56,3446,,2.027905429713428e-05,,
56,3447,,2.852160105248913e-05,,
56,3448,,1.6126867194543593e-05,,
56,3449,,1.647976205276791e-05,,
56,3450,,1.590354622749146e-05,,
56,3451,,1.7327758541796356e-05,,
56,3452,,2.0184275854262523e-05,,
56,3453,,1.2637936379178427e-05,,
56,3454,,1.705158138065599e-05,,
56,3455,,1.642896131670568e-05,,
56,3456,,1.9212133338442072e-05,,
56,3457,,1.5808775060577318e-05,,
56,3458,,1.4856868801871315e-05,,
56,3459,,1.6462921848869883e-05,,
56,3460,,1.0909429875027854e-05,,
56,3461,,0.00012722182145807892,,
56,3462,,1.664975752646569e-05,,
56,3463,,1.696656363492366e-05,,
56,3464,,1.2139100363128819e-05,,
56,3465,,1.335660090262536e-05,,
56,3466,,1.6896852685022168e-05,,
56,3467,,1.8141856344300322e-05,,
56,3468,,1.1773946425819304e-05,,
56,3469,,1.042306212184485e-05,,
56,3470,,2.2343243472278118e-05,,
56,3471,,2.3261580281541683e-05,,
56,3472,,1.4831040061835665e-05,,
56,3473,,1.832420821301639e-05,,
56,3474,,2.3798516849637963e-05,,
56,3475,,2.4055238100118004e-05,,
56,3476,,2.67064715444576e-05,,
56,3476,,,29.489242553710938,1.808242996048648e-05
57,3477,,2.707936982915271e-05,,
57,3478,,2.558383312134538e-05,,
57,3479,,2.4687047698535025e-05,,
57,3480,,2.3532778868684545e-05,,
57,3481,,1.7452110114390962e-05,,
57,3482,,1.378965225740103e-05,,
57,3483,,1.5471639926545322e-05,,
57,3484,,1.5736723071313463e-05,,
57,3485,,3.37688579747919e-05,,
57,3486,,1.8093784092343412e-05,,
57,3487,,1.3144526747055352e-05,,
57,3488,,1.7048403606167994e-05,,
57,3489,,1.566777609696146e-05,,
57,3490,,2.0034318367834203e-05,,
57,3491,,1.88786525541218e-05,,
57,3492,,1.4965363334340509e-05,,
57,3493,,2.181619311159011e-05,,
57,3494,,1.685651295701973e-05,,
57,3495,,1.3273195690999273e-05,,
57,3496,,1.2651185897993855e-05,,
57,3497,,1.2111693649785593e-05,,
57,3498,,3.1291867344407365e-05,,
57,3499,,1.3391973880061414e-05,,
57,3500,,1.2334362509136554e-05,,
57,3501,,1.4190488400345203e-05,,
57,3502,,9.61824207479367e-06,,
57,3503,,1.67558991961414e-05,,
57,3504,,1.6854153727763332e-05,,
57,3505,,1.377746866637608e-05,,
57,3506,,1.4330377780424897e-05,,
57,3507,,1.1256497600697912e-05,,
57,3508,,1.4593843843613286e-05,,
57,3509,,1.3074381968181115e-05,,
57,3510,,1.133045407186728e-05,,
57,3511,,1.8645250747795217e-05,,
57,3512,,3.166551323374733e-05,,
57,3513,,1.1357751645846292e-05,,
57,3514,,1.3027642125962302e-05,,
57,3515,,1.1883707884408068e-05,,
57,3516,,1.3017946002946701e-05,,
57,3517,,1.423308549419744e-05,,
57,3518,,1.7160260540549643e-05,,
57,3519,,1.5830939446459524e-05,,
57,3520,,0.00013472004502546042,,
57,3521,,1.9016135411220603e-05,,
57,3522,,2.3404018065775745e-05,,
57,3523,,1.7042188119376078e-05,,
57,3524,,1.8354425264988095e-05,,
57,3525,,1.9366581909707747e-05,,
57,3526,,1.4428696886170655e-05,,
57,3527,,1.4115613339527044e-05,,
57,3528,,1.4282421943789814e-05,,
57,3529,,2.93821249215398e-05,,
57,3530,,1.4232192370400298e-05,,
57,3531,,2.4742676032474265e-05,,
57,3532,,2.215312997577712e-05,,
57,3533,,1.6759029676904902e-05,,
57,3534,,1.658853580011055e-05,,
57,3535,,2.7216719900025055e-05,,
57,3536,,2.3287451767828315e-05,,
57,3537,,1.7483635019743815e-05,,
57,3537,,,23.587987899780273,1.4363201444211882e-05
58,3538,,1.7250618839170784e-05,,
58,3539,,2.161539850931149e-05,,
58,3540,,1.601670192030724e-05,,
58,3541,,1.3432424566417467e-05,,
58,3542,,1.2521989447122905e-05,,
58,3543,,1.354371943307342e-05,,
58,3544,,1.3225187103671487e-05,,
58,3545,,2.444922756694723e-05,,
58,3546,,1.0793580258905422e-05,,
58,3547,,1.698519008641597e-05,,
58,3548,,1.5241768778651021e-05,,
58,3549,,1.5938841897877865e-05,,
58,3550,,1.8535192793933675e-05,,
58,3551,,1.6817928553791717e-05,,
58,3552,,1.5408488252433017e-05,,
58,3553,,2.1222967916401103e-05,,
58,3554,,1.5929397704894654e-05,,
58,3555,,1.2732172763207927e-05,,
58,3556,,8.793145752861165e-06,,
58,3557,,1.7726501027937047e-05,,
58,3558,,2.4573286282247864e-05,,
58,3559,,1.7917474906425923e-05,,
58,3560,,1.6960189896053635e-05,,
58,3561,,2.2647767764283344e-05,,
58,3562,,1.9945264284615405e-05,,
58,3563,,2.721109012782108e-05,,
58,3564,,2.6575862648314796e-05,,
58,3565,,2.065771332127042e-05,,
58,3566,,2.4682974981260486e-05,,
58,3567,,2.5189281586790457e-05,,
58,3568,,1.684079506958369e-05,,
58,3569,,2.4865625164238736e-05,,
58,3570,,1.3335781659407075e-05,,
58,3571,,1.1685792742355261e-05,,
58,3572,,1.362300736218458e-05,,
58,3573,,1.2248871826159302e-05,,
58,3574,,2.257734195154626e-05,,
58,3575,,1.5455019820365123e-05,,
58,3576,,0.00013820859021507204,,
58,3577,,2.0105881048948504e-05,,
58,3578,,2.29980141739361e-05,,
58,3579,,2.6099100068677217e-05,,
58,3580,,2.521441456337925e-05,,
58,3581,,2.9156233722460456e-05,,
58,3582,,2.4249282432720065e-05,,
58,3583,,3.153005309286527e-05,,
58,3584,,2.460538235027343e-05,,
58,3585,,2.7390680770622566e-05,,
58,3586,,2.1601277694571763e-05,,
58,3587,,1.9929904738091864e-05,,
58,3588,,2.2749456547899172e-05,,
58,3589,,1.5593046555295587e-05,,
58,3590,,1.5000659914221615e-05,,
58,3591,,1.8052905943477526e-05,,
58,3592,,4.245165109750815e-05,,
58,3593,,2.1642328647430986e-05,,
58,3594,,1.6511472495039925e-05,,
58,3595,,1.7455291526857764e-05,,
58,3596,,1.073343082680367e-05,,
58,3597,,1.7108812244259752e-05,,
58,3598,,1.587506994837895e-05,,
58,3598,,,15.79029369354248,9.410992788616568e-06
59,3599,,1.5459030691999942e-05,,
59,3600,,1.793597220967058e-05,,
59,3601,,1.712302582745906e-05,,
59,3602,,1.3754509382124525e-05,,
59,3603,,1.4768670553166885e-05,,
59,3604,,1.8764720152830705e-05,,
59,3605,,1.1502110282890499e-05,,
59,3606,,1.4244847079680767e-05,,
59,3607,,1.82314124685945e-05,,
59,3608,,1.517210876045283e-05,,
59,3609,,1.866507955128327e-05,,
59,3610,,2.0188928829156794e-05,,
59,3611,,1.6283755030599423e-05,,
59,3612,,1.468888785893796e-05,,
59,3613,,1.589581006555818e-05,,
59,3614,,1.529089240648318e-05,,
59,3615,,1.5493698811042123e-05,,
59,3616,,1.3013755960855633e-05,,
59,3617,,1.911883009597659e-05,,
59,3618,,2.5469877073192038e-05,,
59,3619,,1.461389911128208e-05,,
59,3620,,1.3337858945305925e-05,,
59,3621,,1.6914549632929265e-05,,
59,3622,,1.2554532986541744e-05,,
59,3623,,1.2893493476440199e-05,,
59,3624,,1.4252180335461162e-05,,
59,3625,,1.9261537090642378e-05,,
59,3626,,1.5756155335111544e-05,,
59,3627,,0.0001450169802410528,,
59,3628,,1.467555011913646e-05,,
59,3629,,1.7731721527525224e-05,,
59,3630,,1.870722189778462e-05,,
59,3631,,1.939986032084562e-05,,
59,3632,,1.7124330042861402e-05,,
59,3633,,1.7572074284544215e-05,,
59,3634,,1.556358256493695e-05,,
59,3635,,1.105685078073293e-05,,
59,3636,,1.2098442311980762e-05,,
59,3637,,1.90410137292929e-05,,
59,3638,,1.554849040985573e-05,,
59,3639,,1.840961522248108e-05,,
59,3640,,2.0370507627376355e-05,,
59,3641,,2.349213173147291e-05,,
59,3642,,1.60493582370691e-05,,
59,3643,,2.488885547791142e-05,,
59,3644,,2.8986309189349413e-05,,
59,3645,,1.8676075342227705e-05,,
59,3646,,1.5255501239153091e-05,,
59,3647,,2.084490733977873e-05,,
59,3648,,1.3575416232924908e-05,,
59,3649,,1.8548867956269532e-05,,
59,3650,,2.1450494386954233e-05,,
59,3651,,1.76332669070689e-05,,
59,3652,,2.316086283826735e-05,,
59,3653,,1.3908766959502827e-05,,
59,3654,,1.1062908015446737e-05,,
59,3655,,1.560142482048832e-05,,
59,3656,,1.4812524568696972e-05,,
59,3657,,1.428004998160759e-05,,
59,3658,,1.8798044038703665e-05,,
59,3659,,1.4034364539838862e-05,,
59,3659,,,16.369417190551758,9.768991731107235e-06
60,3660,,2.1881120119360276e-05,,
60,3661,,1.6493719158461317e-05,,
60,3662,,1.2529879313660786e-05,,
60,3663,,1.0225164260191377e-05,,
60,3664,,1.4207560525392182e-05,,
60,3665,,1.2746706488542259e-05,,
60,3666,,1.2177678399893921e-05,,
60,3667,,1.634574255149346e-05,,
60,3668,,1.448565672035329e-05,,
60,3669,,1.0550597835390363e-05,,
60,3670,,1.894709566840902e-05,,
60,3671,,1.0763787940959446e-05,,
60,3672,,1.9163913748343475e-05,,
60,3673,,1.3677693459612783e-05,,
60,3674,,1.733377757773269e-05,,
60,3675,,1.452428477932699e-05,,
60,3676,,1.4825191101408564e-05,,
60,3677,,1.4794439266552217e-05,,
60,3678,,1.5199613699223846e-05,,
60,3679,,0.00013148726429790258,,
60,3680,,1.379786499455804e-05,,
60,3681,,2.4205190129578114e-05,,
60,3682,,1.846868144639302e-05,,
60,3683,,1.6562311429879628e-05,,
60,3684,,2.11223177757347e-05,,
60,3685,,1.38461682581692e-05,,
60,3686,,1.4127303984423634e-05,,
60,3687,,1.6984064131975174e-05,,
60,3688,,2.0922065232298337e-05,,
60,3689,,1.1760464076360222e-05,,
60,3690,,1.2164372492406983e-05,,
60,3691,,1.7313215721515007e-05,,
60,3692,,2.1982486941851676e-05,,
60,3693,,1.2335993233136833e-05,,
60,3694,,1.534962939331308e-05,,
60,3695,,1.3332158232515212e-05,,
60,3696,,1.549787339172326e-05,,
60,3697,,1.8432399883749895e-05,,
60,3698,,1.5975538190105e-05,,
60,3699,,2.0561488781822845e-05,,
60,3700,,1.6979283827822655e-05,,
60,3701,,1.9545543182175606e-05,,
60,3702,,1.4631041267421097e-05,,
60,3703,,1.4394738172995858e-05,,
60,3704,,1.9813318431260996e-05,,
60,3705,,1.796238029783126e-05,,
60,3706,,1.585859718034044e-05,,
60,3707,,1.3684762052434962e-05,,
60,3708,,1.9222210539737716e-05,,
60,3709,,2.094403316732496e-05,,
60,3710,,1.54040681081824e-05,,
60,3711,,1.9036537196370773e-05,,
60,3712,,1.3551863958127797e-05,,
60,3713,,1.532907299406361e-05,,
60,3714,,1.1269127753621433e-05,,
60,3715,,1.1957782589888666e-05,,
60,3716,,1.7066075088223442e-05,,
60,3717,,1.7949079847312532e-05,,
60,3718,,1.447248814656632e-05,,
60,3719,,2.3632463125977665e-05,,
60,3720,,9.186685929307714e-06,,
60,3720,,,12.079480171203613,8.52392622618936e-06
61,3721,,1.1774881386372726e-05,,
61,3722,,1.4713617929373868e-05,,
61,3723,,1.6233319911407307e-05,,
61,3724,,1.423734374839114e-05,,
61,3725,,1.9538525521056727e-05,,
61,3726,,1.776272983988747e-05,,
61,3727,,0.0001454047451261431,,
61,3728,,1.663121292949654e-05,,
61,3729,,1.5027765584818553e-05,,
61,3730,,1.5607598470523953e-05,,
61,3731,,1.5736995919723995e-05,,
61,3732,,1.1040262506867293e-05,,
61,3733,,1.4432501302508172e-05,,
61,3734,,8.880404493538663e-06,,
61,3735,,1.1720646398316603e-05,,
61,3736,,4.989720036974177e-05,,
61,3737,,1.382199116051197e-05,,
61,3738,,1.9720049749594182e-05,,
61,3739,,1.151651576947188e-05,,
61,3740,,1.5386316590593196e-05,,
61,3741,,1.690016324573662e-05,,
61,3742,,1.855650043580681e-05,,
61,3743,,1.7829288481152616e-05,,
61,3744,,1.7989397747442126e-05,,
61,3745,,1.562943543831352e-05,,
61,3746,,1.4404626199393533e-05,,
61,3747,,1.795187381503638e-05,,
61,3748,,1.2354060345387552e-05,,
61,3749,,1.4775927411392331e-05,,
61,3750,,2.107728141709231e-05,,
61,3751,,1.675048224569764e-05,,
61,3752,,2.1585057766060345e-05,,
61,3753,,1.1731759514077567e-05,,
61,3754,,2.4648023099871352e-05,,
61,3755,,2.539083652663976e-05,,
61,3756,,2.6673551474232227e-05,,
61,3757,,2.12377399293473e-05,,
61,3758,,2.2112910301075317e-05,,
61,3759,,1.8527676729718223e-05,,
61,3760,,2.3025471818982624e-05,,
61,3761,,1.896670801215805e-05,,
61,3762,,1.650172816880513e-05,,
61,3763,,1.3578672223957255e-05,,
61,3764,,1.5305500710383058e-05,,
61,3765,,2.1711888621211983e-05,,
61,3766,,2.340618993912358e-05,,
61,3767,,1.0921737157332245e-05,,
61,3768,,1.3066995052213315e-05,,
61,3769,,1.511902519268915e-05,,
61,3770,,1.3317247066879645e-05,,
61,3771,,1.4979264960857108e-05,,
61,3772,,1.5308502042898908e-05,,
61,3773,,1.3096579095872585e-05,,
61,3774,,1.2295013220864348e-05,,
61,3775,,1.986364986805711e-05,,
61,3776,,2.3276539650396444e-05,,
61,3777,,1.899840935948305e-05,,
61,3778,,1.9263818103354424e-05,,
61,3779,,2.29215274885064e-05,,
61,3780,,1.665407580730971e-05,,
61,3781,,1.4294303582573775e-05,,
61,3781,,,24.27517318725586,1.4790709428780247e-05
62,3782,,1.9768129277508706e-05,,
62,3783,,2.2241905753617175e-05,,
62,3784,,2.7963449610979296e-05,,
62,3785,,2.5792802262003534e-05,,
62,3786,,3.339523755130358e-05,,
62,3787,,2.4874283553799614e-05,,
62,3788,,2.9348148018470965e-05,,
62,3789,,2.6003714083344676e-05,,
62,3790,,2.659827623574529e-05,,
62,3791,,2.975677307404112e-05,,
62,3792,,1.9587592760217376e-05,,
62,3793,,2.3432223315467127e-05,,
62,3794,,1.9470826373435557e-05,,
62,3795,,1.639454421820119e-05,,
62,3796,,1.969582081073895e-05,,
62,3797,,2.3317948944168165e-05,,
62,3798,,2.7020158086088486e-05,,
62,3799,,1.4099748113949317e-05,,
62,3800,,1.850403714342974e-05,,
62,3801,,2.2617292415816337e-05,,
62,3802,,3.0461511414614506e-05,,
62,3803,,2.5469464162597433e-05,,
62,3804,,2.1504651158466004e-05,,
62,3805,,2.262136149511207e-05,,
62,3806,,1.9666273146867752e-05,,
62,3807,,2.108826993207913e-05,,
62,3808,,1.7648135326453485e-05,,
62,3809,,1.3507782568922266e-05,,
62,3810,,1.3722736184718087e-05,,
62,3811,,1.2968443115823902e-05,,
62,3812,,2.5184566766256467e-05,,
62,3813,,1.4773991097172257e-05,,
62,3814,,1.7414495232515037e-05,,
62,3815,,1.6952921214397065e-05,,
62,3816,,2.18025434151059e-05,,
62,3817,,1.924970820255112e-05,,
62,3818,,1.9678231183206663e-05,,
62,3819,,1.8570201063994318e-05,,
62,3820,,2.4825238142511807e-05,,
62,3821,,1.7989073967328295e-05,,
62,3822,,1.565696220495738e-05,,
62,3823,,1.9126071492792107e-05,,
62,3824,,1.6649713870720007e-05,,
62,3825,,1.4711451512994245e-05,,
62,3826,,9.863053492153995e-06,,
62,3827,,1.80588431248907e-05,,
62,3828,,1.2618625078175683e-05,,
62,3829,,1.7513923012302257e-05,,
62,3830,,1.6239644537563436e-05,,
62,3831,,1.1973980690527242e-05,,
62,3832,,1.5242281733662821e-05,,
62,3833,,1.6764952306402847e-05,,
62,3834,,1.6542087905691005e-05,,
62,3835,,1.4230821761884727e-05,,
62,3836,,1.3743956515099853e-05,,
62,3837,,1.0489363376109395e-05,,
62,3838,,1.5591609553666785e-05,,
62,3839,,4.929776332573965e-05,,
62,3840,,1.1310061381664127e-05,,
62,3841,,0.00012117525329813361,,
62,3842,,1.7771639249986038e-05,,
62,3842,,,25.37334632873535,1.547101783216931e-05
63,3843,,2.2340333089232445e-05,,
63,3844,,0.0001137804429163225,,
63,3845,,2.357550329179503e-05,,
63,3846,,2.5145547624561004e-05,,
63,3847,,2.929482070612721e-05,,
63,3848,,2.741850767051801e-05,,
63,3849,,2.0412015146575868e-05,,
63,3850,,2.1943962565273978e-05,,
63,3851,,2.1202737116254866e-05,,
63,3852,,2.2281494238995947e-05,,
63,3853,,1.641072412894573e-05,,
63,3854,,1.5506908312090673e-05,,
63,3855,,3.1031802791403607e-05,,
63,3856,,2.3789136321283877e-05,,
63,3857,,1.6877953385119326e-05,,
63,3858,,1.5138218259380665e-05,,
63,3859,,2.1891988581046462e-05,,
63,3860,,2.0216635675751604e-05,,
63,3861,,2.1715499315178022e-05,,
63,3862,,1.8084265320794657e-05,,
63,3863,,1.988097392313648e-05,,
63,3864,,2.244777715532109e-05,,
63,3865,,2.142269840987865e-05,,
63,3866,,1.8963441107189283e-05,,
63,3867,,1.5444647942786105e-05,,
63,3868,,1.2184626939415466e-05,,
63,3869,,1.495006108598318e-05,,
63,3870,,1.909439561131876e-05,,
63,3871,,1.4350704987009522e-05,,
63,3872,,1.594006607774645e-05,,
63,3873,,1.2408418115228415e-05,,
63,3874,,1.1399883987905923e-05,,
63,3875,,1.2887653610960115e-05,,
63,3876,,2.1884632587898523e-05,,
63,3877,,1.1117325811937917e-05,,
63,3878,,1.567765139043331e-05,,
63,3879,,1.2637475265364628e-05,,
63,3880,,1.2026840522594284e-05,,
63,3881,,1.0049879165308084e-05,,
63,3882,,1.3391799257078674e-05,,
63,3883,,1.0934588317468297e-05,,
63,3884,,1.3694525478058495e-05,,
63,3885,,1.4983217624831013e-05,,
63,3886,,1.795778916857671e-05,,
63,3887,,1.199187317979522e-05,,
63,3888,,2.2796750272391364e-05,,
63,3889,,1.5184018593572546e-05,,
63,3890,,1.2981350664631464e-05,,
63,3891,,1.6070147466962226e-05,,
63,3892,,1.7702681361697614e-05,,
63,3893,,1.5196162166830618e-05,,
63,3894,,1.5897838238743134e-05,,
63,3895,,1.4653246580564883e-05,,
63,3896,,7.844326319172978e-06,,
63,3897,,1.414187136106193e-05,,
63,3898,,1.3085226783005055e-05,,
63,3899,,2.0156774553470314e-05,,
63,3900,,1.3891756680095568e-05,,
63,3901,,1.0779413969430607e-05,,
63,3902,,1.2807084203814156e-05,,
63,3903,,1.3844517525285482e-05,,
63,3903,,,9.76688289642334,7.715047104284167e-06
64,3904,,1.6232046618824825e-05,,
64,3905,,1.6576010239077732e-05,,
64,3906,,1.1320876183162909e-05,,
64,3907,,1.5698440620326437e-05,,
64,3908,,1.605512989044655e-05,,
64,3909,,1.6363037502742372e-05,,
64,3910,,1.3171038517612033e-05,,
64,3911,,1.2331279322097544e-05,,
64,3912,,1.6702762877685018e-05,,
64,3913,,1.4126596397545654e-05,,
64,3914,,2.2479111066786572e-05,,
64,3915,,1.754100594553165e-05,,
64,3916,,1.2150168004154693e-05,,
64,3917,,1.5169736798270606e-05,,
64,3918,,1.9272740246378817e-05,,
64,3919,,1.501394945080392e-05,,
64,3920,,1.2743382285407279e-05,,
64,3921,,1.139003779826453e-05,,
64,3922,,1.6764101019361988e-05,,
64,3923,,1.3081044016871601e-05,,
64,3924,,1.1417502719268668e-05,,
64,3925,,1.1892597285623197e-05,,
64,3926,,1.6825555576360784e-05,,
64,3927,,1.4089256183069665e-05,,
64,3928,,1.437264472770039e-05,,
64,3929,,1.4845166333543602e-05,,
64,3930,,9.724260053189937e-06,,
64,3931,,1.5275691112037748e-05,,
64,3932,,4.38885617768392e-05,,
64,3933,,1.316869293077616e-05,,
64,3934,,0.0001401432091370225,,
64,3935,,2.279873842780944e-05,,
64,3936,,2.1628031390719116e-05,,
64,3937,,2.636698445712682e-05,,
64,3938,,2.3884131223894656e-05,,
64,3939,,2.6804256776813418e-05,,
64,3940,,2.6649075152818114e-05,,
64,3941,,2.8866441425634548e-05,,
64,3942,,2.6285682906745933e-05,,
64,3943,,2.456420406815596e-05,,
64,3944,,2.10306461667642e-05,,
64,3945,,2.0387529730214737e-05,,
64,3946,,1.6766978660598397e-05,,
64,3947,,2.315769779670518e-05,,
64,3948,,2.4038752599153668e-05,,
64,3949,,1.721593434922397e-05,,
64,3950,,2.3682034225203097e-05,,
64,3951,,2.2692936909152195e-05,,
64,3952,,1.749057264532894e-05,,
64,3953,,2.2668005840387195e-05,,
64,3954,,2.200136259489227e-05,,
64,3955,,2.1376947188400663e-05,,
64,3956,,2.3175860405899584e-05,,
64,3957,,2.219859197793994e-05,,
64,3958,,2.3285070710699074e-05,,
64,3959,,2.537910040700808e-05,,
64,3960,,2.1324065528460778e-05,,
64,3961,,1.908981539600063e-05,,
64,3962,,1.9290671843918972e-05,,
64,3963,,1.4684253983432427e-05,,
64,3964,,1.7414038666174747e-05,,
64,3964,,,4.813074111938477,5.591057924902998e-05
65,3965,,1.1737179193005431e-05,,
65,3966,,1.3199091881688219e-05,,
65,3967,,2.8366293918224983e-05,,
65,3968,,1.3613072042062413e-05,,
65,3969,,1.9266055460320786e-05,,
65,3970,,1.8415645172353834e-05,,
65,3971,,2.5555134925525635e-05,,
65,3972,,2.7166161089553498e-05,,
65,3973,,2.8612950700335205e-05,,
65,3974,,2.700131335586775e-05,,
65,3975,,3.002392259077169e-05,,
65,3976,,2.5224380806321278e-05,,
65,3977,,2.478505120961927e-05,,
65,3978,,2.6089757739100605e-05,,
65,3979,,2.2667140001431108e-05,,
65,3980,,2.3098205929272808e-05,,
65,3981,,1.540466291771736e-05,,
65,3982,,1.73124935827218e-05,,
65,3983,,1.1687303413054906e-05,,
65,3984,,1.3183427654439583e-05,,
65,3985,,2.8894175557070412e-05,,
65,3986,,1.818516648199875e-05,,
65,3987,,1.3514802958525252e-05,,
65,3988,,1.4972055396356154e-05,,
65,3989,,2.073453833872918e-05,,
65,3990,,1.7041933460859582e-05,,
65,3991,,2.7818990929517895e-05,,
65,3992,,2.3985539883142337e-05,,
65,3993,,1.9766950572375208e-05,,
65,3994,,2.000103449972812e-05,,
65,3995,,0.0001233294460689649,,
65,3996,,2.2445568902185187e-05,,
65,3997,,1.7480148017057218e-05,,
65,3998,,1.5843337678234093e-05,,
65,3999,,1.6082847650977783e-05,,
65,4000,,1.1726975571946241e-05,,
65,4001,,1.0956271580653265e-05,,
65,4002,,2.860382301150821e-05,,
65,4003,,1.4225934137357399e-05,,
65,4004,,1.408526259183418e-05,,
65,4005,,1.9578706996981055e-05,,
65,4006,,2.0384086383273825e-05,,
65,4007,,1.9400036762817763e-05,,
65,4008,,2.0984976799809374e-05,,
65,4009,,2.4232476789620705e-05,,
65,4010,,2.0308851162553765e-05,,
65,4011,,2.1003366782679223e-05,,
65,4012,,1.761792373144999e-05,,
65,4013,,1.710444485070184e-05,,
65,4014,,1.878933107946068e-05,,
65,4015,,1.5439896742464043e-05,,
65,4016,,1.0735789146565367e-05,,
65,4017,,5.1889226597268134e-05,,
65,4018,,2.332945223315619e-05,,
65,4019,,8.053537385421805e-06,,
65,4020,,1.2937894098286051e-05,,
65,4021,,1.4280873074312694e-05,,
65,4022,,1.641452945477795e-05,,
65,4023,,1.3390805179369636e-05,,
65,4024,,1.4781445315747987e-05,,
65,4025,,2.8520253181341104e-05,,
65,4025,,,13.496247291564941,8.056979822868016e-06
66,4026,,1.7210217265528627e-05,,
66,4027,,2.1787638615933247e-05,,
66,4028,,1.4222344361769501e-05,,
66,4029,,1.589939529367257e-05,,
66,4030,,1.1618039025051985e-05,,
66,4031,,2.24547075049486e-05,,
66,4032,,2.1288307834765874e-05,,
66,4033,,1.0741249752754811e-05,,
66,4034,,1.5682300727348775e-05,,
66,4035,,1.588236955285538e-05,,
66,4036,,1.284368772758171e-05,,
66,4037,,1.4894692867528647e-05,,
66,4038,,1.9767840058193542e-05,,
66,4039,,1.7053524061338976e-05,,
66,4040,,1.7680806195130572e-05,,
66,4041,,2.2042528144083917e-05,,
66,4042,,1.7685728380456567e-05,,
66,4043,,1.7874994227895513e-05,,
66,4044,,1.3483841030392796e-05,,
66,4045,,1.4436097444558982e-05,,
66,4046,,1.3736063010583166e-05,,
66,4047,,7.511221156164538e-06,,
66,4048,,1.856044946180191e-05,,
66,4049,,2.1247849872452207e-05,,
66,4050,,1.041487485053949e-05,,
66,4051,,1.5173378415056504e-05,,
66,4052,,1.8271901353728026e-05,,
66,4053,,2.40675999521045e-05,,
66,4054,,2.443509947624989e-05,,
66,4055,,2.4725903131184168e-05,,
66,4056,,2.8487320378189906e-05,,
66,4057,,2.2109737983555533e-05,,
66,4058,,2.253455932077486e-05,,
66,4059,,2.346517976548057e-05,,
66,4060,,2.1391721020336263e-05,,
66,4061,,2.1068139176350087e-05,,
66,4062,,1.9481401977827772e-05,,
66,4063,,1.710249125608243e-05,,
66,4064,,1.2823696124542039e-05,,
66,4065,,1.971264100575354e-05,,
66,4066,,1.9049290131079033e-05,,
66,4067,,1.936440821737051e-05,,
66,4068,,1.8056240151054226e-05,,
66,4069,,1.4470148016698658e-05,,
66,4070,,1.79264916368993e-05,,
66,4071,,2.1042425942141563e-05,,
66,4072,,1.729249197524041e-05,,
66,4073,,2.0616951587726362e-05,,
66,4074,,1.81186060217442e-05,,
66,4075,,1.342924042546656e-05,,
66,4076,,1.1674994311761111e-05,,
66,4077,,1.0584421033854596e-05,,
66,4078,,8.39112817629939e-06,,
66,4079,,2.9732844268437475e-05,,
66,4080,,1.0785312952066306e-05,,
66,4081,,1.5174806321738288e-05,,
66,4082,,2.083580693579279e-05,,
66,4083,,0.00013879133621230721,,
66,4084,,2.6169249395024963e-05,,
66,4085,,2.6149213226744905e-05,,
66,4086,,3.5837267205351964e-05,,
66,4086,,,37.118247985839844,2.2853457267046906e-05
67,4087,,2.8195156119181775e-05,,
67,4088,,2.949238842120394e-05,,
67,4089,,2.6324474674765952e-05,,
67,4090,,2.3321961634792387e-05,,
67,4091,,2.316579411854036e-05,,
67,4092,,2.1016707250964828e-05,,
67,4093,,2.1418258256744593e-05,,
67,4094,,1.7431386368116364e-05,,
67,4095,,1.964658804354258e-05,,
67,4096,,1.7617663615965284e-05,,
67,4097,,1.3442826457321644e-05,,
67,4098,,0.000144150122650899,,
67,4099,,1.018094098981237e-05,,
67,4100,,1.6981757653411478e-05,,
67,4101,,1.875439193099737e-05,,
67,4102,,1.5363209968199953e-05,,
67,4103,,1.4941646441002376e-05,,
67,4104,,1.314461314905202e-05,,
67,4105,,1.649034493311774e-05,,
67,4106,,2.336227953492198e-05,,
67,4107,,1.2652119949052576e-05,,
67,4108,,1.5247535884554964e-05,,
67,4109,,1.066062213794794e-05,,
67,4110,,8.98227790457895e-06,,
67,4111,,1.8995469872606918e-05,,
67,4112,,2.0974537619622424e-05,,
67,4113,,2.238585875602439e-05,,
67,4114,,1.320288902206812e-05,,
67,4115,,1.52685879584169e-05,,
67,4116,,2.0882625904050656e-05,,
67,4117,,1.8304161130799912e-05,,
67,4118,,1.8229507986688986e-05,,
67,4119,,1.7612843294045888e-05,,
67,4120,,1.9133120076730847e-05,,
67,4121,,2.194362059526611e-05,,
67,4122,,1.7699265299597755e-05,,
67,4123,,1.449825049348874e-05,,
67,4124,,1.273083489650162e-05,,
67,4125,,2.2526734028360806e-05,,
67,4126,,2.544289418437984e-05,,
67,4127,,2.0477975340327248e-05,,
67,4128,,1.0310639481758699e-05,,
67,4129,,1.0273416592099238e-05,,
67,4130,,1.6325837350450456e-05,,
67,4131,,1.0488633961358573e-05,,
67,4132,,1.656400490901433e-05,,
67,4133,,1.014375902741449e-05,,
67,4134,,2.010344724112656e-05,,
67,4135,,1.1443733455962501e-05,,
67,4136,,1.2667955161305144e-05,,
67,4137,,1.4158931662677787e-05,,
67,4138,,1.7345539163216017e-05,,
67,4139,,1.4280315554060508e-05,,
67,4140,,1.5810433978913352e-05,,
67,4141,,1.15276579890633e-05,,
67,4142,,1.4560684576281346e-05,,
67,4143,,1.518673980172025e-05,,
67,4144,,1.773377152858302e-05,,
67,4145,,1.2312487342569511e-05,,
67,4146,,1.2113463526475243e-05,,
67,4147,,1.3016515367780812e-05,,
67,4147,,,7.424384117126465,9.02616920939181e-06
68,4148,,2.5049290343304165e-05,,
68,4149,,1.3526574548450299e-05,,
68,4150,,9.32976672629593e-06,,
68,4151,,1.5878986232564785e-05,,
68,4152,,1.1110554623883218e-05,,
68,4153,,9.63725869951304e-06,,
68,4154,,1.9891574993380345e-05,,
68,4155,,1.1831417396024335e-05,,
68,4156,,1.400321980327135e-05,,
68,4157,,1.5173359315667767e-05,,
68,4158,,1.2918632819491904e-05,,
68,4159,,1.0247308637190145e-05,,
68,4160,,1.070485268428456e-05,,
68,4161,,1.2484823855629656e-05,,
68,4162,,1.6375215636799112e-05,,
68,4163,,4.961587183061056e-05,,
68,4164,,9.96886592474766e-06,,
68,4165,,0.0001458835176890716,,
68,4166,,2.164159741369076e-05,,
68,4167,,2.6531735784374177e-05,,
68,4168,,2.4883902369765565e-05,,
68,4169,,3.0291674192994833e-05,,
68,4170,,2.6900483135250397e-05,,
68,4171,,3.0228689865907654e-05,,
68,4172,,3.5764925996772945e-05,,
68,4173,,3.085769640165381e-05,,
68,4174,,2.570996366557665e-05,,
68,4175,,2.5619679945521057e-05,,
68,4176,,2.772020161501132e-05,,
68,4177,,2.1377645680331625e-05,,
68,4178,,2.1755320631200448e-05,,
68,4179,,2.4593025955255143e-05,,
68,4180,,1.3043306353210937e-05,,
68,4181,,1.100426925404463e-05,,
68,4182,,2.057984056591522e-05,,
68,4183,,1.793211413314566e-05,,
68,4184,,2.6381847419543192e-05,,
68,4185,,1.0728851520980243e-05,,
68,4186,,1.461363171983976e-05,,
68,4187,,2.1319452571333386e-05,,
68,4188,,2.5231514882761985e-05,,
68,4189,,2.6740213797893375e-05,,
68,4190,,2.7241721909376793e-05,,
68,4191,,3.259179720771499e-05,,
68,4192,,4.128927321289666e-05,,
68,4193,,3.2898700737860054e-05,,
68,4194,,3.195952012902126e-05,,
68,4195,,3.367219687788747e-05,,
68,4196,,2.9976699806866236e-05,,
68,4197,,3.280234523117542e-05,,
68,4198,,2.5158728021779098e-05,,
68,4199,,2.196020068367943e-05,,
68,4200,,1.9665683794301003e-05,,
68,4201,,1.6727621186873876e-05,,
68,4202,,1.5282639651559293e-05,,
68,4203,,1.3303218111104798e-05,,
68,4204,,1.3920472156314645e-05,,
68,4205,,6.896876584505662e-05,,
68,4206,,1.1130169696116354e-05,,
68,4207,,1.745312511047814e-05,,
68,4208,,1.843808604462538e-05,,
68,4208,,,30.380020141601562,1.8650820493348874e-05
69,4209,,2.2595775590161793e-05,,
69,4210,,2.5128189008682966e-05,,
69,4211,,3.188184564351104e-05,,
69,4212,,2.9241506126709282e-05,,
69,4213,,0.00010687793837860227,,
69,4214,,2.5248720703530125e-05,,
69,4215,,3.0846222216496244e-05,,
69,4216,,2.791293263726402e-05,,
69,4217,,2.787990524666384e-05,,
69,4218,,2.6675843400880694e-05,,
69,4219,,2.9076154532958753e-05,,
69,4220,,2.8596508855116554e-05,,
69,4221,,2.0166762624285184e-05,,
69,4222,,2.037562990153674e-05,,
69,4223,,2.333827615075279e-05,,
69,4224,,2.4896633476600982e-05,,
69,4225,,1.864497971837409e-05,,
69,4226,,2.573479105194565e-05,,
69,4227,,1.7746007870300673e-05,,
69,4228,,2.455080539220944e-05,,
69,4229,,2.5392988391104154e-05,,
69,4230,,1.888300357677508e-05,,
69,4231,,1.5116929716896266e-05,,
69,4232,,1.5984282072167844e-05,,
69,4233,,2.3160157070378773e-05,,
69,4234,,1.5950045053614303e-05,,
69,4235,,1.629636790312361e-05,,
69,4236,,7.53424501453992e-06,,
69,4237,,2.307584509253502e-05,,
69,4238,,1.7083077182178386e-05,,
69,4239,,1.4953516256355215e-05,,
69,4240,,1.5749892554595135e-05,,
69,4241,,1.2805173355445731e-05,,
69,4242,,1.1719318536052015e-05,,
69,4243,,1.2180605153844226e-05,,
69,4244,,1.042036365106469e-05,,
69,4245,,1.1622503734542988e-05,,
69,4246,,1.421972228854429e-05,,
69,4247,,1.4882810319249984e-05,,
69,4248,,2.8516749807749875e-05,,
69,4249,,2.071332164632622e-05,,
69,4250,,1.401846111548366e-05,,
69,4251,,1.623564094188623e-05,,
69,4252,,1.8551532775745727e-05,,
69,4253,,1.917981899168808e-05,,
69,4254,,2.3291364414035343e-05,,
69,4255,,2.378187855356373e-05,,
69,4256,,2.321518331882544e-05,,
69,4257,,2.3665314074605703e-05,,
69,4258,,2.635828059283085e-05,,
69,4259,,2.134764326910954e-05,,
69,4260,,2.1041971194790676e-05,,
69,4261,,1.8526199710322544e-05,,
69,4262,,1.7272313925786875e-05,,
69,4263,,1.4716521036461927e-05,,
69,4264,,1.694143247732427e-05,,
69,4265,,1.1020001693395898e-05,,
69,4266,,1.7301246771239676e-05,,
69,4267,,3.352620478835888e-05,,
69,4268,,2.696816773095634e-05,,
69,4269,,3.43870124197565e-05,,
69,4269,,,9.059834480285645,1.009639981930377e-05
70,4270,,1.1422856914578006e-05,,
70,4271,,1.3641878467751667e-05,,
70,4272,,1.5044429346744437e-05,,
70,4273,,1.8347260265727527e-05,,
70,4274,,1.817905649659224e-05,,
70,4275,,1.641041671973653e-05,,
70,4276,,2.041416519205086e-05,,
70,4277,,1.4912629012542311e-05,,
70,4278,,1.731448901409749e-05,,
70,4279,,1.1333271686453372e-05,,
70,4280,,1.3546500667871442e-05,,
70,4281,,9.483548637945205e-06,,
70,4282,,2.733043220359832e-05,,
70,4283,,1.9108139895251952e-05,,
70,4284,,1.1330031156830955e-05,,
70,4285,,1.116157818614738e-05,,
70,4286,,1.5761785107315518e-05,,
70,4287,,1.5107460967556108e-05,,
70,4288,,1.9929397240048274e-05,,
70,4289,,1.966262425412424e-05,,
70,4290,,1.9611001334851608e-05,,
70,4291,,1.5615591109963134e-05,,
70,4292,,1.4154966265778057e-05,,
70,4293,,1.2696050362137612e-05,,
70,4294,,1.669624907663092e-05,,
70,4295,,1.2891123333247378e-05,,
70,4296,,9.289025911130011e-06,,
70,4297,,1.378670731355669e-05,,
70,4298,,3.4093871363438666e-05,,
70,4299,,1.3490782293956727e-05,,
70,4300,,2.3561315174447373e-05,,
70,4301,,1.5044332030811347e-05,,
70,4302,,1.7660417142906226e-05,,
70,4303,,1.853781759564299e-05,,
70,4304,,0.0001372158294543624,,
70,4305,,2.3075503122527152e-05,,
70,4306,,2.056398989225272e-05,,
70,4307,,2.3232340026879683e-05,,
70,4308,,2.0593361114151776e-05,,
70,4309,,2.4600840333732776e-05,,
70,4310,,1.8789451132761315e-05,,
70,4311,,1.919733222166542e-05,,
70,4312,,2.1092777387821116e-05,,
70,4313,,1.6465355656691827e-05,,
70,4314,,1.732251257635653e-05,,
70,4315,,1.8117623767466284e-05,,
70,4316,,1.1471734978840686e-05,,
70,4317,,1.466045796405524e-05,,
70,4318,,2.8537648177007213e-05,,
70,4319,,1.0564245712885167e-05,,
70,4320,,1.2023753697576467e-05,,
70,4321,,1.4410145013243891e-05,,
70,4322,,1.575466558279004e-05,,
70,4323,,1.759078622853849e-05,,
70,4324,,1.5547291695838794e-05,,
70,4325,,1.6851407053763978e-05,,
70,4326,,1.3558917089540046e-05,,
70,4327,,1.960486770258285e-05,,
70,4328,,1.1541587809915654e-05,,
70,4329,,1.8240965800941922e-05,,
70,4330,,1.5708497812738642e-05,,
70,4330,,,7.88307523727417,1.0798110452014953e-05
71,4331,,0.00014876274508424103,,
71,4332,,2.296869206475094e-05,,
71,4333,,1.3677637980435975e-05,,
71,4334,,1.4232628018362448e-05,,
71,4335,,1.3378744370129425e-05,,
71,4336,,1.8877117327065207e-05,,
71,4337,,1.3295855751493946e-05,,
71,4338,,1.7906497305375524e-05,,
71,4339,,1.3803230103803799e-05,,
71,4340,,2.3562906790175475e-05,,
71,4341,,1.117036572395591e-05,,
71,4342,,2.1431771529023536e-05,,
71,4343,,1.0571247912594117e-05,,
71,4344,,1.76989287865581e-05,,
71,4345,,1.727652852423489e-05,,
71,4346,,1.6456329831271432e-05,,
71,4347,,1.5995594367268495e-05,,
71,4348,,1.3737333574681543e-05,,
71,4349,,1.3843346096109599e-05,,
71,4350,,1.370475729345344e-05,,
71,4351,,1.979889566428028e-05,,
71,4352,,1.3221670997154433e-05,,
71,4353,,1.9280671040178277e-05,,
71,4354,,1.942570997925941e-05,,
71,4355,,1.2204089216538705e-05,,
71,4356,,1.3475648302119225e-05,,
71,4357,,1.2910893019579817e-05,,
71,4358,,1.0615888641041238e-05,,
71,4359,,8.071229785855394e-06,,
71,4360,,1.3636258699989412e-05,,
71,4361,,1.9061029888689518e-05,,
71,4362,,1.4729033864568919e-05,,
71,4363,,1.5252961929945741e-05,,
71,4364,,1.5423760487465188e-05,,
71,4365,,1.597376831341535e-05,,
71,4366,,1.8296452253707685e-05,,
71,4367,,1.4788897715334315e-05,,
71,4368,,1.5994721252354793e-05,,
71,4369,,1.924197749758605e-05,,
71,4370,,1.5111653738131281e-05,,
71,4371,,1.5500138033530675e-05,,
71,4372,,1.0351358469051775e-05,,
71,4373,,1.7495465726824477e-05,,
71,4374,,1.2844508091802709e-05,,
71,4375,,1.84223481483059e-05,,
71,4376,,1.2806748600269202e-05,,
71,4377,,1.2808216524717864e-05,,
71,4378,,1.3912605936639011e-05,,
71,4379,,2.1085939806653187e-05,,
71,4380,,1.84367108886363e-05,,
71,4381,,1.7225540432264097e-05,,
71,4382,,2.064199907181319e-05,,
71,4383,,1.8611544874147512e-05,,
71,4384,,1.7789730918593705e-05,,
71,4385,,1.3582169231085572e-05,,
71,4386,,1.1296477168798447e-05,,
71,4387,,1.2011487342533655e-05,,
71,4388,,2.309093724761624e-05,,
71,4389,,8.862219146976713e-06,,
71,4390,,1.4531416127283592e-05,,
71,4391,,8.71997053764062e-06,,
71,4391,,,7.62681770324707,9.21305127121741e-06
72,4392,,9.927330211212393e-06,,
72,4393,,1.007012451736955e-05,,
72,4394,,1.7387697880622e-05,,
72,4395,,1.2191110727144405e-05,,
72,4396,,1.2672125194512773e-05,,
72,4397,,1.304075794905657e-05,,
72,4398,,2.6088833692483604e-05,,
72,4399,,1.2264405086170882e-05,,
72,4400,,1.1426317541918252e-05,,
72,4401,,8.762207471590955e-06,,
72,4402,,1.6081659850897267e-05,,
72,4403,,9.92032619251404e-06,,
72,4404,,1.4688619558000937e-05,,
72,4405,,1.4887011275277473e-05,,
72,4406,,1.864487785496749e-05,,
72,4407,,1.3889950423617847e-05,,
72,4408,,1.8223801816930063e-05,,
72,4409,,1.6748643247410655e-05,,
72,4410,,1.3669282452610787e-05,,
72,4411,,1.778087425918784e-05,,
72,4412,,1.2093923942302354e-05,,
72,4413,,1.146193335443968e-05,,
72,4414,,1.4781521713302936e-05,,
72,4415,,1.0764360013126861e-05,,
72,4416,,1.3193394806876313e-05,,
72,4417,,1.2275011613382958e-05,,
72,4418,,1.197328219859628e-05,,
72,4419,,1.1928609637834597e-05,,
72,4420,,1.4844766155874822e-05,,
72,4421,,1.7869391740532592e-05,,
72,4422,,2.488970130798407e-05,,
72,4423,,2.20275396713987e-05,,
72,4424,,2.3248074285220355e-05,,
72,4425,,2.686129664652981e-05,,
72,4426,,2.9846974939573556e-05,,
72,4427,,2.16948137676809e-05,,
72,4428,,1.8836686649592593e-05,,
72,4429,,1.7489248421043158e-05,,
72,4430,,1.3332741218619049e-05,,
72,4431,,1.0264485354127828e-05,,
72,4432,,1.4216842828318477e-05,,
72,4433,,9.74985960056074e-06,,
72,4434,,0.00014443584950640798,,
72,4435,,3.478795406408608e-05,,
72,4436,,1.884620542114135e-05,,
72,4437,,1.6543512174393982e-05,,
72,4438,,1.9744080418604426e-05,,
72,4439,,2.7419806428952143e-05,,
72,4440,,2.643048901518341e-05,,
72,4441,,2.4559047233196907e-05,,
72,4442,,2.8599019060493447e-05,,
72,4443,,2.5208117222064175e-05,,
72,4444,,2.2412234102375805e-05,,
72,4445,,2.6205469112028368e-05,,
72,4446,,2.0779511032742448e-05,,
72,4447,,1.769386653904803e-05,,
72,4448,,2.1455287424032576e-05,,
72,4449,,1.8164040739065968e-05,,
72,4450,,1.0731508155004121e-05,,
72,4451,,1.3476193998940289e-05,,
72,4452,,3.0369285013875924e-05,,
72,4452,,,5.777187824249268,1.4828171515546273e-05
73,4453,,1.6424224668298848e-05,,
73,4454,,9.026791303767823e-06,,
73,4455,,1.3281919564178679e-05,,
73,4456,,1.5037195225886535e-05,,
73,4457,,1.6164352928171866e-05,,
73,4458,,1.9312434233142994e-05,,
73,4459,,1.5639672710676678e-05,,
73,4460,,1.489721307734726e-05,,
73,4461,,1.577082548465114e-05,,
73,4462,,1.4652292520622723e-05,,
73,4463,,1.4774201190448366e-05,,
73,4464,,1.3308370398590341e-05,,
73,4465,,3.085324351559393e-05,,
73,4466,,9.390395462105516e-06,,
73,4467,,2.1121453755768016e-05,,
73,4468,,1.0560602277109865e-05,,
73,4469,,1.5811938283150084e-05,,
73,4470,,1.8314774933969602e-05,,
73,4471,,1.5598849131492898e-05,,
73,4472,,1.1798890227510128e-05,,
73,4473,,0.00013131678861100227,,
73,4474,,1.3028633475187235e-05,,
73,4475,,1.2260383300599642e-05,,
73,4476,,1.4477444892690983e-05,,
73,4477,,1.9243601855123416e-05,,
73,4478,,1.1553730473679025e-05,,
73,4479,,1.0189309250563383e-05,,
73,4480,,1.4843075405224226e-05,,
73,4481,,1.5357516531366855e-05,,
73,4482,,1.8947968783322722e-05,,
73,4483,,1.8345308490097523e-05,,
73,4484,,1.6108027921291068e-05,,
73,4485,,1.8631320926942863e-05,,
73,4486,,1.7945516447070986e-05,,
73,4487,,1.4242539691622369e-05,,
73,4488,,1.2030119250994176e-05,,
73,4489,,1.7494941857876256e-05,,
73,4490,,1.2557948139146902e-05,,
73,4491,,1.2518326002464164e-05,,
73,4492,,2.5815354092628695e-05,,
73,4493,,1.2304656593187246e-05,,
73,4494,,1.4497569281957112e-05,,
73,4495,,1.3046184903942049e-05,,
73,4496,,2.0623800082830712e-05,,
73,4497,,1.7649535948294215e-05,,
73,4498,,1.1443331459304318e-05,,
73,4499,,2.1101368474774063e-05,,
73,4500,,1.120749584515579e-05,,
73,4501,,1.0707810361054726e-05,,
73,4502,,1.7790745914680883e-05,,
73,4503,,1.7109381587943062e-05,,
73,4504,,9.931391105055809e-06,,
73,4505,,1.5351102774729952e-05,,
73,4506,,1.062929459294537e-05,,
73,4507,,1.2464837709558196e-05,,
73,4508,,1.5215355233522132e-05,,
73,4509,,1.9046552552026697e-05,,
73,4510,,1.5208015611278825e-05,,
73,4511,,1.6976318875094876e-05,,
73,4512,,1.777583747752942e-05,,
73,4513,,1.5286539564840496e-05,,
73,4513,,,14.234319686889648,8.421033271588385e-06
74,4514,,1.4305119293567259e-05,,
74,4515,,1.4688171177112963e-05,,
74,4516,,1.3518948435375933e-05,,
74,4517,,1.1754862498492002e-05,,
74,4518,,1.3436912013276014e-05,,
74,4519,,4.187624654150568e-05,,
74,4520,,2.003351073653903e-05,,
74,4521,,1.4777575415791944e-05,,
74,4522,,1.724620960885659e-05,,
74,4523,,2.0020970623590983e-05,,
74,4524,,2.13492130569648e-05,,
74,4525,,2.7206509912502952e-05,,
74,4526,,0.000124662765301764,,
74,4527,,2.548459087847732e-05,,
74,4528,,2.615164703456685e-05,,
74,4529,,2.6288955268682912e-05,,
74,4530,,2.5670758986962028e-05,,
74,4531,,2.843910078809131e-05,,
74,4532,,2.567475712567102e-05,,
74,4533,,2.3146938474383205e-05,,
74,4534,,2.0248065993655473e-05,,
74,4535,,1.6745587345212698e-05,,
74,4536,,1.747997521306388e-05,,
74,4537,,1.1499368156364653e-05,,
74,4538,,1.4118501894699875e-05,,
74,4539,,1.8029242710326798e-05,,
74,4540,,1.294502362725325e-05,,
74,4541,,8.867411452229135e-06,,
74,4542,,1.2188832442916464e-05,,
74,4543,,9.388675607624464e-06,,
74,4544,,1.4356123756442685e-05,,
74,4545,,1.0391165233158972e-05,,
74,4546,,1.382064692734275e-05,,
74,4547,,1.9954488379880786e-05,,
74,4548,,1.0273659427184612e-05,,
74,4549,,1.2222329132782761e-05,,
74,4550,,1.2779458302247804e-05,,
74,4551,,1.3576513083535247e-05,,
74,4552,,1.3550028597819619e-05,,
74,4553,,1.533193608338479e-05,,
74,4554,,1.8989825548487715e-05,,
74,4555,,1.1769416232709773e-05,,
74,4556,,9.020232027978636e-06,,
74,4557,,1.339595291938167e-05,,
74,4558,,1.7687772924546152e-05,,
74,4559,,1.882771721284371e-05,,
74,4560,,1.0574259249551687e-05,,
74,4561,,9.735015737533104e-06,,
74,4562,,1.9860950487782247e-05,,
74,4563,,1.0521644981054123e-05,,
74,4564,,1.0841947187145706e-05,,
74,4565,,9.481900633545592e-06,,
74,4566,,1.2893558050564025e-05,,
74,4567,,1.5857620383030735e-05,,
74,4568,,1.2814933143090457e-05,,
74,4569,,1.2652796613110695e-05,,
74,4570,,1.4921926776878536e-05,,
74,4571,,1.1339879165461753e-05,,
74,4572,,1.1400170478736982e-05,,
74,4573,,1.5508669093833305e-05,,
74,4574,,1.2798772331734654e-05,,
74,4574,,,13.593059539794922,8.675017852510791e-06
75,4575,,1.8153539713239297e-05,,
75,4576,,1.2703659194812644e-05,,
75,4577,,1.5692063243477605e-05,,
75,4578,,1.964846160262823e-05,,
75,4579,,1.4456997632805724e-05,,
75,4580,,1.4637663298344705e-05,,
75,4581,,1.3408855920715723e-05,,
75,4582,,0.00011748200631700456,,
75,4583,,1.0761182238638867e-05,,
75,4584,,1.8810382243827917e-05,,
75,4585,,1.7777281755115837e-05,,
75,4586,,1.439325114915846e-05,,
75,4587,,1.1276962140982505e-05,,
75,4588,,1.1957962669839617e-05,,
75,4589,,1.9006753063877113e-05,,
75,4590,,1.656851418374572e-05,,
75,4591,,1.759624319674913e-05,,
75,4592,,1.447454997105524e-05,,
75,4593,,1.3634034075948875e-05,,
75,4594,,1.3566141205956228e-05,,
75,4595,,1.0623677553667221e-05,,
75,4596,,1.8919006834039465e-05,,
75,4597,,8.512844033248257e-06,,
75,4598,,1.7681879398878664e-05,,
75,4599,,2.060350016108714e-05,,
75,4600,,1.699037238722667e-05,,
75,4601,,1.4739241123606917e-05,,
75,4602,,1.5446858014911413e-05,,
75,4603,,2.0383271476021037e-05,,
75,4604,,1.9462982891127467e-05,,
75,4605,,1.8787384760798886e-05,,
75,4606,,1.7116748495027423e-05,,
75,4607,,1.752929347276222e-05,,
75,4608,,1.7593471056898125e-05,,
75,4609,,1.8498636563890614e-05,,
75,4610,,1.2265001714695245e-05,,
75,4611,,1.3665557162312325e-05,,
75,4612,,1.5908604837022722e-05,,
75,4613,,1.3437850611808244e-05,,
75,4614,,1.4720389117428567e-05,,
75,4615,,3.2368490792578086e-05,,
75,4616,,1.0075037607748527e-05,,
75,4617,,1.4320008631329983e-05,,
75,4618,,1.794517993403133e-05,,
75,4619,,1.8818795069819316e-05,,
75,4620,,1.8727809219853953e-05,,
75,4621,,2.3337959646596573e-05,,
75,4622,,2.455962930980604e-05,,
75,4623,,2.31692501984071e-05,,
75,4624,,2.2947386241867207e-05,,
75,4625,,2.0967085220036097e-05,,
75,4626,,1.4858585927868262e-05,,
75,4627,,1.3555293662648182e-05,,
75,4628,,1.3873060197511222e-05,,
75,4629,,9.47389162320178e-06,,
75,4630,,2.2092855942901224e-05,,
75,4631,,7.207847374957055e-06,,
75,4632,,1.8191673007095233e-05,,
75,4633,,1.5512638128711842e-05,,
75,4634,,2.9426528271869756e-05,,
75,4635,,1.1743270079023205e-05,,
75,4635,,,18.900331497192383,1.1431299753894564e-05
76,4636,,1.3976167792861816e-05,,
76,4637,,2.447417500661686e-05,,
76,4638,,2.3146960302256048e-05,,
76,4639,,1.989458905882202e-05,,
76,4640,,2.352189585508313e-05,,
76,4641,,2.2643725969828665e-05,,
76,4642,,2.6809375412994996e-05,,
76,4643,,2.007510556722991e-05,,
76,4644,,1.7053396732080728e-05,,
76,4645,,1.8537126379669644e-05,,
76,4646,,1.9980223441962153e-05,,
76,4647,,1.4477437616733368e-05,,
76,4648,,1.6335588952642865e-05,,
76,4649,,1.989708653127309e-05,,
76,4650,,1.7454975022701547e-05,,
76,4651,,1.6694815712980926e-05,,
76,4652,,1.042895110003883e-05,,
76,4653,,1.1371695109119173e-05,,
76,4654,,1.1967994396400172e-05,,
76,4655,,1.3089431377011351e-05,,
76,4656,,1.3012192539463285e-05,,
76,4657,,1.0556384950177744e-05,,
76,4658,,9.499702173343394e-06,,
76,4659,,1.270894608751405e-05,,
76,4660,,1.5258878192980774e-05,,
76,4661,,1.1216829989280086e-05,,
76,4662,,1.6389662050642073e-05,,
76,4663,,1.3878398021915928e-05,,
76,4664,,1.5303066902561113e-05,,
76,4665,,1.957929998752661e-05,,
76,4666,,1.3464887160807848e-05,,
76,4667,,1.942984454217367e-05,,
76,4668,,1.2471930858737323e-05,,
76,4669,,1.1222832654311787e-05,,
76,4670,,1.2916179002786521e-05,,
76,4671,,8.62475462781731e-06,,
76,4672,,1.5528235962847248e-05,,
76,4673,,3.467332498985343e-05,,
76,4674,,9.249779395759106e-06,,
76,4675,,1.3599995327240322e-05,,
76,4676,,0.0001269842905458063,,
76,4677,,1.4442776773648802e-05,,
76,4678,,1.9830902601825073e-05,,
76,4679,,1.897090805869084e-05,,
76,4680,,1.6739795682951808e-05,,
76,4681,,1.9044966393266805e-05,,
76,4682,,1.8502609236747958e-05,,
76,4683,,1.331374551227782e-05,,
76,4684,,1.6537302144570276e-05,,
76,4685,,1.3752143786405213e-05,,
76,4686,,1.5050215552037116e-05,,
76,4687,,9.966610377887264e-06,,
76,4688,,2.4538678189856e-05,,
76,4689,,1.9244211216573603e-05,,
76,4690,,1.3971386579214595e-05,,
76,4691,,1.3659385331266094e-05,,
76,4692,,1.1448640179878566e-05,,
76,4693,,1.5123037883313373e-05,,
76,4694,,1.7286605725530535e-05,,
76,4695,,1.699987296888139e-05,,
76,4696,,1.6702162611181848e-05,,
76,4696,,,16.661821365356445,9.899036740534939e-06
77,4697,,1.5049693502078298e-05,,
77,4698,,1.5858324331929907e-05,,
77,4699,,1.3410187420959119e-05,,
77,4700,,1.1332160283927806e-05,,
77,4701,,1.1315848496451508e-05,,
77,4702,,1.6040701666497625e-05,,
77,4703,,9.844174201134592e-06,,
77,4704,,1.0442218808748294e-05,,
77,4705,,1.8594751963973977e-05,,
77,4706,,1.126625829783734e-05,,
77,4707,,1.3174301784601994e-05,,
77,4708,,1.2811617125407793e-05,,
77,4709,,1.3474940715241246e-05,,
77,4710,,1.2944332411279902e-05,,
77,4711,,1.4037334949534852e-05,,
77,4712,,1.9185694327461533e-05,,
77,4713,,1.6213296476053074e-05,,
77,4714,,1.5490371879423037e-05,,
77,4715,,1.3696328096557409e-05,,
77,4716,,1.5240028005791828e-05,,
77,4717,,1.3227108865976334e-05,,
77,4718,,1.1262065527262166e-05,,
77,4719,,1.1376073416613508e-05,,
77,4720,,1.0333208592783194e-05,,
77,4721,,1.4744997315574437e-05,,
77,4722,,9.881018740998115e-06,,
77,4723,,2.5381019440828823e-05,,
77,4724,,1.4867915524519049e-05,,
77,4725,,1.563407204230316e-05,,
77,4726,,1.3669421605300158e-05,,
77,4727,,1.5126824109756853e-05,,
77,4728,,2.14703813981032e-05,,
77,4729,,2.173303801100701e-05,,
77,4730,,1.9302047803648748e-05,,
77,4731,,1.77615147549659e-05,,
77,4732,,1.7413156456314027e-05,,
77,4733,,1.736423837428447e-05,,
77,4734,,1.4752612514712382e-05,,
77,4735,,1.3961465811007656e-05,,
77,4736,,7.411830665660091e-06,,
77,4737,,1.8086828276864253e-05,,
77,4738,,2.3594302547280677e-05,,
77,4739,,2.5626810383982956e-05,,
77,4740,,1.2884645911981352e-05,,
77,4741,,1.960652480192948e-05,,
77,4742,,1.9851715478580445e-05,,
77,4743,,2.2607668142882176e-05,,
77,4744,,2.2463045752374455e-05,,
77,4745,,2.2465137590188533e-05,,
77,4746,,2.2258474928094074e-05,,
77,4747,,2.1768775695818476e-05,,
77,4748,,2.1172289052628912e-05,,
77,4749,,2.1281204681145027e-05,,
77,4750,,1.7992828361457214e-05,,
77,4751,,0.00012770696775987744,,
77,4752,,2.076556847896427e-05,,
77,4753,,1.581715878273826e-05,,
77,4754,,1.7235066479770467e-05,,
77,4755,,1.2587644960149191e-05,,
77,4756,,1.6885900549823418e-05,,
77,4757,,1.696305480436422e-05,,
77,4757,,,5.086841583251953,1.590820829733275e-05
78,4758,,1.0332961210224312e-05,,
78,4759,,1.2677724043896887e-05,,
78,4760,,1.4036937500350177e-05,,
78,4761,,1.6080713976407424e-05,,
78,4762,,1.4156473298498895e-05,,
78,4763,,1.58963339345064e-05,,
78,4764,,2.0476158169913106e-05,,
78,4765,,1.9567814888432622e-05,,
78,4766,,1.832903035392519e-05,,
78,4767,,1.4643393114965875e-05,,
78,4768,,1.5822803106857464e-05,,
78,4769,,1.4148361515253782e-05,,
78,4770,,1.18291418402805e-05,,
78,4771,,1.2278489521122538e-05,,
78,4772,,3.318142262287438e-05,,
78,4773,,1.6616593711660244e-05,,
78,4774,,1.1884633750014473e-05,,
78,4775,,1.2008182238787413e-05,,
78,4776,,1.1571803042897955e-05,,
78,4777,,1.2833501386921853e-05,,
78,4778,,2.9026563424849883e-05,,
78,4779,,1.471148516429821e-05,,
78,4780,,1.2849733138864394e-05,,
78,4781,,1.5564612112939358e-05,,
78,4782,,1.1834712495328858e-05,,
78,4783,,1.6229092580033466e-05,,
78,4784,,1.804908060876187e-05,,
78,4785,,0.00011693722626660019,,
78,4786,,2.0667093849624507e-05,,
78,4787,,1.5239656022458803e-05,,
78,4788,,1.571879693074152e-05,,
78,4789,,1.8510534573579207e-05,,
78,4790,,1.5882407751632854e-05,,
78,4791,,1.191012324852636e-05,,
78,4792,,1.399600205331808e-05,,
78,4793,,2.304234294570051e-05,,
78,4794,,1.8374686987954192e-05,,
78,4795,,1.4658768122899346e-05,,
78,4796,,1.341531242360361e-05,,
78,4797,,1.8916538465418853e-05,,
78,4798,,1.519085344625637e-05,,
78,4799,,1.8651302525540814e-05,,
78,4800,,1.3825226233166177e-05,,
78,4801,,1.7899630620377138e-05,,
78,4802,,1.3110582585795783e-05,,
78,4803,,1.206170600198675e-05,,
78,4804,,1.4009027836436871e-05,,
78,4805,,1.572984729136806e-05,,
78,4806,,1.1497600098664407e-05,,
78,4807,,1.5768215234857053e-05,,
78,4808,,1.4669534721178934e-05,,
78,4809,,2.246772601210978e-05,,
78,4810,,1.148965566244442e-05,,
78,4811,,1.1679770977934822e-05,,
78,4812,,8.389561116928235e-06,,
78,4813,,1.3667595339938998e-05,,
78,4814,,1.1247990187257528e-05,,
78,4815,,1.1968949365837034e-05,,
78,4816,,1.727448579913471e-05,,
78,4817,,1.2802033779735211e-05,,
78,4818,,1.0816347639774904e-05,,
78,4818,,,11.68252944946289,7.569768513349118e-06
79,4819,,1.5022133993625175e-05,,
79,4820,,1.8664748495211825e-05,,
79,4821,,1.5956051356624812e-05,,
79,4822,,1.8267915947944857e-05,,
79,4823,,2.0095971194677986e-05,,
79,4824,,1.53779565152945e-05,,
79,4825,,1.3992420463182498e-05,,
79,4826,,0.00011892740440089256,,
79,4827,,1.3443136595014948e-05,,
79,4828,,1.7540229237056337e-05,,
79,4829,,1.491412149334792e-05,,
79,4830,,1.6644522474962287e-05,,
79,4831,,1.7699885574984364e-05,,
79,4832,,9.06870081962552e-06,,
79,4833,,1.4096380255068652e-05,,
79,4834,,1.3113753993820865e-05,,
79,4835,,1.150727712229127e-05,,
79,4836,,1.222398077516118e-05,,
79,4837,,1.316240832238691e-05,,
79,4838,,1.0649073374224827e-05,,
79,4839,,1.356943539576605e-05,,
79,4840,,1.0371956705057528e-05,,
79,4841,,1.4133258446236141e-05,,
79,4842,,1.0146516615350265e-05,,
79,4843,,1.204194086312782e-05,,
79,4844,,1.0205611033597961e-05,,
79,4845,,9.548996786179487e-06,,
79,4846,,1.0349680451327004e-05,,
79,4847,,1.1204288057342637e-05,,
79,4848,,1.9167169739375822e-05,,
79,4849,,1.2059153050358873e-05,,
79,4850,,2.1859292246517725e-05,,
79,4851,,1.0269429367326666e-05,,
79,4852,,1.0117762940353714e-05,,
79,4853,,1.3520582797355019e-05,,
79,4854,,1.5988791346899234e-05,,
79,4855,,1.564579361001961e-05,,
79,4856,,1.4830989130132366e-05,,
79,4857,,9.542984116706066e-06,,
79,4858,,8.729628461878747e-06,,
79,4859,,9.356905138702132e-06,,
79,4860,,1.0734334864537232e-05,,
79,4861,,1.2660872926062439e-05,,
79,4862,,2.102032522088848e-05,,
79,4863,,2.873324956453871e-05,,
79,4864,,1.379798322886927e-05,,
79,4865,,1.1097493370471057e-05,,
79,4866,,1.787343353498727e-05,,
79,4867,,1.5086087842064444e-05,,
79,4868,,1.4473705050477292e-05,,
79,4869,,1.4289727005234454e-05,,
79,4870,,1.1633268513833173e-05,,
79,4871,,1.819337921915576e-05,,
79,4872,,1.1751329111575615e-05,,
79,4873,,1.567994877404999e-05,,
79,4874,,1.605740180821158e-05,,
79,4875,,1.0471951100043952e-05,,
79,4876,,1.1698656635417137e-05,,
79,4877,,1.8148592062061653e-05,,
79,4878,,1.1635122973530088e-05,,
79,4879,,2.155023321392946e-05,,
79,4879,,,13.785196304321289,8.119285666907672e-06
80,4880,,0.00010144741099793464,,
80,4881,,1.3121201845933683e-05,,
80,4882,,1.752048592607025e-05,,
80,4883,,1.1192176316399127e-05,,
80,4884,,9.832867363002151e-06,,
80,4885,,1.4571875908586662e-05,,
80,4886,,1.0886349627980962e-05,,
80,4887,,1.5316261851694435e-05,,
80,4888,,1.4662363355455454e-05,,
80,4889,,1.2987986337975599e-05,,
80,4890,,1.4316535271063913e-05,,
80,4891,,1.1518523024278693e-05,,
80,4892,,1.113191137847025e-05,,
80,4893,,1.8914477550424635e-05,,
80,4894,,1.0557467248872854e-05,,
80,4895,,1.3713512998947408e-05,,
80,4896,,1.2056869309162721e-05,,
80,4897,,1.049923594109714e-05,,
80,4898,,1.4103799912845716e-05,,
80,4899,,1.3078749361739028e-05,,
80,4900,,1.243901533598546e-05,,
80,4901,,1.2387720744300168e-05,,
80,4902,,1.8147942682844587e-05,,
80,4903,,9.511306416243315e-06,,
80,4904,,1.3329119610716589e-05,,
80,4905,,1.6013096683309413e-05,,
80,4906,,1.1451649697846733e-05,,
80,4907,,1.1275150427536573e-05,,
80,4908,,1.6012660125852562e-05,,
80,4909,,1.0575171472737566e-05,,
80,4910,,1.664816045376938e-05,,
80,4911,,1.0980669685523026e-05,,
80,4912,,1.4206658306648023e-05,,
80,4913,,1.689938835625071e-05,,
80,4914,,1.0367401046096347e-05,,
80,4915,,1.9201013856218196e-05,,
80,4916,,1.4288228157965932e-05,,
80,4917,,1.3844110071659088e-05,,
80,4918,,2.209972262789961e-05,,
80,4919,,1.902723488456104e-05,,
80,4920,,1.667896140133962e-05,,
80,4921,,1.938931382028386e-05,,
80,4922,,1.661377064010594e-05,,
80,4923,,1.872312896011863e-05,,
80,4924,,1.3528185263567138e-05,,
80,4925,,1.6518541087862104e-05,,
80,4926,,8.66348545969231e-06,,
80,4927,,1.2233073903189506e-05,,
80,4928,,1.4755041775060818e-05,,
80,4929,,1.2695097211690154e-05,,
80,4930,,1.5342046026489697e-05,,
80,4931,,1.4184152860252652e-05,,
80,4932,,1.98021880351007e-05,,
80,4933,,1.7962463971343823e-05,,
80,4934,,2.2861515390104614e-05,,
80,4935,,1.8858565454138443e-05,,
80,4936,,1.8157488739234395e-05,,
80,4937,,2.009942545555532e-05,,
80,4938,,2.21110040001804e-05,,
80,4939,,1.8268277926836163e-05,,
80,4940,,2.0841906007262878e-05,,
80,4940,,,19.22812271118164,1.1645463928289246e-05
81,4941,,1.8989831005455926e-05,,
81,4942,,1.275297563552158e-05,,
81,4943,,1.2261180927453097e-05,,
81,4944,,1.9354198229848407e-05,,
81,4945,,2.7390762625145726e-05,,
81,4946,,1.028428778226953e-05,,
81,4947,,1.1718404493876733e-05,,
81,4948,,1.3031295566179324e-05,,
81,4949,,2.0015811969642527e-05,,
81,4950,,1.6100064385682344e-05,,
81,4951,,1.1595529940677807e-05,,
81,4952,,2.490122278686613e-05,,
81,4953,,1.4322994502435904e-05,,
81,4954,,1.3540075087803416e-05,,
81,4955,,1.579601303092204e-05,,
81,4956,,1.6323183444910683e-05,,
81,4957,,1.2816572052543052e-05,,
81,4958,,1.0606976502458565e-05,,
81,4959,,1.076097851182567e-05,,
81,4960,,2.709878572204616e-05,,
81,4961,,1.0085534086101688e-05,,
81,4962,,2.0023306205985136e-05,,
81,4963,,9.459346074436326e-06,,
81,4964,,1.3441125702229328e-05,,
81,4965,,1.1218020517844707e-05,,
81,4966,,1.6981113731162623e-05,,
81,4967,,1.354421692667529e-05,,
81,4968,,1.3734136700804811e-05,,
81,4969,,1.5880925275268964e-05,,
81,4970,,1.6663610949763097e-05,,
81,4971,,1.0317895430489443e-05,,
81,4972,,1.3213028069003485e-05,,
81,4973,,1.571284155943431e-05,,
81,4974,,1.5752724721096456e-05,,
81,4975,,1.2065356713719666e-05,,
81,4976,,1.092755155696068e-05,,
81,4977,,1.343755138805136e-05,,
81,4978,,1.94735675904667e-05,,
81,4979,,1.910581522679422e-05,,
81,4980,,1.4764886145712808e-05,,
81,4981,,1.6180056263692677e-05,,
81,4982,,1.964075636351481e-05,,
81,4983,,1.597093796590343e-05,,
81,4984,,1.365363277727738e-05,,
81,4985,,1.5428371625603177e-05,,
81,4986,,1.767698267940432e-05,,
81,4987,,1.01141649793135e-05,,
81,4988,,1.73165462911129e-05,,
81,4989,,1.2166575288574677e-05,,
81,4990,,1.0945430403808132e-05,,
81,4991,,0.00011110537161584944,,
81,4992,,1.1934528629353736e-05,,
81,4993,,1.0651034244801849e-05,,
81,4994,,1.283130950469058e-05,,
81,4995,,1.3326300177141093e-05,,
81,4996,,1.4044262570678256e-05,,
81,4997,,1.2296304703340866e-05,,
81,4998,,1.494506523158634e-05,,
81,4999,,1.6242491255979985e-05,,
81,5000,,1.189915019494947e-05,,
81,5001,,1.3645658327732235e-05,,
81,5001,,,6.620685577392578,1.0598460903565865e-05
82,5002,,1.765762863215059e-05,,
82,5003,,1.4315158296085428e-05,,
82,5004,,1.2546763173304498e-05,,
82,5005,,1.5967840226949193e-05,,
82,5006,,9.949128980224486e-06,,
82,5007,,1.2189103472337592e-05,,
82,5008,,1.499215704825474e-05,,
82,5009,,1.5040574908198323e-05,,
82,5010,,1.4742658095201477e-05,,
82,5011,,0.00011112113134004176,,
82,5012,,1.3207751180743799e-05,,
82,5013,,1.661417081777472e-05,,
82,5014,,1.5379446267616004e-05,,
82,5015,,1.2924059774377383e-05,,
82,5016,,1.203852934850147e-05,,
82,5017,,1.6832953406265005e-05,,
82,5018,,1.2078223335265648e-05,,
82,5019,,1.097020685847383e-05,,
82,5020,,1.5911622540443204e-05,,
82,5021,,1.0867194760066923e-05,,
82,5022,,1.2717612662527245e-05,,
82,5023,,1.115893610403873e-05,,
82,5024,,1.037796482705744e-05,,
82,5025,,1.3347314052225556e-05,,
82,5026,,1.3344392755243462e-05,,
82,5027,,1.4914638086338528e-05,,
82,5028,,1.5146311852731742e-05,,
82,5029,,1.1430373888288159e-05,,
82,5030,,2.032626980508212e-05,,
82,5031,,1.3723099073104095e-05,,
82,5032,,9.949363629857544e-06,,
82,5033,,1.068427627615165e-05,,
82,5034,,1.0370225936640054e-05,,
82,5035,,1.023535878630355e-05,,
82,5036,,9.922109711624216e-06,,
82,5037,,1.2268002137716394e-05,,
82,5038,,1.028192309604492e-05,,
82,5039,,1.687333860900253e-05,,
82,5040,,1.3505687093129382e-05,,
82,5041,,1.3994336768519133e-05,,
82,5042,,8.93059950612951e-06,,
82,5043,,1.53026503539877e-05,,
82,5044,,1.3163058611098677e-05,,
82,5045,,8.457255717075896e-06,,
82,5046,,1.1071240805904381e-05,,
82,5047,,9.449154276808258e-06,,
82,5048,,1.562031866342295e-05,,
82,5049,,2.1594962163362652e-05,,
82,5050,,1.0285106327501126e-05,,
82,5051,,1.4517983800033107e-05,,
82,5052,,1.5613646610290743e-05,,
82,5053,,1.3545229194278363e-05,,
82,5054,,1.5846770111238584e-05,,
82,5055,,1.3545522051572334e-05,,
82,5056,,1.5383622667286545e-05,,
82,5057,,1.4221202036424074e-05,,
82,5058,,1.5312192772398703e-05,,
82,5059,,1.554720256535802e-05,,
82,5060,,1.5606301531079225e-05,,
82,5061,,7.395968168566469e-06,,
82,5062,,1.642944334889762e-05,,
82,5062,,,7.468111991882324,7.527075467805844e-06
83,5063,,1.0250171726511326e-05,,
83,5064,,9.298250915890094e-06,,
83,5065,,1.1977549547736999e-05,,
83,5066,,1.244147279066965e-05,,
83,5067,,1.0438623576192185e-05,,
83,5068,,1.7479831512901e-05,,
83,5069,,1.4208817447070032e-05,,
83,5070,,1.2765782230417244e-05,,
83,5071,,1.8227461623609997e-05,,
83,5072,,1.7995978851104155e-05,,
83,5073,,1.2801411685359199e-05,,
83,5074,,1.7737755115376785e-05,,
83,5075,,8.920977961679455e-06,,
83,5076,,1.2222140867379494e-05,,
83,5077,,1.1873918083438184e-05,,
83,5078,,1.4837329217698425e-05,,
83,5079,,1.2132742995163426e-05,,
83,5080,,1.635415173950605e-05,,
83,5081,,1.1685282515827566e-05,,
83,5082,,1.1031535905203782e-05,,
83,5083,,1.4529266991303302e-05,,
83,5084,,8.849322512105573e-06,,
83,5085,,1.2956501450389624e-05,,
83,5086,,1.604650606168434e-05,,
83,5087,,1.872168286354281e-05,,
83,5088,,1.454868743167026e-05,,
83,5089,,1.2682548913289793e-05,,
83,5090,,9.965569915948436e-06,,
83,5091,,1.0402945008536335e-05,,
83,5092,,1.5794938008184545e-05,,
83,5093,,1.4488258784695063e-05,,
83,5094,,1.0493415175005794e-05,,
83,5095,,2.3426364350598305e-05,,
83,5096,,1.1355104106769431e-05,,
83,5097,,1.4209181244950742e-05,,
83,5098,,1.3130627849022858e-05,,
83,5099,,1.4051671314518899e-05,,
83,5100,,1.1180888577655423e-05,,
83,5101,,8.727894964977168e-06,,
83,5102,,1.5322513718274422e-05,,
83,5103,,1.5783689377713017e-05,,
83,5104,,1.6525586033822037e-05,,
83,5105,,1.6611609680694528e-05,,
83,5106,,1.0999629921570886e-05,,
83,5107,,1.0680041668820195e-05,,
83,5108,,1.1497190826048609e-05,,
83,5109,,0.00010515224130358547,,
83,5110,,2.0191831936244853e-05,,
83,5111,,2.2211901523405686e-05,,
83,5112,,1.70288622030057e-05,,
83,5113,,1.6950049030128866e-05,,
83,5114,,1.9367789718671702e-05,,
83,5115,,1.911382241814863e-05,,
83,5116,,1.4838440620223992e-05,,
83,5117,,1.297462858929066e-05,,
83,5118,,1.978063846763689e-05,,
83,5119,,1.487767349317437e-05,,
83,5120,,2.1684982129954733e-05,,
83,5121,,1.1538762009877246e-05,,
83,5122,,1.4637453205068596e-05,,
83,5123,,1.6442834748886526e-05,,
83,5123,,,15.166882514953613,9.052575478563085e-06
84,5124,,1.8017108232015744e-05,,
84,5125,,1.2500971934059635e-05,,
84,5126,,1.2057254934916273e-05,,
84,5127,,1.4134615412331186e-05,,
84,5128,,8.045060894801281e-06,,
84,5129,,1.8921127775684e-05,,
84,5130,,1.6157862773980014e-05,,
84,5131,,1.535595401946921e-05,,
84,5132,,1.7268921510549262e-05,,
84,5133,,1.3235917322163004e-05,,
84,5134,,1.5692150554968975e-05,,
84,5135,,1.73631779034622e-05,,
84,5136,,1.8216549506178126e-05,,
84,5137,,1.875643829407636e-05,,
84,5138,,1.985647395486012e-05,,
84,5139,,2.034429053310305e-05,,
84,5140,,1.6808759028208442e-05,,
84,5141,,1.2875003449153155e-05,,
84,5142,,1.1592529517656658e-05,,
84,5143,,1.2129979040764738e-05,,
84,5144,,1.8516562704462558e-05,,
84,5145,,1.8555821952759288e-05,,
84,5146,,2.4669210688443854e-05,,
84,5147,,1.4382257177203428e-05,,
84,5148,,1.2166347914899234e-05,,
84,5149,,1.2634975973924156e-05,,
84,5150,,2.003474219236523e-05,,
84,5151,,1.499783593317261e-05,,
84,5152,,1.7190739526995458e-05,,
84,5153,,1.530636291136034e-05,,
84,5154,,1.2935629456478637e-05,,
84,5155,,1.7741016563377343e-05,,
84,5156,,1.2248893654032145e-05,,
84,5157,,1.5539679225184955e-05,,
84,5158,,1.3878105164621957e-05,,
84,5159,,1.3075676179141738e-05,,
84,5160,,8.974864613264799e-06,,
84,5161,,9.70668679656228e-06,,
84,5162,,9.295133168052416e-06,,
84,5163,,3.3469397749286145e-05,,
84,5164,,1.3185091120249126e-05,,
84,5165,,9.415217391506303e-06,,
84,5166,,2.1219892005319707e-05,,
84,5167,,1.2510074157034978e-05,,
84,5168,,1.8005164747592062e-05,,
84,5169,,1.3042380487604532e-05,,
84,5170,,1.3470733392750844e-05,,
84,5171,,1.4195885341905523e-05,,
84,5172,,1.2913771570310928e-05,,
84,5173,,9.376483649248257e-05,,
84,5174,,1.4730291695741471e-05,,
84,5175,,2.191735438827891e-05,,
84,5176,,1.4933836609998252e-05,,
84,5177,,1.5729987353552133e-05,,
84,5178,,1.966862691915594e-05,,
84,5179,,1.8667964468477294e-05,,
84,5180,,2.257156120322179e-05,,
84,5181,,2.9957358492538333e-05,,
84,5182,,1.8102797184837982e-05,,
84,5183,,1.402916677761823e-05,,
84,5184,,1.0194573405897245e-05,,
84,5184,,,14.736199378967285,8.736737072467804e-06
85,5185,,1.4766131243959535e-05,,
85,5186,,1.6086660252767615e-05,,
85,5187,,1.657480424910318e-05,,
85,5188,,1.7755946828401648e-05,,
85,5189,,1.0551262676017359e-05,,
85,5190,,2.216164648416452e-05,,
85,5191,,1.318099475611234e-05,,
85,5192,,9.153227438218892e-06,,
85,5193,,1.3552847121900413e-05,,
85,5194,,2.1092588212923147e-05,,
85,5195,,1.167084337794222e-05,,
85,5196,,1.1705731594702229e-05,,
85,5197,,1.0591111276880838e-05,,
85,5198,,1.0773306712508202e-05,,
85,5199,,1.7741478586685844e-05,,
85,5200,,1.7669523003860377e-05,,
85,5201,,1.1587757398956455e-05,,
85,5202,,1.2214112757646944e-05,,
85,5203,,9.809617040446028e-06,,
85,5204,,1.394677019561641e-05,,
85,5205,,1.1851264389406424e-05,,
85,5206,,1.3625719475385267e-05,,
85,5207,,1.3585463420895394e-05,,
85,5208,,1.0998829566233326e-05,,
85,5209,,2.4573866539867595e-05,,
85,5210,,1.3416606634564232e-05,,
85,5211,,1.0647236194927245e-05,,
85,5212,,1.0432709132146556e-05,,
85,5213,,1.8866083337343298e-05,,
85,5214,,1.3520022548618726e-05,,
85,5215,,1.3845666217093822e-05,,
85,5216,,1.1591358088480774e-05,,
85,5217,,1.0392316653451417e-05,,
85,5218,,1.4676718819828238e-05,,
85,5219,,9.327041880169418e-06,,
85,5220,,1.5301133316825144e-05,,
85,5221,,1.0179153832723387e-05,,
85,5222,,8.973558578873053e-06,,
85,5223,,1.7868858776637353e-05,,
85,5224,,9.8794716905104e-06,,
85,5225,,9.840722668741364e-06,,
85,5226,,0.00010659069812390953,,
85,5227,,2.4049164494499564e-05,,
85,5228,,1.075754698831588e-05,,
85,5229,,1.2198445801914204e-05,,
85,5230,,1.3335597941477317e-05,,
85,5231,,1.4008936886966694e-05,,
85,5232,,1.2641938155866228e-05,,
85,5233,,1.5845867892494425e-05,,
85,5234,,1.933635758177843e-05,,
85,5235,,1.0790883607114665e-05,,
85,5236,,2.5855335479718633e-05,,
85,5237,,1.622354830033146e-05,,
85,5238,,1.608093225513585e-05,,
85,5239,,1.496564618719276e-05,,
85,5240,,1.620017246750649e-05,,
85,5241,,1.8763190382742323e-05,,
85,5242,,1.7875296180136502e-05,,
85,5243,,1.9739338313229382e-05,,
85,5244,,1.91657727555139e-05,,
85,5245,,2.4112297978717834e-05,,
85,5245,,,18.19801139831543,1.0952413504128344e-05
86,5246,,1.5000874554971233e-05,,
86,5247,,1.655522282817401e-05,,
86,5248,,1.4993021068221424e-05,,
86,5249,,1.0635807484504767e-05,,
86,5250,,1.2463580787880346e-05,,
86,5251,,1.4178547644405626e-05,,
86,5252,,1.253917707799701e-05,,
86,5253,,1.3750533071288373e-05,,
86,5254,,1.7296597434324212e-05,,
86,5255,,1.7183345335070044e-05,,
86,5256,,1.3165223208488896e-05,,
86,5257,,1.2366219380055554e-05,,
86,5258,,1.2881772818218451e-05,,
86,5259,,1.2491281268012244e-05,,
86,5260,,1.0577572538750246e-05,,
86,5261,,1.3953741472505499e-05,,
86,5262,,6.200270036060829e-06,,
86,5263,,7.596843715873547e-06,,
86,5264,,2.1928546630078927e-05,,
86,5265,,1.3631487490783911e-05,,
86,5266,,1.595241883478593e-05,,
86,5267,,1.6059600966400467e-05,,
86,5268,,1.547846113680862e-05,,
86,5269,,2.2781465304433368e-05,,
86,5270,,2.3970840629772283e-05,,
86,5271,,1.7775826563593e-05,,
86,5272,,2.094603951263707e-05,,
86,5273,,0.0001251770299859345,,
86,5274,,1.78699083335232e-05,,
86,5275,,2.0414279788383283e-05,,
86,5276,,1.8802005797624588e-05,,
86,5277,,1.3941546058049425e-05,,
86,5278,,1.4250097592594102e-05,,
86,5279,,1.2321590475039557e-05,,
86,5280,,1.4870243830955587e-05,,
86,5281,,1.5917574273771606e-05,,
86,5282,,2.0783218133146875e-05,,
86,5283,,1.0213168934569694e-05,,
86,5284,,1.5899759091553278e-05,,
86,5285,,1.3941822544438764e-05,,
86,5286,,1.1571352843020577e-05,,
86,5287,,1.3176912943890784e-05,,
86,5288,,1.1878428267664276e-05,,
86,5289,,1.1717281267920043e-05,,
86,5290,,1.1271828043390997e-05,,
86,5291,,1.1248775081185158e-05,,
86,5292,,9.011361726152245e-06,,
86,5293,,9.869523637462407e-06,,
86,5294,,1.666502248554025e-05,,
86,5295,,1.575047463120427e-05,,
86,5296,,1.203627198265167e-05,,
86,5297,,1.7092634152504615e-05,,
86,5298,,1.952718957909383e-05,,
86,5299,,1.4074996215640567e-05,,
86,5300,,1.4870148334011901e-05,,
86,5301,,1.6530750144738704e-05,,
86,5302,,1.2786967090505641e-05,,
86,5303,,1.6228885215241462e-05,,
86,5304,,1.1433915460656863e-05,,
86,5305,,7.9508854469168e-06,,
86,5306,,7.907923645689152e-06,,
86,5306,,,5.0366621017456055,1.7934122297447175e-05
87,5307,,1.3175129424780607e-05,,
87,5308,,1.7764317817636766e-05,,
87,5309,,1.2323562259553e-05,,
87,5310,,1.708805575617589e-05,,
87,5311,,1.1898207048943732e-05,,
87,5312,,1.622535455680918e-05,,
87,5313,,1.919231544889044e-05,,
87,5314,,1.9203531337552704e-05,,
87,5315,,1.7151929569081403e-05,,
87,5316,,1.690226599748712e-05,,
87,5317,,1.6589568986091763e-05,,
87,5318,,1.4018926776770968e-05,,
87,5319,,1.183491804113146e-05,,
87,5320,,1.196852645080071e-05,,
87,5321,,1.3306453183759004e-05,,
87,5322,,8.480920769216027e-06,,
87,5323,,3.090495738433674e-05,,
87,5324,,9.209448762703687e-06,,
87,5325,,1.145303849625634e-05,,
87,5326,,1.814547613321338e-05,,
87,5327,,1.7077189113479108e-05,,
87,5328,,1.1841478226415347e-05,,
87,5329,,1.436830007151002e-05,,
87,5330,,1.7312777345068753e-05,,
87,5331,,1.0893369108089246e-05,,
87,5332,,1.1423016985645518e-05,,
87,5333,,1.1384567187633365e-05,,
87,5334,,9.248828973795753e-06,,
87,5335,,2.531009704398457e-05,,
87,5336,,1.5120238458621316e-05,,
87,5337,,1.4335028026835062e-05,,
87,5338,,1.3211619261710439e-05,,
87,5339,,1.9071856513619423e-05,,
87,5340,,1.316992438660236e-05,,
87,5341,,1.2993047675990965e-05,,
87,5342,,1.7555854356032796e-05,,
87,5343,,1.0425726031826343e-05,,
87,5344,,1.0002053386415355e-05,,
87,5345,,1.1274595635768492e-05,,
87,5346,,2.8549007765832357e-05,,
87,5347,,1.6217092706938274e-05,,
87,5348,,1.3230742297309916e-05,,
87,5349,,9.051575034391135e-06,,
87,5350,,1.5366314983111806e-05,,
87,5351,,1.219127716467483e-05,,
87,5352,,1.151209380623186e-05,,
87,5353,,1.0872448001464363e-05,,
87,5354,,1.3406066500465386e-05,,
87,5355,,1.6502957805641927e-05,,
87,5356,,2.691204826987814e-05,,
87,5357,,1.6237352610914968e-05,,
87,5358,,1.1352777619322296e-05,,
87,5359,,0.00011587574408622459,,
87,5360,,1.1439791705925018e-05,,
87,5361,,1.328102189290803e-05,,
87,5362,,1.3541191947297193e-05,,
87,5363,,1.3508279153029434e-05,,
87,5364,,2.6287192667950876e-05,,
87,5365,,1.560619602969382e-05,,
87,5366,,2.029377719736658e-05,,
87,5367,,1.2393050383252557e-05,,
87,5367,,,5.33212947845459,1.635543412703555e-05
88,5368,,2.242249684059061e-05,,
88,5369,,9.725440577312838e-06,,
88,5370,,1.1071662811446004e-05,,
88,5371,,1.117092961067101e-05,,
88,5372,,1.5890989743638784e-05,,
88,5373,,2.0651754311984405e-05,,
88,5374,,1.1128549886052497e-05,,
88,5375,,1.1519516192493029e-05,,
88,5376,,1.0949139323201962e-05,,
88,5377,,1.1379661373212002e-05,,
88,5378,,1.56508158397628e-05,,
88,5379,,1.1103536962764338e-05,,
88,5380,,2.3040214728098363e-05,,
88,5381,,1.6158817743416876e-05,,
88,5382,,9.829405826167203e-06,,
88,5383,,1.4286071746028028e-05,,
88,5384,,1.538820652058348e-05,,
88,5385,,8.108991096378304e-06,,
88,5386,,1.2706143934337888e-05,,
88,5387,,8.86330508365063e-06,,
88,5388,,1.5556463040411472e-05,,
88,5389,,8.332699508173391e-06,,
88,5390,,1.3084580132272094e-05,,
88,5391,,1.0500231837795582e-05,,
88,5392,,7.362967608059989e-06,,
88,5393,,5.512751522473991e-05,,
88,5394,,8.557720320823137e-06,,
88,5395,,1.1883414117619395e-05,,
88,5396,,1.9529070414137095e-05,,
88,5397,,1.7111096894950606e-05,,
88,5398,,1.7607449990464374e-05,,
88,5399,,1.3801806744595524e-05,,
88,5400,,2.224328272859566e-05,,
88,5401,,1.5786008589202538e-05,,
88,5402,,9.644602687330917e-05,,
88,5403,,1.5808700482011773e-05,,
88,5404,,7.727799129497726e-06,,
88,5405,,3.2521151297260076e-05,,
88,5406,,2.0041123207192868e-05,,
88,5407,,1.2304441042942926e-05,,
88,5408,,1.4469487723545171e-05,,
88,5409,,1.4826843653281685e-05,,
88,5410,,1.604014505574014e-05,,
88,5411,,2.536494685045909e-05,,
88,5412,,1.6974414393189363e-05,,
88,5413,,2.0308116290834732e-05,,
88,5414,,1.5944520782795735e-05,,
88,5415,,1.2535219866549596e-05,,
88,5416,,1.3502219189831521e-05,,
88,5417,,1.5972083929227665e-05,,
88,5418,,1.4349875527841505e-05,,
88,5419,,1.0348861906095408e-05,,
88,5420,,1.2517567483882885e-05,,
88,5421,,1.482868810853688e-05,,
88,5422,,8.782725672062952e-06,,
88,5423,,1.4815988834016025e-05,,
88,5424,,1.3849848983227275e-05,,
88,5425,,1.1923277270398103e-05,,
88,5426,,2.1583431589533575e-05,,
88,5427,,1.0900662346102763e-05,,
88,5428,,1.2142082596255932e-05,,
88,5428,,,6.74785041809082,1.3219850188761484e-05
89,5429,,1.0804296834976412e-05,,
89,5430,,1.9455579604255036e-05,,
89,5431,,1.5092550711415242e-05,,
89,5432,,1.0589345038169995e-05,,
89,5433,,1.6434380086138844e-05,,
89,5434,,1.5328501831390895e-05,,
89,5435,,1.2861009054176975e-05,,
89,5436,,1.7675405615591444e-05,,
89,5437,,1.4994145203672815e-05,,
89,5438,,1.6838335795910098e-05,,
89,5439,,1.8859906049328856e-05,,
89,5440,,1.5065327716001775e-05,,
89,5441,,1.4102703062235378e-05,,
89,5442,,1.3544115972763393e-05,,
89,5443,,1.0257836038363166e-05,,
89,5444,,9.927649443852715e-06,,
89,5445,,1.3383188161242288e-05,,
89,5446,,0.00011586489563342184,,
89,5447,,9.821665116760414e-06,,
89,5448,,1.5001772226241883e-05,,
89,5449,,1.3853060409019236e-05,,
89,5450,,1.0439988727739546e-05,,
89,5451,,1.4968514733482152e-05,,
89,5452,,1.4627018572355155e-05,,
89,5453,,1.4882925825077109e-05,,
89,5454,,1.4238962648960296e-05,,
89,5455,,8.903726666176226e-06,,
89,5456,,1.1896767318830825e-05,,
89,5457,,9.615068847779185e-06,,
89,5458,,1.0045109775091987e-05,,
89,5459,,1.3863909771316685e-05,,
89,5460,,1.5144290955504403e-05,,
89,5461,,1.7587808542884886e-05,,
89,5462,,1.4116091733740177e-05,,
89,5463,,1.374540624965448e-05,,
89,5464,,1.3214465980126988e-05,,
89,5465,,1.4327239114209078e-05,,
89,5466,,1.361992963211378e-05,,
89,5467,,1.106013951357454e-05,,
89,5468,,1.584408528287895e-05,,
89,5469,,1.0669540642993525e-05,,
89,5470,,1.4056787222216371e-05,,
89,5471,,8.067564522207249e-06,,
89,5472,,1.565678212500643e-05,,
89,5473,,2.173750544898212e-05,,
89,5474,,2.13576258829562e-05,,
89,5475,,1.3917564501753077e-05,,
89,5476,,1.4786989595449995e-05,,
89,5477,,1.4453979929385241e-05,,
89,5478,,1.6783889805083163e-05,,
89,5479,,1.8255161194247194e-05,,
89,5480,,1.5724761396995746e-05,,
89,5481,,1.8889239072450437e-05,,
89,5482,,1.3929666238254867e-05,,
89,5483,,1.7093618225771934e-05,,
89,5484,,1.123044694395503e-05,,
89,5485,,9.174845217785332e-06,,
89,5486,,1.655636151554063e-05,,
89,5487,,1.3470027624862269e-05,,
89,5488,,7.80033315095352e-06,,
89,5489,,9.0593030108721e-06,,
89,5489,,,5.293702125549316,2.8341071811155416e-05
90,5490,,1.0180095159739722e-05,,
90,5491,,8.157662705343682e-06,,
90,5492,,1.3704970115213655e-05,,
90,5493,,0.0001430926931789145,,
90,5494,,1.0233233297185507e-05,,
90,5495,,1.059557507687714e-05,,
90,5496,,9.92267086985521e-06,,
90,5497,,1.398387485096464e-05,,
90,5498,,1.6515208699274808e-05,,
90,5499,,1.2691127267316915e-05,,
90,5500,,7.031881068542134e-06,,
90,5501,,1.3569590009865351e-05,,
90,5502,,1.8220960555481724e-05,,
90,5503,,1.62539381562965e-05,,
90,5504,,1.2673209312197287e-05,,
90,5505,,1.2146827430115081e-05,,
90,5506,,1.6012558262445964e-05,,
90,5507,,1.3562033927883022e-05,,
90,5508,,1.5260207874234766e-05,,
90,5509,,1.0783788638946135e-05,,
90,5510,,1.861042619566433e-05,,
90,5511,,1.312293443334056e-05,,
90,5512,,8.849098776408937e-06,,
90,5513,,7.989989171619527e-06,,
90,5514,,2.4770230083959177e-05,,
90,5515,,1.2831820640712976e-05,,
90,5516,,1.0399648090242408e-05,,
90,5517,,1.1737699423974846e-05,,
90,5518,,1.4360920431499835e-05,,
90,5519,,1.5417817849083804e-05,,
90,5520,,1.78761674760608e-05,,
90,5521,,1.4580286915588658e-05,,
90,5522,,1.795052594388835e-05,,
90,5523,,1.783398874977138e-05,,
90,5524,,1.5065611478348728e-05,,
90,5525,,1.731940938043408e-05,,
90,5526,,1.3409863640845288e-05,,
90,5527,,1.0793341061798856e-05,,
90,5528,,1.501959195593372e-05,,
90,5529,,1.7302107153227553e-05,,
90,5530,,9.651252184994519e-06,,
90,5531,,1.0462415048095863e-05,,
90,5532,,1.3284420674608555e-05,,
90,5533,,2.0911151295877062e-05,,
90,5534,,1.5361343685071915e-05,,
90,5535,,1.4806389117438812e-05,,
90,5536,,1.291398257308174e-05,,
90,5537,,1.1514579455251805e-05,,
90,5538,,1.1779266969824675e-05,,
90,5539,,1.0032298632722814e-05,,
90,5540,,9.14443353394745e-06,,
90,5541,,1.725125366647262e-05,,
90,5542,,1.1651402019197121e-05,,
90,5543,,1.0472709618625231e-05,,
90,5544,,1.1382739103282802e-05,,
90,5545,,1.2903039532830007e-05,,
90,5546,,9.094263077713549e-06,,
90,5547,,1.1796440958278254e-05,,
90,5548,,1.5933946997392923e-05,,
90,5549,,1.4543293218594044e-05,,
90,5550,,9.198988664138597e-06,,
90,5550,,,8.910884857177734,7.410625585180242e-06
91,5551,,1.1136152352264617e-05,,
91,5552,,1.4733016541867983e-05,,
91,5553,,1.0683424079616088e-05,,
91,5554,,1.4623185052187182e-05,,
91,5555,,1.1165121577505488e-05,,
91,5556,,1.0577418834145647e-05,,
91,5557,,1.7946542357094586e-05,,
91,5558,,1.0137036952073686e-05,,
91,5559,,1.4623554307036102e-05,,
91,5560,,1.1902034202648792e-05,,
91,5561,,1.8667129552341066e-05,,
91,5562,,1.260636872757459e-05,,
91,5563,,1.1455918865976855e-05,,
91,5564,,1.174824865302071e-05,,
91,5565,,1.2657689694606233e-05,,
91,5566,,1.7800781279220246e-05,,
91,5567,,1.4479120181931648e-05,,
91,5568,,1.2832753782276995e-05,,
91,5569,,9.86083978204988e-06,,
91,5570,,9.952862455975264e-06,,
91,5571,,1.2388849427225068e-05,,
91,5572,,2.2969295969232917e-05,,
91,5573,,1.0750407454906963e-05,,
91,5574,,1.209431684401352e-05,,
91,5575,,1.272920871997485e-05,,
91,5576,,1.3728043995797634e-05,,
91,5577,,1.433426768926438e-05,,
91,5578,,1.5985853679012507e-05,,
91,5579,,0.00011035398347303271,,
91,5580,,1.4924390598025639e-05,,
91,5581,,1.2600093214132357e-05,,
91,5582,,1.4938828826416284e-05,,
91,5583,,7.053220087982481e-06,,
91,5584,,1.4595141692552716e-05,,
91,5585,,1.4479905075859278e-05,,
91,5586,,7.536754310422111e-06,,
91,5587,,1.3276407116791233e-05,,
91,5588,,1.0792523426061962e-05,,
91,5589,,1.4559199371433351e-05,,
91,5590,,1.2827996215492021e-05,,
91,5591,,9.84850248642033e-06,,
91,5592,,9.347418199467938e-06,,
91,5593,,1.2584829164552502e-05,,
91,5594,,8.648549737699796e-06,,
91,5595,,2.1183828721405007e-05,,
91,5596,,1.311663436354138e-05,,
91,5597,,1.891319698188454e-05,,
91,5598,,1.5466301192645915e-05,,
91,5599,,1.355284530291101e-05,,
91,5600,,1.6196383512578905e-05,,
91,5601,,2.1736837879871018e-05,,
91,5602,,1.9090039131697267e-05,,
91,5603,,1.7817956177168526e-05,,
91,5604,,1.862669159891084e-05,,
91,5605,,1.5998162780306302e-05,,
91,5606,,1.4028831174073275e-05,,
91,5607,,1.6849324310896918e-05,,
91,5608,,1.4800020835536998e-05,,
91,5609,,8.79436447576154e-06,,
91,5610,,1.4208806533133611e-05,,
91,5611,,7.133422514016274e-06,,
91,5611,,,6.516090393066406,9.587920430931263e-06
92,5612,,8.101880666799843e-06,,
92,5613,,1.7524449503980577e-05,,
92,5614,,1.6069840057753026e-05,,
92,5615,,1.3553470125771128e-05,,
92,5616,,1.709331809252035e-05,,
92,5617,,1.1492700650705956e-05,,
92,5618,,1.3811061762680765e-05,,
92,5619,,1.6929816410993226e-05,,
92,5620,,1.5225605238811113e-05,,
92,5621,,1.5298348444048315e-05,,
92,5622,,9.275719094148371e-06,,
92,5623,,7.575285962957423e-06,,
92,5624,,1.70380953932181e-05,,
92,5625,,1.686721407168079e-05,,
92,5626,,9.535838216834236e-06,,
92,5627,,1.53346081788186e-05,,
92,5628,,1.385874656989472e-05,,
92,5629,,0.00010864537762245163,,
92,5630,,1.6259513358818367e-05,,
92,5631,,1.6464477084809914e-05,,
92,5632,,1.5047443412186112e-05,,
92,5633,,1.3218874300946482e-05,,
92,5634,,1.3314323950908147e-05,,
92,5635,,1.4627450582338497e-05,,
92,5636,,1.0469047992955893e-05,,
92,5637,,1.1964683835685719e-05,,
92,5638,,3.8843856600578874e-05,,
92,5639,,1.6752264855313115e-05,,
92,5640,,1.151612104877131e-05,,
92,5641,,2.0003608369734138e-05,,
92,5642,,1.709116986603476e-05,,
92,5643,,1.4737473975401372e-05,,
92,5644,,1.6184030755539425e-05,,
92,5645,,2.137430783477612e-05,,
92,5646,,1.550358319946099e-05,,
92,5647,,1.3691572348761838e-05,,
92,5648,,1.2347085430519655e-05,,
92,5649,,1.8040100258076563e-05,,
92,5650,,1.0734545867308043e-05,,
92,5651,,1.0267799552821089e-05,,
92,5652,,1.388472992402967e-05,,
92,5653,,1.1634639122348744e-05,,
92,5654,,1.95133234228706e-05,,
92,5655,,1.6282396245514974e-05,,
92,5656,,1.2295164196984842e-05,,
92,5657,,1.2809985491912812e-05,,
92,5658,,1.2219909876876045e-05,,
92,5659,,1.4050438039703295e-05,,
92,5660,,1.7097701856982894e-05,,
92,5661,,2.170033440052066e-05,,
92,5662,,1.4569416634913068e-05,,
92,5663,,1.0681595085770823e-05,,
92,5664,,1.2235093890922144e-05,,
92,5665,,9.94403671938926e-06,,
92,5666,,2.872787808883004e-05,,
92,5667,,1.260737371922005e-05,,
92,5668,,1.1823684872069862e-05,,
92,5669,,1.4647932403022423e-05,,
92,5670,,1.4907876902725548e-05,,
92,5671,,1.8296559574082494e-05,,
92,5672,,1.7879807273857296e-05,,
92,5672,,,24.330533981323242,1.4859486327623017e-05
93,5673,,1.7800473870011047e-05,,
93,5674,,1.9002587578142993e-05,,
93,5675,,2.1475032554008067e-05,,
93,5676,,1.488997986598406e-05,,
93,5677,,1.588913073646836e-05,,
93,5678,,1.3646126717503648e-05,,
93,5679,,1.290376894758083e-05,,
93,5680,,1.5074453585839365e-05,,
93,5681,,1.0297510925738607e-05,,
93,5682,,0.00012775226787198335,,
93,5683,,1.007288483378943e-05,,
93,5684,,1.5178825378825422e-05,,
93,5685,,2.1917081539868377e-05,,
93,5686,,1.5584972061333247e-05,,
93,5687,,1.3487406249623746e-05,,
93,5688,,1.7103755453717895e-05,,
93,5689,,1.1948332939937245e-05,,
93,5690,,1.6263897123280913e-05,,
93,5691,,1.0407085028418805e-05,,
93,5692,,1.5669595086365007e-05,,
93,5693,,1.0426053449918982e-05,,
93,5694,,2.2196969439391978e-05,,
93,5695,,1.2195767340017483e-05,,
93,5696,,1.254252129001543e-05,,
93,5697,,1.036623325489927e-05,,
93,5698,,1.613314998394344e-05,,
93,5699,,1.8814263967215084e-05,,
93,5700,,2.0252382455510087e-05,,
93,5701,,1.836174851632677e-05,,
93,5702,,2.1203304640948772e-05,,
93,5703,,2.8143585950601846e-05,,
93,5704,,1.959326255018823e-05,,
93,5705,,1.7616894183447585e-05,,
93,5706,,1.842285564634949e-05,,
93,5707,,1.4479197488981299e-05,,
93,5708,,1.1647347491816618e-05,,
93,5709,,3.837088297586888e-05,,
93,5710,,1.6667532690917142e-05,,
93,5711,,1.8499258658266626e-05,,
93,5712,,1.3953779671282973e-05,,
93,5713,,1.3283887710713316e-05,,
93,5714,,1.6581007002969272e-05,,
93,5715,,1.4213599570211954e-05,,
93,5716,,1.969819459191058e-05,,
93,5717,,9.674828106653877e-06,,
93,5718,,1.9469900507829152e-05,,
93,5719,,1.0217560884484556e-05,,
93,5720,,1.8007654944085516e-05,,
93,5721,,1.0926230061159004e-05,,
93,5722,,1.5621377315255813e-05,,
93,5723,,1.3955412214272656e-05,,
93,5724,,2.51928940997459e-05,,
93,5725,,2.021918771788478e-05,,
93,5726,,1.6868174498085864e-05,,
93,5727,,1.627029814699199e-05,,
93,5728,,1.3586607565230224e-05,,
93,5729,,1.606148543942254e-05,,
93,5730,,1.2937013707414735e-05,,
93,5731,,1.177228205051506e-05,,
93,5732,,8.822310519462917e-06,,
93,5733,,1.2985259672859684e-05,,
93,5733,,,5.31282901763916,1.4580649803974666e-05
94,5734,,1.8259059288538992e-05,,
94,5735,,1.9084718587691896e-05,,
94,5736,,1.9239416360505857e-05,,
94,5737,,1.6037607565522194e-05,,
94,5738,,2.0338944523246028e-05,,
94,5739,,2.2549542336491868e-05,,
94,5740,,2.4406121156062e-05,,
94,5741,,2.079141813737806e-05,,
94,5742,,2.3401427824865095e-05,,
94,5743,,1.788738154573366e-05,,
94,5744,,1.7107509847846813e-05,,
94,5745,,1.4213932445272803e-05,,
94,5746,,1.3422985830402467e-05,,
94,5747,,1.112134941649856e-05,,
94,5748,,9.389154001837596e-06,,
94,5749,,1.187368525279453e-05,,
94,5750,,2.6263256586389616e-05,,
94,5751,,1.1450243619037792e-05,,
94,5752,,9.24807864066679e-06,,
94,5753,,9.551257790008094e-06,,
94,5754,,9.631686225475278e-06,,
94,5755,,1.709146636130754e-05,,
94,5756,,1.1009643458237406e-05,,
94,5757,,1.468559457862284e-05,,
94,5758,,2.3252936443896033e-05,,
94,5759,,1.0832172847585753e-05,,
94,5760,,1.099536893889308e-05,,
94,5761,,1.5674297173973173e-05,,
94,5762,,6.921126896486385e-06,,
94,5763,,0.00010874342115130275,,
94,5764,,1.1003122381225694e-05,,
94,5765,,1.0763186764961574e-05,,
94,5766,,1.1563395673874766e-05,,
94,5767,,3.8483183743664995e-05,,
94,5768,,2.6301571779185906e-05,,
94,5769,,1.6470823538838886e-05,,
94,5770,,2.3598822735948488e-05,,
94,5771,,1.7828902855399065e-05,,
94,5772,,2.335049612156581e-05,,
94,5773,,2.4389539248659275e-05,,
94,5774,,2.4896522518247366e-05,,
94,5775,,2.8792954253731295e-05,,
94,5776,,2.575152029749006e-05,,
94,5777,,3.75917115889024e-05,,
94,5778,,3.0004888685652986e-05,,
94,5779,,2.16437729250174e-05,,
94,5780,,2.4140250388882123e-05,,
94,5781,,2.794345527945552e-05,,
94,5782,,1.9292741853860207e-05,,
94,5783,,1.6212321497732773e-05,,
94,5784,,1.5311783499782905e-05,,
94,5785,,1.1150586942676455e-05,,
94,5786,,1.823988714022562e-05,,
94,5787,,1.3514250895241275e-05,,
94,5788,,1.7470805687480606e-05,,
94,5789,,1.69314444065094e-05,,
94,5790,,1.9138840798405e-05,,
94,5791,,1.590821375430096e-05,,
94,5792,,1.734386387397535e-05,,
94,5793,,1.9196033463231288e-05,,
94,5794,,2.906359986809548e-05,,
94,5794,,,27.00141143798828,1.6548761777812615e-05
95,5795,,2.2851878384244628e-05,,
95,5796,,2.1876794562558644e-05,,
95,5797,,2.1489344362635165e-05,,
95,5798,,2.176337511627935e-05,,
95,5799,,1.728822462609969e-05,,
95,5800,,1.379713103233371e-05,,
95,5801,,1.725993206491694e-05,,
95,5802,,1.0613747690513264e-05,,
95,5803,,8.225121746363584e-06,,
95,5804,,1.7115913578891195e-05,,
95,5805,,6.320250577118713e-06,,
95,5806,,1.5069379514898174e-05,,
95,5807,,2.0015688278363086e-05,,
95,5808,,1.0641552762535866e-05,,
95,5809,,1.0566466698946897e-05,,
95,5810,,1.2594234249263536e-05,,
95,5811,,1.8042008377960883e-05,,
95,5812,,1.6147705537150614e-05,,
95,5813,,1.9112598238280043e-05,,
95,5814,,1.9208631783840246e-05,,
95,5815,,1.5584582797600888e-05,,
95,5816,,2.106967440340668e-05,,
95,5817,,1.5612098650308326e-05,,
95,5818,,1.3470128578774165e-05,,
95,5819,,1.213036466651829e-05,,
95,5820,,9.238161510438658e-06,,
95,5821,,1.2089019946870394e-05,,
95,5822,,1.3298654266691301e-05,,
95,5823,,1.0423870662634727e-05,,
95,5824,,1.9305174646433443e-05,,
95,5825,,1.242407233803533e-05,,
95,5826,,1.5068653738126159e-05,,
95,5827,,1.7263448171433993e-05,,
95,5828,,1.5610727132298052e-05,,
95,5829,,1.667000469751656e-05,,
95,5830,,1.6552223314647563e-05,,
95,5831,,1.8201462808065116e-05,,
95,5832,,1.535763658466749e-05,,
95,5833,,0.00010032454156316817,,
95,5834,,1.5276997146429494e-05,,
95,5835,,1.4304348951554857e-05,,
95,5836,,1.60016497829929e-05,,
95,5837,,1.6210384274017997e-05,,
95,5838,,1.637488094274886e-05,,
95,5839,,1.428691393812187e-05,,
95,5840,,1.9525454263202846e-05,,
95,5841,,2.992199188156519e-05,,
95,5842,,1.5503632312174886e-05,,
95,5843,,1.717951636237558e-05,,
95,5844,,1.8889746570494026e-05,,
95,5845,,2.034815406659618e-05,,
95,5846,,1.795110438251868e-05,,
95,5847,,1.4554203517036512e-05,,
95,5848,,2.8463127819122747e-05,,
95,5849,,1.2653898920689244e-05,,
95,5850,,1.4772645045013633e-05,,
95,5851,,9.987773410102818e-06,,
95,5852,,1.2597963177540805e-05,,
95,5853,,8.215325578930788e-06,,
95,5854,,1.632327985134907e-05,,
95,5855,,9.645489626564085e-06,,
95,5855,,,11.147709846496582,7.474746780644637e-06
96,5856,,1.2245129255461507e-05,,
96,5857,,1.626764060347341e-05,,
96,5858,,1.3189892342779785e-05,,
96,5859,,1.5301504390663467e-05,,
96,5860,,1.295208312512841e-05,,
96,5861,,1.2236752809258178e-05,,
96,5862,,1.2388492905301973e-05,,
96,5863,,7.957348316267598e-06,,
96,5864,,1.3701254829356913e-05,,
96,5865,,9.868002962321043e-06,,
96,5866,,1.7002423192025162e-05,,
96,5867,,1.7717029550112784e-05,,
96,5868,,1.024468474497553e-05,,
96,5869,,1.0992333045578562e-05,,
96,5870,,1.3529505849874113e-05,,
96,5871,,1.833778151194565e-05,,
96,5872,,1.4294862921815366e-05,,
96,5873,,1.3783497706754133e-05,,
96,5874,,1.0533735803619493e-05,,
96,5875,,0.00010786329949041829,,
96,5876,,1.3408512131718453e-05,,
96,5877,,1.242423604708165e-05,,
96,5878,,1.179864011646714e-05,,
96,5879,,9.349162610305939e-06,,
96,5880,,1.9555986000341363e-05,,
96,5881,,1.160249303211458e-05,,
96,5882,,1.4170012946124189e-05,,
96,5883,,1.782882281986531e-05,,
96,5884,,1.241021618625382e-05,,
96,5885,,1.0228281098534353e-05,,
96,5886,,1.2667591363424435e-05,,
96,5887,,1.2349654753052164e-05,,
96,5888,,1.3204444258008152e-05,,
96,5889,,1.331709609075915e-05,,
96,5890,,1.4775566341995727e-05,,
96,5891,,1.4298746464191936e-05,,
96,5892,,1.3715880413656123e-05,,
96,5893,,1.501716087659588e-05,,
96,5894,,1.1544365406734869e-05,,
96,5895,,1.5496685591642745e-05,,
96,5896,,1.457696907891659e-05,,
96,5897,,8.326624083565548e-06,,
96,5898,,1.4039541383681353e-05,,
96,5899,,7.612102308485191e-06,,
96,5900,,1.808671913750004e-05,,
96,5901,,1.5809624528628774e-05,,
96,5902,,8.354180863534566e-06,,
96,5903,,2.0287003280827776e-05,,
96,5904,,9.337432857137173e-06,,
96,5905,,1.0233167813566979e-05,,
96,5906,,1.1203551366634201e-05,,
96,5907,,1.5134846762521192e-05,,
96,5908,,2.7303532988298684e-05,,
96,5909,,1.62937976710964e-05,,
96,5910,,9.419022717338521e-06,,
96,5911,,8.289164725283626e-06,,
96,5912,,9.762665285961702e-06,,
96,5913,,1.0967215530399699e-05,,
96,5914,,2.311906973773148e-05,,
96,5915,,1.3604990272142459e-05,,
96,5916,,1.4855340850772336e-05,,
96,5916,,,17.96018409729004,1.0808637853187975e-05
97,5917,,2.842218782461714e-05,,
97,5918,,1.7125183148891665e-05,,
97,5919,,1.6144509572768584e-05,,
97,5920,,1.5076306226546876e-05,,
97,5921,,1.5199536392174195e-05,,
97,5922,,1.7112142813857645e-05,,
97,5923,,1.0200202268606517e-05,,
97,5924,,1.1136849934700876e-05,,
97,5925,,1.570960012031719e-05,,
97,5926,,7.104790711309761e-06,,
97,5927,,2.6141460693906993e-05,,
97,5928,,8.89750117494259e-06,,
97,5929,,9.904688340611756e-06,,
97,5930,,1.904049531731289e-05,,
97,5931,,1.21318062156206e-05,,
97,5932,,1.470392362534767e-05,,
97,5933,,1.2215929928061087e-05,,
97,5934,,1.3120332368998788e-05,,
97,5935,,1.2094257726857904e-05,,
97,5936,,1.2922158930450678e-05,,
97,5937,,1.0164618288399652e-05,,
97,5938,,1.2618723303603474e-05,,
97,5939,,1.191588398796739e-05,,
97,5940,,1.0050503988168202e-05,,
97,5941,,2.1503032257896848e-05,,
97,5942,,1.106789022742305e-05,,
97,5943,,1.3190731806389522e-05,,
97,5944,,1.70422499650158e-05,,
97,5945,,1.427101142326137e-05,,
97,5946,,1.5452153093065135e-05,,
97,5947,,1.669906487222761e-05,,
97,5948,,1.0643977475410793e-05,,
97,5949,,1.113945290853735e-05,,
97,5950,,7.857929631427396e-06,,
97,5951,,2.9481378078344278e-05,,
97,5952,,1.5710258594481274e-05,,
97,5953,,1.4671855751657858e-05,,
97,5954,,1.4505050785373896e-05,,
97,5955,,1.2161403901700396e-05,,
97,5956,,1.6584624972892925e-05,,
97,5957,,1.555081871629227e-05,,
97,5958,,1.4294463653641287e-05,,
97,5959,,1.84825221367646e-05,,
97,5960,,1.5900272046565078e-05,,
97,5961,,1.980996057682205e-05,,
97,5962,,9.200143540510908e-05,,
97,5963,,8.52956418384565e-06,,
97,5964,,9.434650564799085e-06,,
97,5965,,1.3416717592917848e-05,,
97,5966,,2.6789810362970456e-05,,
97,5967,,1.295699166803388e-05,,
97,5968,,2.2277796233538538e-05,,
97,5969,,1.8449462004355155e-05,,
97,5970,,1.85612661880441e-05,,
97,5971,,1.9771843653870746e-05,,
97,5972,,2.0250519810360856e-05,,
97,5973,,2.1587955416180193e-05,,
97,5974,,2.2671280021313578e-05,,
97,5975,,2.1797744921059348e-05,,
97,5976,,2.3556422092951834e-05,,
97,5977,,2.175426016037818e-05,,
97,5977,,,21.34378433227539,1.2988271009817254e-05
98,5978,,1.9111859728582203e-05,,
98,5979,,1.4316568922367878e-05,,
98,5980,,1.4429299881157931e-05,,
98,5981,,1.1968390936090145e-05,,
98,5982,,1.0048022886621766e-05,,
98,5983,,1.4748879948456306e-05,,
98,5984,,3.0089384381426498e-05,,
98,5985,,8.884136150300037e-06,,
98,5986,,1.1940644981223159e-05,,
98,5987,,0.00010175787610933185,,
98,5988,,1.5687799532315694e-05,,
98,5989,,1.2770881767210085e-05,,
98,5990,,1.2900088222522754e-05,,
98,5991,,1.655498635955155e-05,,
98,5992,,1.2639467968256213e-05,,
98,5993,,1.5582123523927294e-05,,
98,5994,,1.6175226846826263e-05,,
98,5995,,1.717315535643138e-05,,
98,5996,,1.0084271707455628e-05,,
98,5997,,1.3232004675955977e-05,,
98,5998,,2.1172594642848708e-05,,
98,5999,,8.721142876311205e-06,,
98,6000,,1.3166909411665983e-05,,
98,6001,,1.1802276276284829e-05,,
98,6002,,1.3217665582487825e-05,,
98,6003,,1.204024829348782e-05,,
98,6004,,1.565837192174513e-05,,
98,6005,,1.0982009371218737e-05,,
98,6006,,1.1694199201883748e-05,,
98,6007,,1.1377650480426382e-05,,
98,6008,,1.6456342564197257e-05,,
98,6009,,1.3635315553983673e-05,,
98,6010,,1.3083878911857028e-05,,
98,6011,,1.2875446373072919e-05,,
98,6012,,1.1046282452298328e-05,,
98,6013,,1.5299265214707702e-05,,
98,6014,,1.656843778619077e-05,,
98,6015,,1.59063874889398e-05,,
98,6016,,1.3316014701558743e-05,,
98,6017,,1.2686038644460496e-05,,
98,6018,,9.808435606828425e-06,,
98,6019,,1.051903745974414e-05,,
98,6020,,9.214967576554045e-06,,
98,6021,,9.883559869194869e-06,,
98,6022,,9.115226930589415e-06,,
98,6023,,9.732970283948816e-06,,
98,6024,,2.025236244662665e-05,,
98,6025,,7.665501470910385e-06,,
98,6026,,1.3785333067062311e-05,,
98,6027,,1.5875646568019874e-05,,
98,6028,,9.780137588677462e-06,,
98,6029,,7.4356953518872615e-06,,
98,6030,,9.215676072926726e-06,,
98,6031,,1.5209111552394461e-05,,
98,6032,,2.030372888839338e-05,,
98,6033,,1.6444937500637025e-05,,
98,6034,,1.681186222413089e-05,,
98,6035,,1.236469870491419e-05,,
98,6036,,1.1351549801474903e-05,,
98,6037,,1.8665270545170642e-05,,
98,6038,,1.2854410670115612e-05,,
98,6038,,,10.135680198669434,6.371103609126294e-06
99,6039,,1.3379989468376152e-05,,
99,6040,,1.3966271581011824e-05,,
99,6041,,1.329169754171744e-05,,
99,6042,,1.442711436538957e-05,,
99,6043,,1.2202514881209936e-05,,
99,6044,,1.0139325240743347e-05,,
99,6045,,9.382621101394761e-06,,
99,6046,,1.2202714060549624e-05,,
99,6047,,1.798252014850732e-05,,
99,6048,,1.1996908142464235e-05,,
99,6049,,8.783366865827702e-06,,
99,6050,,9.269961992686149e-06,,
99,6051,,9.236681762558874e-06,,
99,6052,,1.5834484656807035e-05,,
99,6053,,8.521326890331693e-06,,
99,6054,,8.446303581877146e-06,,
99,6055,,1.1247076145082247e-05,,
99,6056,,1.223798517457908e-05,,
99,6057,,1.0240777555736713e-05,,
99,6058,,1.7740007024258375e-05,,
99,6059,,1.0824241144291591e-05,,
99,6060,,1.9950957721448503e-05,,
99,6061,,1.2346360563242342e-05,,
99,6062,,1.0284018571837805e-05,,
99,6063,,8.994889867608435e-06,,
99,6064,,8.7943435573834e-06,,
99,6065,,1.3466002201312222e-05,,
99,6066,,3.833494338323362e-05,,
99,6067,,1.127599989558803e-05,,
99,6068,,8.818525384413078e-05,,
99,6069,,1.2089270967408083e-05,,
99,6070,,1.3464646144711878e-05,,
99,6071,,1.486637756897835e-05,,
99,6072,,1.586451799084898e-05,,
99,6073,,1.4313824067357928e-05,,
99,6074,,1.3651756489707623e-05,,
99,6075,,1.6094360034912825e-05,,
99,6076,,1.1900050594704226e-05,,
99,6077,,1.550831802887842e-05,,
99,6078,,2.415299240965396e-05,,
99,6079,,1.7033982658176683e-05,,
99,6080,,1.87873411050532e-05,,
99,6081,,2.563971975177992e-05,,
99,6082,,1.4125779671303462e-05,,
99,6083,,2.3126911401050165e-05,,
99,6084,,9.663154742156621e-06,,
99,6085,,1.4953618119761813e-05,,
99,6086,,1.0454614312038757e-05,,
99,6087,,1.4404409739654511e-05,,
99,6088,,7.470424861821812e-06,,
99,6089,,2.1097472199471667e-05,,
99,6090,,1.5643965525669046e-05,,
99,6091,,1.8221044228994288e-05,,
99,6092,,2.3223785319714807e-05,,
99,6093,,1.2989052265766077e-05,,
99,6094,,1.3345497791306116e-05,,
99,6095,,1.6791333109722473e-05,,
99,6096,,1.703025736787822e-05,,
99,6097,,1.9043684005737305e-05,,
99,6098,,2.1637330064550042e-05,,
99,6099,,1.1220895430597011e-05,,
99,6099,,,5.4312920570373535,1.41942318805377e-05
100,6100,12.398874282836914,,,
